sample_index,attribute,subset,mass
0,SL,Vi,0.9539175768956903
0,SL,Vi|Ve,0.046082423090286935
0,SL,Vi|Ve|Se,1.402274211720951e-11
0,SW,Ve,0.510969554695572
0,SW,Ve|Vi,0.3614618492388007
0,SW,Ve|Vi|Se,0.1275685960656273
0,PL,Vi,0.9996245593153719
0,PL,Vi|Ve,0.00037544068462811033
0,PL,Vi|Ve|Se,1.8931896465319284e-182
0,PW,Vi,0.9870025725315742
0,PW,Vi|Ve,0.012997427468425884
0,PW,Vi|Ve|Se,1.1378345289808216e-59
1,SL,Se,0.9566602257783069
1,SL,Se|Ve,0.03322802787713901
1,SL,Se|Ve|Vi,0.010111746344554197
1,SW,Se,0.5425066126079543
1,SW,Se|Vi,0.3833089595751722
1,SW,Se|Vi|Ve,0.07418442781687357
1,PL,Se,0.9999999996406019
1,PL,Se|Ve,3.590790785761085e-10
1,PL,Se|Ve|Vi,3.1889448173256434e-13
1,PW,Se,0.9999996424747034
1,PW,Se|Ve,3.5749258128456024e-07
1,PW,Se|Ve|Vi,3.27153023025682e-11
2,SL,Ve,0.6007073307635087
2,SL,Ve|Se,0.21941008946913426
2,SL,Ve|Se|Vi,0.17988257976735686
2,SW,Ve,0.5720219613025594
2,SW,Ve|Vi,0.3279502101047979
2,SW,Ve|Vi|Se,0.10002782859264281
2,PL,Ve,0.9668732922561394
2,PL,Ve|Vi,0.03312670774386055
2,PL,Ve|Vi|Se,2.1423080331419388e-63
2,PW,Ve,0.9904648882682775
2,PW,Ve|Vi,0.009535111731722461
2,PW,Ve|Vi|Se,1.096685810382796e-24
3,SL,Ve,0.6641568207362473
3,SL,Ve|Vi,0.21793306127829778
3,SL,Ve|Vi|Se,0.11791011798545492
3,SW,Ve,0.4382589192224398
3,SW,Ve|Vi,0.39601823692473465
3,SW,Ve|Vi|Se,0.16572284385282557
3,PL,Ve,0.9668732922561394
3,PL,Ve|Vi,0.03312670774386055
3,PL,Ve|Vi|Se,2.1423080331419388e-63
3,PW,Ve,0.9904648882682775
3,PW,Ve|Vi,0.009535111731722461
3,PW,Ve|Vi|Se,1.096685810382796e-24
4,SL,Se,0.8822363384911927
4,SL,Se|Ve,0.0944537474396383
4,SL,Se|Ve|Vi,0.02330991406916893
4,SW,Se,0.5425066126079543
4,SW,Se|Vi,0.3833089595751722
4,SW,Se|Vi|Ve,0.07418442781687357
4,PL,Se,0.9999999933871734
4,PL,Se|Ve,6.60825827584403e-09
4,PL,Se|Ve|Vi,4.568366845850139e-12
4,PW,Se,0.9999841375366847
4,PW,Se|Ve,1.5861167880010172e-05
4,PW,Se|Ve|Vi,1.2954352764926253e-09
5,SL,Se,0.8822363384911927
5,SL,Se|Ve,0.0944537474396383
5,SL,Se|Ve|Vi,0.02330991406916893
5,SW,Vi,0.4263776494583434
5,SW,Vi|Ve,0.35681966853495284
5,SW,Vi|Ve|Se,0.2168026820067038
5,PL,Se,0.9999999933871734
5,PL,Se|Ve,6.60825827584403e-09
5,PL,Se|Ve|Vi,4.568366845850139e-12
5,PW,Se,0.9999999835624518
5,PW,Se|Ve,1.6435631266425036e-08
5,PW,Se|Ve|Vi,1.916838733879574e-12
6,SL,Se,0.8327058798828001
6,SL,Se|Ve,0.13444695861459552
6,SL,Se|Ve|Vi,0.03284716150260436
6,SW,Se,0.8502831181574831
6,SW,Se|Vi,0.14596364240072165
6,SW,Se|Vi|Ve,0.0037532394417952113
6,PL,Se,0.9999999987020356
6,PL,Se|Ve,1.296958102552452e-09
6,PL,Se|Ve|Vi,1.0062834792131498e-12
6,PW,Se,0.9999996424747034
6,PW,Se|Ve,3.5749258128456024e-07
6,PW,Se|Ve|Vi,3.27153023025682e-11
7,SL,Se,0.9642416043208745
7,SL,Se|Ve,0.026024202525143758
7,SL,Se|Ve|Vi,0.0097341931539817
7,SW,Ve,0.4382589192224398
7,SW,Ve|Vi,0.39601823692473465
7,SW,Ve|Vi|Se,0.16572284385282557
7,PL,Se,0.9999999996406019
7,PL,Se|Ve,3.590790785761085e-10
7,PL,Se|Ve|Vi,3.1889448173256434e-13
7,PW,Se,0.9999999835624518
7,PW,Se|Ve,1.6435631266425036e-08
7,PW,Se|Ve|Vi,1.916838733879574e-12
8,SL,Vi,0.9079363149348073
8,SL,Vi|Ve,0.09206368441070638
8,SL,Vi|Ve|Se,6.544862993918918e-10
8,SW,Vi,0.4263776494583434
8,SW,Vi|Ve,0.35681966853495284
8,SW,Vi|Ve|Se,0.2168026820067038
8,PL,Vi,0.9964490026072482
8,PL,Vi|Ve,0.0035509973927519123
8,PL,Vi|Ve|Se,1.2548293655596332e-159
8,PW,Ve,0.676114879588453
8,PW,Ve|Vi,0.323885120411547
8,PW,Ve|Vi|Se,5.205039269812065e-40
9,SL,Vi,0.6750763196389862
9,SL,Vi|Ve,0.324921217456887
9,SL,Vi|Ve|Se,2.462904126810178e-06
9,SW,Se,0.4494354947179557
9,SW,Se|Vi,0.42548466578186495
9,SW,Se|Vi|Ve,0.12507983950017942
9,PL,Vi,0.9927988118318049
9,PL,Vi|Ve,0.007201188168195202
9,PL,Vi|Ve|Se,2.44727179982791e-152
9,PW,Vi,0.9997638703755418
9,PW,Vi|Ve,0.00023612962445809771
9,PW,Vi|Ve|Se,6.376996755488068e-75
10,SL,Se,0.8327058798828001
10,SL,Se|Ve,0.13444695861459552
10,SL,Se|Ve|Vi,0.03284716150260436
10,SW,Se,0.8502831181574831
10,SW,Se|Vi,0.14596364240072165
10,SW,Se|Vi|Ve,0.0037532394417952113
10,PL,Se,0.9999999933871734
10,PL,Se|Ve,6.60825827584403e-09
10,PL,Se|Ve|Vi,4.568366845850139e-12
10,PW,Se,0.9999999835624518
10,PW,Se|Ve,1.6435631266425036e-08
10,PW,Se|Ve|Vi,1.916838733879574e-12
11,SL,Vi,0.7328015719948213
11,SL,Vi|Ve,0.2671978709585375
11,SL,Vi|Ve|Se,5.570466411934499e-07
11,SW,Vi,0.4263776494583434
11,SW,Vi|Ve,0.35681966853495284
11,SW,Vi|Ve|Se,0.2168026820067038
11,PL,Vi,0.9724527934422459
11,PL,Vi|Ve,0.02754720655775408
11,PL,Vi|Ve|Se,3.0839062607177215e-138
11,PW,Vi,0.9997638703755418
11,PW,Vi|Ve,0.00023612962445809771
11,PW,Vi|Ve|Se,6.376996755488068e-75
12,SL,Ve,0.6641568207362473
12,SL,Ve|Vi,0.21793306127829778
12,SL,Ve|Vi|Se,0.11791011798545492
12,SW,Ve,0.6207476956655603
12,SW,Ve|Vi,0.2985949165534134
12,SW,Ve|Vi|Se,0.08065738778102631
12,PL,Ve,0.9967716941995264
12,PL,Ve|Vi,0.0032283058004735315
12,PL,Ve|Vi|Se,2.247367515359899e-34
12,PW,Ve,0.9993840531407014
12,PW,Ve|Vi,0.0006159468566955752
12,PW,Ve|Vi|Se,2.6029207446396067e-12
13,SL,Vi,0.7328015719948213
13,SL,Vi|Ve,0.2671978709585375
13,SL,Vi|Ve|Se,5.570466411934499e-07
13,SW,Vi,0.44659518560242617
13,SW,Vi|Se,0.3607800448256765
13,SW,Vi|Se|Ve,0.19262476957189734
13,PL,Vi,0.9982861922354752
13,PL,Vi|Ve,0.0017138077645248368
13,PL,Vi|Ve|Se,4.464376138478067e-167
13,PW,Vi,0.9999974688546558
13,PW,Vi|Ve,2.531145344156422e-06
13,PW,Vi|Ve|Se,1.2179835211464836e-91
14,SL,Ve,0.6641568207362473
14,SL,Ve|Vi,0.21793306127829778
14,SL,Ve|Vi|Se,0.11791011798545492
14,SW,Vi,0.4263776494583434
14,SW,Vi|Ve,0.35681966853495284
14,SW,Vi|Ve|Se,0.2168026820067038
14,PL,Ve,0.9668732922561394
14,PL,Ve|Vi,0.03312670774386055
14,PL,Ve|Vi|Se,2.1423080331419388e-63
14,PW,Ve,0.9966254555574434
14,PW,Ve|Vi,0.0033745444425565523
14,PW,Ve|Vi|Se,2.99360408208561e-20
15,SL,Vi,0.6750763196389862
15,SL,Vi|Ve,0.324921217456887
15,SL,Vi|Ve|Se,2.462904126810178e-06
15,SW,Vi,0.4455497020940194
15,SW,Vi|Se,0.282089366344787
15,SW,Vi|Se|Ve,0.2723609315611937
15,PL,Ve,0.9257215976299514
15,PL,Ve|Vi,0.07427840237004855
15,PL,Ve|Vi|Se,4.7783089114038256e-73
15,PW,Ve,0.969808231606004
15,PW,Ve|Vi,0.03019176839399598
15,PW,Ve|Vi|Se,1.940484724203992e-29
16,SL,Se,0.5118488393601172
16,SL,Se|Ve,0.38669238349652785
16,SL,Se|Ve|Vi,0.10145877714335497
16,SW,Se,0.5425066126079543
16,SW,Se|Vi,0.3833089595751722
16,SW,Se|Vi|Ve,0.07418442781687357
16,PL,Se,0.9999999987020356
16,PL,Se|Ve,1.296958102552452e-09
16,PL,Se|Ve|Vi,1.0062834792131498e-12
16,PW,Se,0.9999841375366847
16,PW,Se|Ve,1.5861167880010172e-05
16,PW,Se|Ve|Vi,1.2954352764926253e-09
17,SL,Se,0.5118488393601172
17,SL,Se|Ve,0.38669238349652785
17,SL,Se|Ve|Vi,0.10145877714335497
17,SW,Se,0.8968688377087173
17,SW,Se|Vi,0.10168355737937246
17,SW,Se|Vi|Ve,0.0014476049119103531
17,PL,Se,0.9999999998596122
17,PL,Se|Ve,1.4024244551665107e-10
17,PL,Se|Ve|Vi,1.4539214940897287e-13
17,PW,Se,0.9999841375366847
17,PW,Se|Ve,1.5861167880010172e-05
17,PW,Se|Ve|Vi,1.2954352764926253e-09
18,SL,Ve,0.5986367883268339
18,SL,Ve|Vi,0.4000368694976555
18,SL,Ve|Vi|Se,0.0013263421755107454
18,SW,Ve,0.510969554695572
18,SW,Ve|Vi,0.3614618492388007
18,SW,Ve|Vi|Se,0.1275685960656273
18,PL,Ve,0.6421666429822692
18,PL,Ve|Vi,0.35783335701773084
18,PL,Ve|Vi|Se,2.896837555685844e-94
18,PW,Vi,0.9250167303783353
18,PW,Vi|Ve,0.07498326962166477
18,PW,Vi|Ve|Se,1.282852247040389e-52
19,SL,Ve,0.6641568207362473
19,SL,Ve|Vi,0.21793306127829778
19,SL,Ve|Vi|Se,0.11791011798545492
19,SW,Se,0.9902188740699087
19,SW,Se|Vi,0.0097768194764007
19,SW,Se|Vi|Ve,4.306453690633015e-06
19,PL,Se,0.9999999987020356
19,PL,Se|Ve,1.296958102552452e-09
19,PL,Se|Ve|Vi,1.0062834792131498e-12
19,PW,Se,0.9999841375366847
19,PW,Se|Ve,1.5861167880010172e-05
19,PW,Se|Ve|Vi,1.2954352764926253e-09
20,SL,Se,0.8327058798828001
20,SL,Se|Ve,0.13444695861459552
20,SL,Se|Ve|Vi,0.03284716150260436
20,SW,Se,0.633747580665336
20,SW,Se|Vi,0.3261148827195735
20,SW,Se|Vi|Ve,0.040137536615090535
20,PL,Se,0.9999999996406019
20,PL,Se|Ve,3.590790785761085e-10
20,PL,Se|Ve|Vi,3.1889448173256434e-13
20,PW,Se,0.9999996424747034
20,PW,Se|Ve,3.5749258128456024e-07
20,PW,Se|Ve|Vi,3.27153023025682e-11
21,SL,Ve,0.6007073307635087
21,SL,Ve|Se,0.21941008946913426
21,SL,Ve|Se|Vi,0.17988257976735686
21,SW,Ve,0.510969554695572
21,SW,Ve|Vi,0.3614618492388007
21,SW,Ve|Vi|Se,0.1275685960656273
21,PL,Ve,0.512776156323494
21,PL,Ve|Vi,0.4872238436765061
21,PL,Ve|Vi|Se,5.321310831818793e-100
21,PW,Vi,0.9981226924405683
21,PW,Vi|Ve,0.0018773075594316884
21,PW,Vi|Ve|Se,4.1226089893558554e-67
22,SL,Ve,0.4999668087897515
22,SL,Ve|Vi,0.4998996709981979
22,SL,Ve|Vi|Se,0.00013352021205052174
22,SW,Vi,0.4455497020940194
22,SW,Vi|Se,0.282089366344787
22,SW,Vi|Se|Ve,0.2723609315611937
22,PL,Vi,0.9724527934422459
22,PL,Vi|Ve,0.02754720655775408
22,PL,Vi|Ve|Se,3.0839062607177215e-138
22,PW,Vi,0.9250167303783353
22,PW,Vi|Ve,0.07498326962166477
22,PW,Vi|Ve|Se,1.282852247040389e-52
23,SL,Ve,0.6384655979854917
23,SL,Ve|Vi,0.35776432958203436
23,SL,Ve|Vi|Se,0.0037700724324739874
23,SW,Ve,0.510969554695572
23,SW,Ve|Vi,0.3614618492388007
23,SW,Ve|Vi|Se,0.1275685960656273
23,PL,Ve,0.750031207786821
23,PL,Ve|Vi,0.24996879221317894
23,PL,Ve|Vi|Se,1.0426589641689092e-88
23,PW,Ve,0.9966254555574434
23,PW,Ve|Vi,0.0033745444425565523
23,PW,Ve|Vi|Se,2.99360408208561e-20
24,SL,Se,0.9349733060825682
24,SL,Se|Ve,0.051407593331375435
24,SL,Se|Ve|Vi,0.013619100586056357
24,SW,Vi,0.4263776494583434
24,SW,Vi|Ve,0.35681966853495284
24,SW,Vi|Ve|Se,0.2168026820067038
24,PL,Se,0.9999999996406019
24,PL,Se|Ve,3.590790785761085e-10
24,PL,Se|Ve|Vi,3.1889448173256434e-13
24,PW,Se,0.9999999984583939
24,PW,Se|Ve,1.5413455259339025e-09
24,PW,Se|Ve|Vi,2.605711900261124e-13
25,SL,Vi,0.8340962171091758
25,SL,Vi|Ve,0.16590376049050073
25,SL,Vi|Ve|Se,2.240032350723332e-08
25,SW,Vi,0.44659518560242617
25,SW,Vi|Se,0.3607800448256765
25,SW,Vi|Se|Ve,0.19262476957189734
25,PL,Ve,0.750031207786821
25,PL,Ve|Vi,0.24996879221317894
25,PL,Ve|Vi|Se,1.0426589641689092e-88
25,PW,Ve,0.969808231606004
25,PW,Ve|Vi,0.03019176839399598
25,PW,Ve|Vi|Se,1.940484724203992e-29
26,SL,Se,0.9349733060825682
26,SL,Se|Ve,0.051407593331375435
26,SL,Se|Ve|Vi,0.013619100586056357
26,SW,Vi,0.4263776494583434
26,SW,Vi|Ve,0.35681966853495284
26,SW,Vi|Ve|Se,0.2168026820067038
26,PL,Se,0.9999999996406019
26,PL,Se|Ve,3.590790785761085e-10
26,PL,Se|Ve|Vi,3.1889448173256434e-13
26,PW,Se,0.9999996424747034
26,PW,Se|Ve,3.5749258128456024e-07
26,PW,Se|Ve|Vi,3.27153023025682e-11
27,SL,Ve,0.4999668087897515
27,SL,Ve|Vi,0.4998996709981979
27,SL,Ve|Vi|Se,0.00013352021205052174
27,SW,Ve,0.4382589192224398
27,SW,Ve|Vi,0.39601823692473465
27,SW,Ve|Vi|Se,0.16572284385282557
27,PL,Ve,0.9506436991082469
27,PL,Ve|Vi,0.04935630089175305
27,PL,Ve|Vi|Se,3.81831864491978e-68
27,PW,Ve,0.9904648882682775
27,PW,Ve|Vi,0.009535111731722461
27,PW,Ve|Vi|Se,1.096685810382796e-24
28,SL,Vi,0.7864151199827887
28,SL,Vi|Ve,0.21358476372804666
28,SL,Vi|Ve|Se,1.1628916451981823e-07
28,SW,Vi,0.4455497020940194
28,SW,Vi|Se,0.282089366344787
28,SW,Vi|Se|Ve,0.2723609315611937
28,PL,Vi,0.9484483345243874
28,PL,Vi|Ve,0.051551665475612726
28,PL,Vi|Ve|Se,1.9769777779300712e-131
28,PW,Vi,0.9997638703755418
28,PW,Vi|Ve,0.00023612962445809771
28,PW,Vi|Ve|Se,6.376996755488068e-75
29,SL,Se,0.8327058798828001
29,SL,Se|Ve,0.13444695861459552
29,SL,Se|Ve|Vi,0.03284716150260436
29,SW,Se,0.633747580665336
29,SW,Se|Vi,0.3261148827195735
29,SW,Se|Vi|Ve,0.040137536615090535
29,PL,Se,0.9999999996406019
29,PL,Se|Ve,3.590790785761085e-10
29,PL,Se|Ve|Vi,3.1889448173256434e-13
29,PW,Se,0.9999999835624518
29,PW,Se|Ve,1.6435631266425036e-08
29,PW,Se|Ve|Vi,1.916838733879574e-12
30,SL,Ve,0.6907788373608538
30,SL,Ve|Vi,0.2526202747576383
30,SL,Ve|Vi|Se,0.056600887881507765
30,SW,Ve,0.5720219613025594
30,SW,Ve|Vi,0.3279502101047979
30,SW,Ve|Vi|Se,0.10002782859264281
30,PL,Ve,0.9890420310228591
30,PL,Ve|Vi,0.01095796897714081
30,PL,Ve|Vi|Se,4.667484660572609e-50
30,PW,Ve,0.9966254555574434
30,PW,Ve|Vi,0.0033745444425565523
30,PW,Ve|Vi|Se,2.99360408208561e-20
31,SL,Se,0.9143114499963834
31,SL,Se|Ve,0.06835725999715632
31,SL,Se|Ve|Vi,0.017331290006460266
31,SW,Vi,0.4455497020940194
31,SW,Vi|Se,0.282089366344787
31,SW,Vi|Se|Ve,0.2723609315611937
31,PL,Se,0.9999999987020356
31,PL,Se|Ve,1.296958102552452e-09
31,PL,Se|Ve|Vi,1.0062834792131498e-12
31,PW,Se,0.9999999984583939
31,PW,Se|Ve,1.5413455259339025e-09
31,PW,Se|Ve|Vi,2.605711900261124e-13
32,SL,Vi,0.6750763196389862
32,SL,Vi|Ve,0.324921217456887
32,SL,Vi|Ve|Se,2.462904126810178e-06
32,SW,Vi,0.4455497020940194
32,SW,Vi|Se,0.282089366344787
32,SW,Vi|Se|Ve,0.2723609315611937
32,PL,Ve,0.750031207786821
32,PL,Ve|Vi,0.24996879221317894
32,PL,Ve|Vi|Se,1.0426589641689092e-88
32,PW,Ve,0.8972580121947483
32,PW,Ve|Vi,0.10274198780525168
32,PW,Ve|Vi|Se,1.5904810522369183e-34
33,SL,Se,0.9566602257783069
33,SL,Se|Ve,0.03322802787713901
33,SL,Se|Ve|Vi,0.010111746344554197
33,SW,Vi,0.44659518560242617
33,SW,Vi|Se,0.3607800448256765
33,SW,Vi|Se|Ve,0.19262476957189734
33,PL,Se,0.9999999996406019
33,PL,Se|Ve,3.590790785761085e-10
33,PL,Se|Ve|Vi,3.1889448173256434e-13
33,PW,Se,0.9999999835624518
33,PW,Se|Ve,1.6435631266425036e-08
33,PW,Se|Ve|Vi,1.916838733879574e-12
34,SL,Vi,0.9862008587996451
34,SL,Vi|Ve,0.013799141200329617
34,SL,Vi|Ve|Se,2.522159554492037e-14
34,SW,Ve,0.6207476956655603
34,SW,Ve|Vi,0.2985949165534134
34,SW,Ve|Vi|Se,0.08065738778102631
34,PL,Vi,0.9999996082511143
34,PL,Vi|Ve,3.9174888567199706e-07
34,PL,Vi|Ve|Se,2.924149155871545e-250
34,PW,Vi,0.9999974688546558
34,PW,Vi|Ve,2.531145344156422e-06
34,PW,Vi|Ve|Se,1.2179835211464836e-91
35,SL,Ve,0.6907788373608538
35,SL,Ve|Vi,0.2526202747576383
35,SL,Ve|Vi|Se,0.056600887881507765
35,SW,Ve,0.5720219613025594
35,SW,Ve|Vi,0.3279502101047979
35,SW,Ve|Vi|Se,0.10002782859264281
35,PL,Vi,0.7455883545293313
35,PL,Vi|Ve,0.25441164547066886
35,PL,Vi|Ve|Se,4.9771647317519735e-112
35,PW,Vi,0.9870025725315742
35,PW,Vi|Ve,0.012997427468425884
35,PW,Vi|Ve|Se,1.1378345289808216e-59
36,SL,Vi,0.7328015719948213
36,SL,Vi|Ve,0.2671978709585375
36,SL,Vi|Ve|Se,5.570466411934499e-07
36,SW,Ve,0.510969554695572
36,SW,Ve|Vi,0.3614618492388007
36,SW,Ve|Vi|Se,0.1275685960656273
36,PL,Ve,0.6421666429822692
36,PL,Ve|Vi,0.35783335701773084
36,PL,Ve|Vi|Se,2.896837555685844e-94
36,PW,Ve,0.969808231606004
36,PW,Ve|Vi,0.03019176839399598
36,PW,Ve|Vi|Se,1.940484724203992e-29
37,SL,Ve,0.6384655979854917
37,SL,Ve|Vi,0.35776432958203436
37,SL,Ve|Vi|Se,0.0037700724324739874
37,SW,Vi,0.4263776494583434
37,SW,Vi|Ve,0.35681966853495284
37,SW,Vi|Ve|Se,0.2168026820067038
37,PL,Ve,0.8310526090357083
37,PL,Ve|Vi,0.1689473909642917
37,PL,Ve|Vi|Se,2.5236354565122926e-83
37,PW,Ve,0.969808231606004
37,PW,Ve|Vi,0.03019176839399598
37,PW,Ve|Vi|Se,1.940484724203992e-29
38,SL,Se,0.9349733060825682
38,SL,Se|Ve,0.051407593331375435
38,SL,Se|Ve|Vi,0.013619100586056357
38,SW,Se,0.5425066126079543
38,SW,Se|Vi,0.3833089595751722
38,SW,Se|Vi|Ve,0.07418442781687357
38,PL,Se,0.9999931078302317
38,PL,Se|Ve,6.888379393267498e-06
38,PL,Se|Ve|Vi,3.790375017237176e-09
38,PW,Se,0.9999999835624518
38,PW,Se|Ve,1.6435631266425036e-08
38,PW,Se|Ve|Vi,1.916838733879574e-12
39,SL,Ve,0.6907788373608538
39,SL,Ve|Vi,0.2526202747576383
39,SL,Ve|Vi|Se,0.056600887881507765
39,SW,Ve,0.5720219613025594
39,SW,Ve|Vi,0.3279502101047979
39,SW,Ve|Vi|Se,0.10002782859264281
39,PL,Vi,0.7455883545293313
39,PL,Vi|Ve,0.25441164547066886
39,PL,Vi|Ve|Se,4.9771647317519735e-112
39,PW,Vi,0.9870025725315742
39,PW,Vi|Ve,0.012997427468425884
39,PW,Vi|Ve|Se,1.1378345289808216e-59
40,SL,Vi,0.9944032105822722
40,SL,Vi|Ve,0.005596789417727491
40,SL,Vi|Ve|Se,2.609340662827613e-16
40,SW,Se,0.8502831181574831
40,SW,Se|Vi,0.14596364240072165
40,SW,Se|Vi|Ve,0.0037532394417952113
40,PL,Vi,0.9999668396621882
40,PL,Vi|Ve,3.31603378118533e-05
40,PL,Vi|Ve|Se,1.0785207535129447e-206
40,PW,Vi,0.9981226924405683
40,PW,Vi|Ve,0.0018773075594316884
40,PW,Vi|Ve|Se,4.1226089893558554e-67
41,SL,Vi,0.5564206849492278
41,SL,Vi|Ve,0.44354126320422416
41,SL,Vi|Ve|Se,3.805184654809593e-05
41,SW,Ve,0.510969554695572
41,SW,Ve|Vi,0.3614618492388007
41,SW,Ve|Vi|Se,0.1275685960656273
41,PL,Ve,0.8310526090357083
41,PL,Ve|Vi,0.1689473909642917
41,PL,Ve|Vi|Se,2.5236354565122926e-83
41,PW,Ve,0.8972580121947483
41,PW,Ve|Vi,0.10274198780525168
41,PW,Ve|Vi|Se,1.5904810522369183e-34
42,SL,Se,0.9617084201056916
42,SL,Se|Ve,0.028692735590683992
42,SL,Se|Ve|Vi,0.009598844303624439
42,SW,Ve,0.7013922401771936
42,SW,Ve|Vi,0.24530811217747905
42,SW,Ve|Vi|Se,0.053299647645327505
42,PL,Se,0.9999999998596122
42,PL,Se|Ve,1.4024244551665107e-10
42,PL,Se|Ve|Vi,1.4539214940897287e-13
42,PW,Se,0.9999996424747034
42,PW,Se|Ve,3.5749258128456024e-07
42,PW,Se|Ve|Vi,3.27153023025682e-11
43,SL,Vi,0.9789440918398622
43,SL,Vi|Ve,0.02105590815991486
43,SL,Vi|Ve|Se,2.2296405790708294e-13
43,SW,Vi,0.4263776494583434
43,SW,Vi|Ve,0.35681966853495284
43,SW,Vi|Ve|Se,0.2168026820067038
43,PL,Vi,0.9999940405314902
43,PL,Vi|Ve,5.959468509752604e-06
43,PL,Vi|Ve|Se,1.2023229896527485e-223
43,PW,Vi,0.9997638703755418
43,PW,Vi|Ve,0.00023612962445809771
43,PW,Vi|Ve|Se,6.376996755488068e-75
44,SL,Ve,0.6641568207362473
44,SL,Ve|Vi,0.21793306127829778
44,SL,Ve|Vi|Se,0.11791011798545492
44,SW,Ve,0.6577902426590317
44,SW,Ve|Vi,0.2748346472212462
44,SW,Ve|Vi|Se,0.06737511011972205
44,PL,Vi,0.6229803670187051
44,PL,Vi|Ve,0.37701963298129476
44,PL,Vi|Ve|Se,6.38034723053441e-106
44,PW,Vi,0.9981226924405683
44,PW,Vi|Ve,0.0018773075594316884
44,PW,Vi|Ve|Se,4.1226089893558554e-67
45,SL,Se,0.8327058798828001
45,SL,Se|Ve,0.13444695861459552
45,SL,Se|Ve|Vi,0.03284716150260436
45,SW,Se,0.5425066126079543
45,SW,Se|Vi,0.3833089595751722
45,SW,Se|Vi|Ve,0.07418442781687357
45,PL,Se,0.9999999987020356
45,PL,Se|Ve,1.296958102552452e-09
45,PL,Se|Ve|Vi,1.0062834792131498e-12
45,PW,Se,0.9999999835624518
45,PW,Se|Ve,1.6435631266425036e-08
45,PW,Se|Ve|Vi,1.916838733879574e-12
46,SL,Se,0.8822363384911927
46,SL,Se|Ve,0.0944537474396383
46,SL,Se|Ve|Vi,0.02330991406916893
46,SW,Ve,0.7027581052090531
46,SW,Ve|Vi,0.24408494523611965
46,SW,Ve|Vi|Se,0.053156949554827256
46,PL,Ve,0.9967716941995264
46,PL,Ve|Vi,0.0032283058004735315
46,PL,Ve|Vi|Se,2.247367515359899e-34
46,PW,Ve,0.9993840531407014
46,PW,Ve|Vi,0.0006159468566955752
46,PW,Ve|Vi|Se,2.6029207446396067e-12
47,SL,Se,0.8822363384911927
47,SL,Se|Ve,0.0944537474396383
47,SL,Se|Ve|Vi,0.02330991406916893
47,SW,Se,0.7176849106033136
47,SW,Se|Vi,0.26247091146476687
47,SW,Se|Vi|Ve,0.01984417793191961
47,PL,Se,0.9999999996406019
47,PL,Se|Ve,3.590790785761085e-10
47,PL,Se|Ve|Vi,3.1889448173256434e-13
47,PW,Se,0.9999999835624518
47,PW,Se|Ve,1.6435631266425036e-08
47,PW,Se|Ve|Vi,1.916838733879574e-12
48,SL,Ve,0.5021362856103267
48,SL,Ve|Se,0.35830028831247357
48,SL,Ve|Se|Vi,0.13956342607719968
48,SW,Ve,0.6842943798328265
48,SW,Ve|Vi,0.257091824400651
48,SW,Ve|Vi|Se,0.05861379576652263
48,PL,Ve,0.9942737674644987
48,PL,Ve|Vi,0.005726232535501401
48,PL,Ve|Vi|Se,6.454010927740869e-42
48,PW,Ve,0.9993840531407014
48,PW,Ve|Vi,0.0006159468566955752
48,PW,Ve|Vi|Se,2.6029207446396067e-12
49,SL,Ve,0.6698647899175512
49,SL,Ve|Vi,0.32012511916223396
49,SL,Ve|Vi|Se,0.010010090920214869
49,SW,Ve,0.7099368285968304
49,SW,Ve|Vi,0.2392879836705222
49,SW,Ve|Vi|Se,0.05077518773264736
49,PL,Ve,0.9844193864671629
49,PL,Ve|Vi,0.015580613532837071
49,PL,Ve|Vi|Se,2.364220101923704e-54
49,PW,Ve,0.9993840531407014
49,PW,Ve|Vi,0.0006159468566955752
49,PW,Ve|Vi|Se,2.6029207446396067e-12
50,SL,Ve,0.5986367883268339
50,SL,Ve|Vi,0.4000368694976555
50,SL,Ve|Vi|Se,0.0013263421755107454
50,SW,Ve,0.7099368285968304
50,SW,Ve|Vi,0.2392879836705222
50,SW,Ve|Vi|Se,0.05077518773264736
50,PL,Ve,0.8877302953670309
50,PL,Ve|Vi,0.11226970463296913
50,PL,Ve|Vi|Se,4.1743555532927584e-78
50,PW,Ve,0.8972580121947483
50,PW,Ve|Vi,0.10274198780525168
50,PW,Ve|Vi|Se,1.5904810522369183e-34
51,SL,Vi,0.7864151199827887
51,SL,Vi|Ve,0.21358476372804666
51,SL,Vi|Ve|Se,1.1628916451981823e-07
51,SW,Vi,0.44659518560242617
51,SW,Vi|Se,0.3607800448256765
51,SW,Vi|Se|Ve,0.19262476957189734
51,PL,Vi,0.9927988118318049
51,PL,Vi|Ve,0.007201188168195202
51,PL,Vi|Ve|Se,2.44727179982791e-152
51,PW,Vi,0.9999974688546558
51,PW,Vi|Ve,2.531145344156422e-06
51,PW,Vi|Ve|Se,1.2179835211464836e-91
52,SL,Ve,0.6007073307635087
52,SL,Ve|Se,0.21941008946913426
52,SL,Ve|Se|Vi,0.17988257976735686
52,SW,Ve,0.4382589192224398
52,SW,Ve|Vi,0.39601823692473465
52,SW,Ve|Vi|Se,0.16572284385282557
52,PL,Ve,0.995741600026255
52,PL,Ve|Vi,0.0042583999737449175
52,PL,Ve|Vi|Se,4.5244398033293416e-38
52,PW,Ve,0.9904648882682775
52,PW,Ve|Vi,0.009535111731722461
52,PW,Ve|Vi|Se,1.096685810382796e-24
53,SL,Ve,0.552086498123412
53,SL,Ve|Vi,0.4474776933117698
53,SL,Ve|Vi|Se,0.0004358085648182435
53,SW,Se,0.4494354947179557
53,SW,Se|Vi,0.42548466578186495
53,SW,Se|Vi|Ve,0.12507983950017942
53,PL,Vi,0.9991897394014166
53,PL,Vi|Ve,0.0008102605985832594
53,PL,Vi|Ve|Se,1.102967921772606e-174
53,PW,Vi,0.9999999837917726
53,PW,Vi|Ve,1.6208227361006876e-08
53,PW,Vi|Ve|Se,8.026768485043868e-110
54,SL,Ve,0.6907788373608538
54,SL,Ve|Vi,0.2526202747576383
54,SL,Ve|Vi|Se,0.056600887881507765
54,SW,Ve,0.6207476956655603
54,SW,Ve|Vi,0.2985949165534134
54,SW,Ve|Vi|Se,0.08065738778102631
54,PL,Ve,0.9844193864671629
54,PL,Ve|Vi,0.015580613532837071
54,PL,Ve|Vi|Se,2.364220101923704e-54
54,PW,Ve,0.9966254555574434
54,PW,Ve|Vi,0.0033745444425565523
54,PW,Ve|Vi|Se,2.99360408208561e-20
55,SL,Ve,0.552086498123412
55,SL,Ve|Vi,0.4474776933117698
55,SL,Ve|Vi|Se,0.0004358085648182435
55,SW,Se,0.5425066126079543
55,SW,Se|Vi,0.3833089595751722
55,SW,Se|Vi|Ve,0.07418442781687357
55,PL,Vi,0.9857306153415099
55,PL,Vi|Ve,0.01426938465849023
55,PL,Vi|Ve|Se,3.305738544465164e-145
55,PW,Vi,0.9999997839862338
55,PW,Vi|Ve,2.160137662977462e-07
55,PW,Vi|Ve|Se,1.5060309168344633e-100
56,SL,Se,0.9143114499963834
56,SL,Se|Ve,0.06835725999715632
56,SL,Se|Ve|Vi,0.017331290006460266
56,SW,Vi,0.4455497020940194
56,SW,Vi|Se,0.282089366344787
56,SW,Vi|Se|Ve,0.2723609315611937
56,PL,Se,0.9999999987020356
56,PL,Se|Ve,1.296958102552452e-09
56,PL,Se|Ve|Vi,1.0062834792131498e-12
56,PW,Se,0.9999999835624518
56,PW,Se|Ve,1.6435631266425036e-08
56,PW,Se|Ve|Vi,1.916838733879574e-12
57,SL,Vi,0.9079363149348073
57,SL,Vi|Ve,0.09206368441070638
57,SL,Vi|Ve|Se,6.544862993918918e-10
57,SW,Se,0.7176849106033136
57,SW,Se|Vi,0.26247091146476687
57,SW,Se|Vi|Ve,0.01984417793191961
57,PL,Vi,0.9996245593153719
57,PL,Vi|Ve,0.00037544068462811033
57,PL,Vi|Ve|Se,1.8931896465319284e-182
57,PW,Vi,0.9999999837917726
57,PW,Vi|Ve,1.6208227361006876e-08
57,PW,Vi|Ve|Se,8.026768485043868e-110
58,SL,Ve,0.552086498123412
58,SL,Ve|Vi,0.4474776933117698
58,SL,Ve|Vi|Se,0.0004358085648182435
58,SW,Ve,0.6577902426590317
58,SW,Ve|Vi,0.2748346472212462
58,SW,Ve|Vi|Se,0.06737511011972205
58,PL,Vi,0.6229803670187051
58,PL,Vi|Ve,0.37701963298129476
58,PL,Vi|Ve|Se,6.38034723053441e-106
58,PW,Vi,0.9870025725315742
58,PW,Vi|Ve,0.012997427468425884
58,PW,Vi|Ve|Se,1.1378345289808216e-59
59,SL,Ve,0.6894463117204002
59,SL,Ve|Vi,0.2857960811755144
59,SL,Ve|Vi|Se,0.024757607104085602
59,SW,Vi,0.44659518560242617
59,SW,Vi|Se,0.3607800448256765
59,SW,Vi|Se|Ve,0.19262476957189734
59,PL,Ve,0.6421666429822692
59,PL,Ve|Vi,0.35783335701773084
59,PL,Ve|Vi|Se,2.896837555685844e-94
59,PW,Vi,0.9250167303783353
59,PW,Vi|Ve,0.07498326962166477
59,PW,Vi|Ve|Se,1.282852247040389e-52
60,SL,Vi,0.7864151199827887
60,SL,Vi|Ve,0.21358476372804666
60,SL,Vi|Ve|Se,1.1628916451981823e-07
60,SW,Vi,0.4455497020940194
60,SW,Vi|Se,0.282089366344787
60,SW,Vi|Se|Ve,0.2723609315611937
60,PL,Ve,0.512776156323494
60,PL,Ve|Vi,0.4872238436765061
60,PL,Ve|Vi|Se,5.321310831818793e-100
60,PW,Ve,0.8972580121947483
60,PW,Ve|Vi,0.10274198780525168
60,PW,Ve|Vi|Se,1.5904810522369183e-34
61,SL,Ve,0.552086498123412
61,SL,Ve|Vi,0.4474776933117698
61,SL,Ve|Vi|Se,0.0004358085648182435
61,SW,Ve,0.6577902426590317
61,SW,Ve|Vi,0.2748346472212462
61,SW,Ve|Vi|Se,0.06737511011972205
61,PL,Ve,0.512776156323494
61,PL,Ve|Vi,0.4872238436765061
61,PL,Ve|Vi|Se,5.321310831818793e-100
61,PW,Ve,0.8972580121947483
61,PW,Ve|Vi,0.10274198780525168
61,PW,Ve|Vi|Se,1.5904810522369183e-34
62,SL,Vi,0.9862008587996451
62,SL,Vi|Ve,0.013799141200329617
62,SL,Vi|Ve|Se,2.522159554492037e-14
62,SW,Se,0.8502831181574831
62,SW,Se|Vi,0.14596364240072165
62,SW,Se|Vi|Ve,0.0037532394417952113
62,PL,Vi,0.9999975470744967
62,PL,Vi|Ve,2.452925503170224e-06
62,PL,Vi|Ve|Se,2.326283912263018e-232
62,PW,Vi,0.9999739247135966
62,PW,Vi|Ve,2.607528640339783e-05
62,PW,Vi|Ve|Se,4.2453405624992306e-83
63,SL,Se,0.7578584080922725
63,SL,Se|Ve,0.19433626898211853
63,SL,Se|Ve|Vi,0.04780532292560911
63,SW,Se,0.9558970202065896
63,SW,Se|Vi,0.04393019493718716
63,SW,Se|Vi|Ve,0.0001727848562232908
63,PL,Se,0.9999999987020356
63,PL,Se|Ve,1.296958102552452e-09
63,PL,Se|Ve|Vi,1.0062834792131498e-12
63,PW,Se,0.9999999984583939
63,PW,Se|Ve,1.5413455259339025e-09
63,PW,Se|Ve|Vi,2.605711900261124e-13
64,SL,Ve,0.552086498123412
64,SL,Ve|Vi,0.4474776933117698
64,SL,Ve|Vi|Se,0.0004358085648182435
64,SW,Ve,0.4382589192224398
64,SW,Ve|Vi,0.39601823692473465
64,SW,Ve|Vi|Se,0.16572284385282557
64,PL,Vi,0.9857306153415099
64,PL,Vi|Ve,0.01426938465849023
64,PL,Vi|Ve|Se,3.305738544465164e-145
64,PW,Vi,0.9250167303783353
64,PW,Vi|Ve,0.07498326962166477
64,PW,Vi|Ve|Se,1.282852247040389e-52
65,SL,Se,0.9349733060825682
65,SL,Se|Ve,0.051407593331375435
65,SL,Se|Ve|Vi,0.013619100586056357
65,SW,Vi,0.4455497020940194
65,SW,Vi|Se,0.282089366344787
65,SW,Vi|Se|Ve,0.2723609315611937
65,PL,Se,0.9999999933871734
65,PL,Se|Ve,6.60825827584403e-09
65,PL,Se|Ve|Vi,4.568366845850139e-12
65,PW,Se,0.9999999835624518
65,PW,Se|Ve,1.6435631266425036e-08
65,PW,Se|Ve|Vi,1.916838733879574e-12
66,SL,Ve,0.4999668087897515
66,SL,Ve|Vi,0.4998996709981979
66,SL,Ve|Vi|Se,0.00013352021205052174
66,SW,Vi,0.44659518560242617
66,SW,Vi|Se,0.3607800448256765
66,SW,Vi|Se|Ve,0.19262476957189734
66,PL,Vi,0.9072267439406377
66,PL,Vi|Ve,0.09277325605936228
66,PL,Vi|Ve|Se,8.639577555067489e-125
66,PW,Vi,0.9999974688546558
66,PW,Vi|Ve,2.531145344156422e-06
66,PW,Vi|Ve|Se,1.2179835211464836e-91
67,SL,Se,0.8327058798828001
67,SL,Se|Ve,0.13444695861459552
67,SL,Se|Ve|Vi,0.03284716150260436
67,SW,Se,0.8502831181574831
67,SW,Se|Vi,0.14596364240072165
67,SW,Se|Vi|Ve,0.0037532394417952113
67,PL,Se,0.9999931078302317
67,PL,Se|Ve,6.888379393267498e-06
67,PL,Se|Ve|Vi,3.790375017237176e-09
67,PW,Se,0.9999841375366847
67,PW,Se|Ve,1.5861167880010172e-05
67,PW,Se|Ve|Vi,1.2954352764926253e-09
68,SL,Se,0.9646469904058605
68,SL,Se|Ve,0.02480300724851733
68,SL,Se|Ve|Vi,0.010550002345622119
68,SW,Vi,0.4263776494583434
68,SW,Vi|Ve,0.35681966853495284
68,SW,Vi|Ve|Se,0.2168026820067038
68,PL,Se,0.999999999939857
68,PL,Se|Ve,6.005289151958982e-11
68,PL,Se|Ve|Vi,8.999754728203208e-14
68,PW,Se,0.9999999984583939
68,PW,Se|Ve,1.5413455259339025e-09
68,PW,Se|Ve|Vi,2.605711900261124e-13
69,SL,Vi,0.9079363149348073
69,SL,Vi|Ve,0.09206368441070638
69,SL,Vi|Ve|Se,6.544862993918918e-10
69,SW,Vi,0.44659518560242617
69,SW,Vi|Se,0.3607800448256765
69,SW,Vi|Se|Ve,0.19262476957189734
69,PL,Vi,0.9991897394014166
69,PL,Vi|Ve,0.0008102605985832594
69,PL,Vi|Ve|Se,1.102967921772606e-174
69,PW,Vi,0.9250167303783353
69,PW,Vi|Ve,0.07498326962166477
69,PW,Vi|Ve|Se,1.282852247040389e-52
70,SL,Vi,0.9862008587996451
70,SL,Vi|Ve,0.013799141200329617
70,SL,Vi|Ve|Se,2.522159554492037e-14
70,SW,Vi,0.4263776494583434
70,SW,Vi|Ve,0.35681966853495284
70,SW,Vi|Ve|Se,0.2168026820067038
70,PL,Vi,0.9996245593153719
70,PL,Vi|Ve,0.00037544068462811033
70,PL,Vi|Ve|Se,1.8931896465319284e-182
70,PW,Vi,0.9999974688546558
70,PW,Vi|Ve,2.531145344156422e-06
70,PW,Vi|Ve|Se,1.2179835211464836e-91
71,SL,Se,0.5118488393601172
71,SL,Se|Ve,0.38669238349652785
71,SL,Se|Ve|Vi,0.10145877714335497
71,SW,Se,0.8968688377087173
71,SW,Se|Vi,0.10168355737937246
71,SW,Se|Vi|Ve,0.0014476049119103531
71,PL,Se,0.999999952472386
71,PL,Se|Ve,4.749777589001895e-08
71,PL,Se|Ve|Vi,2.983794270829021e-11
71,PW,Se,0.9999841375366847
71,PW,Se|Ve,1.5861167880010172e-05
71,PW,Se|Ve|Vi,1.2954352764926253e-09
72,SL,Ve,0.6698647899175512
72,SL,Ve|Vi,0.32012511916223396
72,SL,Ve|Vi|Se,0.010010090920214869
72,SW,Ve,0.5720219613025594
72,SW,Ve|Vi,0.3279502101047979
72,SW,Ve|Vi|Se,0.10002782859264281
72,PL,Vi,0.7455883545293313
72,PL,Vi|Ve,0.25441164547066886
72,PL,Vi|Ve|Se,4.9771647317519735e-112
72,PW,Ve,0.676114879588453
72,PW,Ve|Vi,0.323885120411547
72,PW,Ve|Vi|Se,5.205039269812065e-40
73,SL,Vi,0.5564206849492278
73,SL,Vi|Ve,0.44354126320422416
73,SL,Vi|Ve|Se,3.805184654809593e-05
73,SW,Vi,0.44659518560242617
73,SW,Vi|Se,0.3607800448256765
73,SW,Vi|Se|Ve,0.19262476957189734
73,PL,Vi,0.7455883545293313
73,PL,Vi|Ve,0.25441164547066886
73,PL,Vi|Ve|Se,4.9771647317519735e-112
73,PW,Vi,0.9981226924405683
73,PW,Vi|Ve,0.0018773075594316884
73,PW,Vi|Ve|Se,4.1226089893558554e-67
74,SL,Ve,0.6907788373608538
74,SL,Ve|Vi,0.2526202747576383
74,SL,Ve|Vi|Se,0.056600887881507765
74,SW,Ve,0.510969554695572
74,SW,Ve|Vi,0.3614618492388007
74,SW,Ve|Vi|Se,0.1275685960656273
74,PL,Vi,0.7455883545293313
74,PL,Vi|Ve,0.25441164547066886
74,PL,Vi|Ve|Se,4.9771647317519735e-112
74,PW,Vi,0.9999997839862338
74,PW,Vi|Ve,2.160137662977462e-07
74,PW,Vi|Ve|Se,1.5060309168344633e-100
75,SL,Se,0.6506421365229639
75,SL,Se|Ve,0.27905953370448483
75,SL,Se|Ve|Vi,0.0702983297725514
75,SW,Se,0.7905001875327077
75,SW,Se|Vi,0.20050476554434887
75,SW,Se|Vi|Ve,0.00899504692294347
75,PL,Se,0.9999999987020356
75,PL,Se|Ve,1.296958102552452e-09
75,PL,Se|Ve|Vi,1.0062834792131498e-12
75,PW,Se,0.9999999835624518
75,PW,Se|Ve,1.6435631266425036e-08
75,PW,Se|Ve|Vi,1.916838733879574e-12
76,SL,Ve,0.5021362856103267
76,SL,Ve|Se,0.35830028831247357
76,SL,Ve|Se|Vi,0.13956342607719968
76,SW,Ve,0.6207476956655603
76,SW,Ve|Vi,0.2985949165534134
76,SW,Ve|Vi|Se,0.08065738778102631
76,PL,Ve,0.9257215976299514
76,PL,Ve|Vi,0.07427840237004855
76,PL,Ve|Vi|Se,4.7783089114038256e-73
76,PW,Ve,0.9966254555574434
76,PW,Ve|Vi,0.0033745444425565523
76,PW,Ve|Vi|Se,2.99360408208561e-20
77,SL,Ve,0.6894463117204002
77,SL,Ve|Vi,0.2857960811755144
77,SL,Ve|Vi|Se,0.024757607104085602
77,SW,Vi,0.4263776494583434
77,SW,Vi|Ve,0.35681966853495284
77,SW,Vi|Ve|Se,0.2168026820067038
77,PL,Vi,0.7455883545293313
77,PL,Vi|Ve,0.25441164547066886
77,PL,Vi|Ve|Se,4.9771647317519735e-112
77,PW,Vi,0.9250167303783353
77,PW,Vi|Ve,0.07498326962166477
77,PW,Vi|Ve|Se,1.282852247040389e-52
78,SL,Ve,0.6384655979854917
78,SL,Ve|Vi,0.35776432958203436
78,SL,Ve|Vi|Se,0.0037700724324739874
78,SW,Ve,0.510969554695572
78,SW,Ve|Vi,0.3614618492388007
78,SW,Ve|Vi|Se,0.1275685960656273
78,PL,Ve,0.9844193864671629
78,PL,Ve|Vi,0.015580613532837071
78,PL,Ve|Vi|Se,2.364220101923704e-54
78,PW,Ve,0.9904648882682775
78,PW,Ve|Vi,0.009535111731722461
78,PW,Ve|Vi|Se,1.096685810382796e-24
79,SL,Ve,0.5021362856103267
79,SL,Ve|Se,0.35830028831247357
79,SL,Ve|Se|Vi,0.13956342607719968
79,SW,Ve,0.6842943798328265
79,SW,Ve|Vi,0.257091824400651
79,SW,Ve|Vi|Se,0.05861379576652263
79,PL,Ve,0.9921522300089574
79,PL,Ve|Vi,0.007847769991042718
79,PL,Ve|Vi|Se,6.522163873031836e-46
79,PW,Ve,0.9986472948077709
79,PW,Ve|Vi,0.0013527051922286306
79,PW,Ve|Vi|Se,3.98937446039184e-16
80,SL,Ve,0.4999668087897515
80,SL,Ve|Vi,0.4998996709981979
80,SL,Ve|Vi|Se,0.00013352021205052174
80,SW,Ve,0.510969554695572
80,SW,Ve|Vi,0.3614618492388007
80,SW,Ve|Vi|Se,0.1275685960656273
80,PL,Vi,0.9857306153415099
80,PL,Vi|Ve,0.01426938465849023
80,PL,Vi|Ve|Se,3.305738544465164e-145
80,PW,Vi,0.9997638703755418
80,PW,Vi|Ve,0.00023612962445809771
80,PW,Vi|Ve|Se,6.376996755488068e-75
81,SL,Se,0.7578584080922725
81,SL,Se|Ve,0.19433626898211853
81,SL,Se|Ve|Vi,0.04780532292560911
81,SW,Se,0.633747580665336
81,SW,Se|Vi,0.3261148827195735
81,SW,Se|Vi|Ve,0.040137536615090535
81,PL,Se,0.9999999987020356
81,PL,Se|Ve,1.296958102552452e-09
81,PL,Se|Ve|Vi,1.0062834792131498e-12
81,PW,Se,0.9999999835624518
81,PW,Se|Ve,1.6435631266425036e-08
81,PW,Se|Ve|Vi,1.916838733879574e-12
82,SL,Se,0.7578584080922725
82,SL,Se|Ve,0.19433626898211853
82,SL,Se|Ve|Vi,0.04780532292560911
82,SW,Ve,0.5720219613025594
82,SW,Ve|Vi,0.3279502101047979
82,SW,Ve|Vi|Se,0.10002782859264281
82,PL,Ve,0.9890420310228591
82,PL,Ve|Vi,0.01095796897714081
82,PL,Ve|Vi|Se,4.667484660572609e-50
82,PW,Ve,0.969808231606004
82,PW,Ve|Vi,0.03019176839399598
82,PW,Ve|Vi|Se,1.940484724203992e-29
83,SL,Ve,0.6698647899175512
83,SL,Ve|Vi,0.32012511916223396
83,SL,Ve|Vi|Se,0.010010090920214869
83,SW,Ve,0.7099368285968304
83,SW,Ve|Vi,0.2392879836705222
83,SW,Ve|Vi|Se,0.05077518773264736
83,PL,Vi,0.6229803670187051
83,PL,Vi|Ve,0.37701963298129476
83,PL,Vi|Ve|Se,6.38034723053441e-106
83,PW,Ve,0.8972580121947483
83,PW,Ve|Vi,0.10274198780525168
83,PW,Ve|Vi|Se,1.5904810522369183e-34
84,SL,Ve,0.6007073307635087
84,SL,Ve|Se,0.21941008946913426
84,SL,Ve|Se|Vi,0.17988257976735686
84,SW,Vi,0.4263776494583434
84,SW,Vi|Ve,0.35681966853495284
84,SW,Vi|Ve|Se,0.2168026820067038
84,PL,Ve,0.9774609835864724
84,PL,Ve|Vi,0.02253901641352762
84,PL,Ve|Vi|Se,8.468800700834275e-59
84,PW,Ve,0.9904648882682775
84,PW,Ve|Vi,0.009535111731722461
84,PW,Ve|Vi|Se,1.096685810382796e-24
85,SL,Se,0.9143114499963834
85,SL,Se|Ve,0.06835725999715632
85,SL,Se|Ve|Vi,0.017331290006460266
85,SW,Se,0.7176849106033136
85,SW,Se|Vi,0.26247091146476687
85,SW,Se|Vi|Ve,0.01984417793191961
85,PL,Se,0.9999999996406019
85,PL,Se|Ve,3.590790785761085e-10
85,PL,Se|Ve|Vi,3.1889448173256434e-13
85,PW,Se,0.9999999984583939
85,PW,Se|Ve,1.5413455259339025e-09
85,PW,Se|Ve|Vi,2.605711900261124e-13
86,SL,Ve,0.5021362856103267
86,SL,Ve|Se,0.35830028831247357
86,SL,Ve|Se|Vi,0.13956342607719968
86,SW,Ve,0.6577902426590317
86,SW,Ve|Vi,0.2748346472212462
86,SW,Ve|Vi|Se,0.06737511011972205
86,PL,Ve,0.9844193864671629
86,PL,Ve|Vi,0.015580613532837071
86,PL,Ve|Vi|Se,2.364220101923704e-54
86,PW,Ve,0.9904648882682775
86,PW,Ve|Vi,0.009535111731722461
86,PW,Ve|Vi|Se,1.096685810382796e-24
87,SL,Ve,0.5021362856103267
87,SL,Ve|Se,0.35830028831247357
87,SL,Ve|Se|Vi,0.13956342607719968
87,SW,Se,0.9725154136591394
87,SW,Se|Vi,0.02743074881339761
87,SW,Se|Vi|Ve,5.383752746289662e-05
87,PL,Se,0.9999999996406019
87,PL,Se|Ve,3.590790785761085e-10
87,PL,Se|Ve|Vi,3.1889448173256434e-13
87,PW,Se,0.9999999835624518
87,PW,Se|Ve,1.6435631266425036e-08
87,PW,Se|Ve|Vi,1.916838733879574e-12
88,SL,Ve,0.6641568207362473
88,SL,Ve|Vi,0.21793306127829778
88,SL,Ve|Vi|Se,0.11791011798545492
88,SW,Ve,0.510969554695572
88,SW,Ve|Vi,0.3614618492388007
88,SW,Ve|Vi|Se,0.1275685960656273
88,PL,Ve,0.9774609835864724
88,PL,Ve|Vi,0.02253901641352762
88,PL,Ve|Vi|Se,8.468800700834275e-59
88,PW,Ve,0.9904648882682775
88,PW,Ve|Vi,0.009535111731722461
88,PW,Ve|Vi|Se,1.096685810382796e-24
89,SL,Se,0.9566602257783069
89,SL,Se|Ve,0.03322802787713901
89,SL,Se|Ve|Vi,0.010111746344554197
89,SW,Vi,0.4455497020940194
89,SW,Vi|Se,0.282089366344787
89,SW,Vi|Se|Ve,0.2723609315611937
89,PL,Se,0.9999999987020356
89,PL,Se|Ve,1.296958102552452e-09
89,PL,Se|Ve|Vi,1.0062834792131498e-12
89,PW,Se,0.9999999835624518
89,PW,Se|Ve,1.6435631266425036e-08
89,PW,Se|Ve|Vi,1.916838733879574e-12
90,SL,Se,0.8822363384911927
90,SL,Se|Ve,0.0944537474396383
90,SL,Se|Ve|Vi,0.02330991406916893
90,SW,Se,0.633747580665336
90,SW,Se|Vi,0.3261148827195735
90,SW,Se|Vi|Ve,0.040137536615090535
90,PL,Se,0.9999999998596122
90,PL,Se|Ve,1.4024244551665107e-10
90,PL,Se|Ve|Vi,1.4539214940897287e-13
90,PW,Se,0.9999996424747034
90,PW,Se|Ve,3.5749258128456024e-07
90,PW,Se|Ve|Vi,3.27153023025682e-11
91,SL,Ve,0.6894463117204002
91,SL,Ve|Vi,0.2857960811755144
91,SL,Ve|Vi|Se,0.024757607104085602
91,SW,Vi,0.4263776494583434
91,SW,Vi|Ve,0.35681966853495284
91,SW,Vi|Ve|Se,0.2168026820067038
91,PL,Ve,0.9668732922561394
91,PL,Ve|Vi,0.03312670774386055
91,PL,Ve|Vi|Se,2.1423080331419388e-63
91,PW,Ve,0.8972580121947483
91,PW,Ve|Vi,0.10274198780525168
91,PW,Ve|Vi|Se,1.5904810522369183e-34
92,SL,Ve,0.6641568207362473
92,SL,Ve|Vi,0.21793306127829778
92,SL,Ve|Vi|Se,0.11791011798545492
92,SW,Se,0.8502831181574831
92,SW,Se|Vi,0.14596364240072165
92,SW,Se|Vi|Ve,0.0037532394417952113
92,PL,Se,0.999999952472386
92,PL,Se|Ve,4.749777589001895e-08
92,PL,Se|Ve|Vi,2.983794270829021e-11
92,PW,Se,0.9999996424747034
92,PW,Se|Ve,3.5749258128456024e-07
92,PW,Se|Ve|Vi,3.27153023025682e-11
93,SL,Se,0.8822363384911927
93,SL,Se|Ve,0.0944537474396383
93,SL,Se|Ve|Vi,0.02330991406916893
93,SW,Se,0.4494354947179557
93,SW,Se|Vi,0.42548466578186495
93,SW,Se|Vi|Ve,0.12507983950017942
93,PL,Se,0.9999999996406019
93,PL,Se|Ve,3.590790785761085e-10
93,PL,Se|Ve|Vi,3.1889448173256434e-13
93,PW,Se,0.9999999835624518
93,PW,Se|Ve,1.6435631266425036e-08
93,PW,Se|Ve|Vi,1.916838733879574e-12
94,SL,Se,0.9143114499963834
94,SL,Se|Ve,0.06835725999715632
94,SL,Se|Ve|Vi,0.017331290006460266
94,SW,Ve,0.6577902426590317
94,SW,Ve|Vi,0.2748346472212462
94,SW,Ve|Vi|Se,0.06737511011972205
94,PL,Ve,0.8877302953670309
94,PL,Ve|Vi,0.11226970463296913
94,PL,Ve|Vi|Se,4.1743555532927584e-78
94,PW,Vi,0.6950670457118857
94,PW,Vi|Ve,0.3049329542881143
94,PW,Vi|Ve|Se,4.99811000059442e-46
95,SL,Se,0.5118488393601172
95,SL,Se|Ve,0.38669238349652785
95,SL,Se|Ve|Vi,0.10145877714335497
95,SW,Se,0.5425066126079543
95,SW,Se|Vi,0.3833089595751722
95,SW,Se|Vi|Ve,0.07418442781687357
95,PL,Se,0.999999952472386
95,PL,Se|Ve,4.749777589001895e-08
95,PL,Se|Ve|Vi,2.983794270829021e-11
95,PW,Se,0.9999999835624518
95,PW,Se|Ve,1.6435631266425036e-08
95,PW,Se|Ve|Vi,1.916838733879574e-12
96,SL,Ve,0.6007073307635087
96,SL,Ve|Se,0.21941008946913426
96,SL,Ve|Se|Vi,0.17988257976735686
96,SW,Ve,0.6577902426590317
96,SW,Ve|Vi,0.2748346472212462
96,SW,Ve|Vi|Se,0.06737511011972205
96,PL,Ve,0.9890420310228591
96,PL,Ve|Vi,0.01095796897714081
96,PL,Ve|Vi|Se,4.667484660572609e-50
96,PW,Ve,0.9986472948077709
96,PW,Ve|Vi,0.0013527051922286306
96,PW,Ve|Vi|Se,3.98937446039184e-16
97,SL,Se,0.8822363384911927
97,SL,Se|Ve,0.0944537474396383
97,SL,Se|Ve|Vi,0.02330991406916893
97,SW,Ve,0.7013922401771936
97,SW,Ve|Vi,0.24530811217747905
97,SW,Ve|Vi|Se,0.053299647645327505
97,PL,Ve,0.9980334349256809
97,PL,Ve|Vi,0.0019665650743190977
97,PL,Ve|Vi|Se,1.973682561921584e-27
97,PW,Ve,0.9993840531407014
97,PW,Ve|Vi,0.0006159468566955752
97,PW,Ve|Vi|Se,2.6029207446396067e-12
98,SL,Vi,0.7864151199827887
98,SL,Vi|Ve,0.21358476372804666
98,SL,Vi|Ve|Se,1.1628916451981823e-07
98,SW,Vi,0.4455497020940194
98,SW,Vi|Se,0.282089366344787
98,SW,Vi|Se|Ve,0.2723609315611937
98,PL,Vi,0.7455883545293313
98,PL,Vi|Ve,0.25441164547066886
98,PL,Vi|Ve|Se,4.9771647317519735e-112
98,PW,Vi,0.9999974688546558
98,PW,Vi|Ve,2.531145344156422e-06
98,PW,Vi|Ve|Se,1.2179835211464836e-91
99,SL,Vi,0.5564206849492278
99,SL,Vi|Ve,0.44354126320422416
99,SL,Vi|Ve|Se,3.805184654809593e-05
99,SW,Vi,0.4263776494583434
99,SW,Vi|Ve,0.35681966853495284
99,SW,Vi|Ve|Se,0.2168026820067038
99,PL,Vi,0.9964490026072482
99,PL,Vi|Ve,0.0035509973927519123
99,PL,Vi|Ve|Se,1.2548293655596332e-159
99,PW,Vi,0.9999739247135966
99,PW,Vi|Ve,2.607528640339783e-05
99,PW,Vi|Ve|Se,4.2453405624992306e-83
100,SL,Ve,0.6698647899175512
100,SL,Ve|Vi,0.32012511916223396
100,SL,Ve|Vi|Se,0.010010090920214869
100,SW,Se,0.5425066126079543
100,SW,Se|Vi,0.3833089595751722
100,SW,Se|Vi|Ve,0.07418442781687357
100,PL,Ve,0.8877302953670309
100,PL,Ve|Vi,0.11226970463296913
100,PL,Ve|Vi|Se,4.1743555532927584e-78
100,PW,Ve,0.676114879588453
100,PW,Ve|Vi,0.323885120411547
100,PW,Ve|Vi|Se,5.205039269812065e-40
101,SL,Ve,0.6698647899175512
101,SL,Ve|Vi,0.32012511916223396
101,SL,Ve|Vi|Se,0.010010090920214869
101,SW,Ve,0.4382589192224398
101,SW,Ve|Vi,0.39601823692473465
101,SW,Ve|Vi|Se,0.16572284385282557
101,PL,Ve,0.8877302953670309
101,PL,Ve|Vi,0.11226970463296913
101,PL,Ve|Vi|Se,4.1743555532927584e-78
101,PW,Ve,0.8972580121947483
101,PW,Ve|Vi,0.10274198780525168
101,PW,Ve|Vi|Se,1.5904810522369183e-34
102,SL,Ve,0.552086498123412
102,SL,Ve|Vi,0.4474776933117698
102,SL,Ve|Vi|Se,0.0004358085648182435
102,SW,Ve,0.510969554695572
102,SW,Ve|Vi,0.3614618492388007
102,SW,Ve|Vi|Se,0.1275685960656273
102,PL,Vi,0.7455883545293313
102,PL,Vi|Ve,0.25441164547066886
102,PL,Vi|Ve|Se,4.9771647317519735e-112
102,PW,Ve,0.8972580121947483
102,PW,Ve|Vi,0.10274198780525168
102,PW,Ve|Vi|Se,1.5904810522369183e-34
103,SL,Ve,0.6384655979854917
103,SL,Ve|Vi,0.35776432958203436
103,SL,Ve|Vi|Se,0.0037700724324739874
103,SW,Vi,0.4263776494583434
103,SW,Vi|Ve,0.35681966853495284
103,SW,Vi|Ve|Se,0.2168026820067038
103,PL,Ve,0.512776156323494
103,PL,Ve|Vi,0.4872238436765061
103,PL,Ve|Vi|Se,5.321310831818793e-100
103,PW,Vi,0.9250167303783353
103,PW,Vi|Ve,0.07498326962166477
103,PW,Vi|Ve|Se,1.282852247040389e-52
104,SL,Se,0.9482508438567515
104,SL,Se|Ve,0.04038031781306236
104,SL,Se|Ve|Vi,0.011368838330186235
104,SW,Vi,0.44659518560242617
104,SW,Vi|Se,0.3607800448256765
104,SW,Vi|Se|Ve,0.19262476957189734
104,PL,Se,0.9999999998596122
104,PL,Se|Ve,1.4024244551665107e-10
104,PL,Se|Ve|Vi,1.4539214940897287e-13
104,PW,Se,0.9999999835624518
104,PW,Se|Ve,1.6435631266425036e-08
104,PW,Se|Ve|Vi,1.916838733879574e-12
105,SL,Se,0.9143114499963834
105,SL,Se|Ve,0.06835725999715632
105,SL,Se|Ve|Vi,0.017331290006460266
105,SW,Vi,0.4263776494583434
105,SW,Vi|Ve,0.35681966853495284
105,SW,Vi|Ve|Se,0.2168026820067038
105,PL,Se,0.9999999996406019
105,PL,Se|Ve,3.590790785761085e-10
105,PL,Se|Ve|Vi,3.1889448173256434e-13
105,PW,Se,0.9999999835624518
105,PW,Se|Ve,1.6435631266425036e-08
105,PW,Se|Ve|Vi,1.916838733879574e-12
106,SL,Se,0.8822363384911927
106,SL,Se|Ve,0.0944537474396383
106,SL,Se|Ve|Vi,0.02330991406916893
106,SW,Vi,0.44659518560242617
106,SW,Vi|Se,0.3607800448256765
106,SW,Vi|Se|Ve,0.19262476957189734
106,PL,Se,0.9999999999226376
106,PL,Se|Ve,7.726704245273091e-11
106,PL,Se|Ve|Vi,9.536792330885968e-14
106,PW,Se,0.9999999835624518
106,PW,Se|Ve,1.6435631266425036e-08
106,PW,Se|Ve|Vi,1.916838733879574e-12
107,SL,Se,0.9642416043208745
107,SL,Se|Ve,0.026024202525143758
107,SL,Se|Ve|Vi,0.0097341931539817
107,SW,Vi,0.44659518560242617
107,SW,Vi|Se,0.3607800448256765
107,SW,Vi|Se|Ve,0.19262476957189734
107,PL,Se,0.9999999998596122
107,PL,Se|Ve,1.4024244551665107e-10
107,PL,Se|Ve|Vi,1.4539214940897287e-13
107,PW,Se,0.9999999835624518
107,PW,Se|Ve,1.6435631266425036e-08
107,PW,Se|Ve|Vi,1.916838733879574e-12
108,SL,Ve,0.5986367883268339
108,SL,Ve|Vi,0.4000368694976555
108,SL,Ve|Vi|Se,0.0013263421755107454
108,SW,Se,0.5425066126079543
108,SW,Se|Vi,0.3833089595751722
108,SW,Se|Vi|Ve,0.07418442781687357
108,PL,Vi,0.9484483345243874
108,PL,Vi|Ve,0.051551665475612726
108,PL,Vi|Ve|Se,1.9769777779300712e-131
108,PW,Vi,0.9999974688546558
108,PW,Vi|Ve,2.531145344156422e-06
108,PW,Vi|Ve|Se,1.2179835211464836e-91
109,SL,Vi,0.9862008587996451
109,SL,Vi|Ve,0.013799141200329617
109,SL,Vi|Ve|Se,2.522159554492037e-14
109,SW,Ve,0.510969554695572
109,SW,Ve|Vi,0.3614618492388007
109,SW,Ve|Vi|Se,0.1275685960656273
109,PL,Vi,0.9999975470744967
109,PL,Vi|Ve,2.452925503170224e-06
109,PL,Vi|Ve|Se,2.326283912263018e-232
109,PW,Vi,0.9981226924405683
109,PW,Vi|Ve,0.0018773075594316884
109,PW,Vi|Ve|Se,4.1226089893558554e-67
110,SL,Vi,0.6750763196389862
110,SL,Vi|Ve,0.324921217456887
110,SL,Vi|Ve|Se,2.462904126810178e-06
110,SW,Vi,0.4263776494583434
110,SW,Vi|Ve,0.35681966853495284
110,SW,Vi|Ve|Se,0.2168026820067038
110,PL,Vi,0.6229803670187051
110,PL,Vi|Ve,0.37701963298129476
110,PL,Vi|Ve|Se,6.38034723053441e-106
110,PW,Vi,0.6950670457118857
110,PW,Vi|Ve,0.3049329542881143
110,PW,Vi|Ve|Se,4.99811000059442e-46
111,SL,Se,0.8327058798828001
111,SL,Se|Ve,0.13444695861459552
111,SL,Se|Ve|Vi,0.03284716150260436
111,SW,Ve,0.6577902426590317
111,SW,Ve|Vi,0.2748346472212462
111,SW,Ve|Vi|Se,0.06737511011972205
111,PL,Ve,0.9989174826396838
111,PL,Ve|Vi,0.001082517360316175
111,PL,Ve|Vi|Se,3.8864221643712494e-18
111,PW,Ve,0.9986472948077709
111,PW,Ve|Vi,0.0013527051922286306
111,PW,Ve|Vi|Se,3.98937446039184e-16
112,SL,Vi,0.9340700331107936
112,SL,Vi|Ve,0.06592996678969416
112,SL,Vi|Ve|Se,9.951232466368088e-11
112,SW,Ve,0.4382589192224398
112,SW,Ve|Vi,0.39601823692473465
112,SW,Ve|Vi|Se,0.16572284385282557
112,PL,Vi,0.999924055049952
112,PL,Vi|Ve,7.59449500480048e-05
112,PL,Vi|Ve|Se,1.8718417769700437e-198
112,PW,Vi,0.9250167303783353
112,PW,Vi|Ve,0.07498326962166477
112,PW,Vi|Ve|Se,1.282852247040389e-52
113,SL,Ve,0.4999668087897515
113,SL,Ve|Vi,0.4998996709981979
113,SL,Ve|Vi|Se,0.00013352021205052174
113,SW,Ve,0.5720219613025594
113,SW,Ve|Vi,0.3279502101047979
113,SW,Ve|Vi|Se,0.10002782859264281
113,PL,Vi,0.9072267439406377
113,PL,Vi|Ve,0.09277325605936228
113,PL,Vi|Ve|Se,8.639577555067489e-125
113,PW,Vi,0.9870025725315742
113,PW,Vi|Ve,0.012997427468425884
113,PW,Vi|Ve|Se,1.1378345289808216e-59
114,SL,Ve,0.4999668087897515
114,SL,Ve|Vi,0.4998996709981979
114,SL,Ve|Vi|Se,0.00013352021205052174
114,SW,Vi,0.44659518560242617
114,SW,Vi|Se,0.3607800448256765
114,SW,Vi|Se|Ve,0.19262476957189734
114,PL,Ve,0.8877302953670309
114,PL,Ve|Vi,0.11226970463296913
114,PL,Ve|Vi|Se,4.1743555532927584e-78
114,PW,Ve,0.8972580121947483
114,PW,Ve|Vi,0.10274198780525168
114,PW,Ve|Vi|Se,1.5904810522369183e-34
115,SL,Ve,0.4999668087897515
115,SL,Ve|Vi,0.4998996709981979
115,SL,Ve|Vi|Se,0.00013352021205052174
115,SW,Ve,0.510969554695572
115,SW,Ve|Vi,0.3614618492388007
115,SW,Ve|Vi|Se,0.1275685960656273
115,PL,Vi,0.9857306153415099
115,PL,Vi|Ve,0.01426938465849023
115,PL,Vi|Ve|Se,3.305738544465164e-145
115,PW,Vi,0.9999739247135966
115,PW,Vi|Ve,2.607528640339783e-05
115,PW,Vi|Ve|Se,4.2453405624992306e-83
116,SL,Vi,0.5564206849492278
116,SL,Vi|Ve,0.44354126320422416
116,SL,Vi|Ve|Se,3.805184654809593e-05
116,SW,Vi,0.4263776494583434
116,SW,Vi|Ve,0.35681966853495284
116,SW,Vi|Ve|Se,0.2168026820067038
116,PL,Vi,0.9724527934422459
116,PL,Vi|Ve,0.02754720655775408
116,PL,Vi|Ve|Se,3.0839062607177215e-138
116,PW,Vi,0.9250167303783353
116,PW,Vi|Ve,0.07498326962166477
116,PW,Vi|Ve|Se,1.282852247040389e-52
117,SL,Ve,0.5021362856103267
117,SL,Ve|Se,0.35830028831247357
117,SL,Ve|Se|Vi,0.13956342607719968
117,SW,Se,0.633747580665336
117,SW,Se|Vi,0.3261148827195735
117,SW,Se|Vi|Ve,0.040137536615090535
117,PL,Se,0.9999999998596122
117,PL,Se|Ve,1.4024244551665107e-10
117,PL,Se|Ve|Vi,1.4539214940897287e-13
117,PW,Se,0.9999999835624518
117,PW,Se|Ve,1.6435631266425036e-08
117,PW,Se|Ve|Vi,1.916838733879574e-12
118,SL,Ve,0.552086498123412
118,SL,Ve|Vi,0.4474776933117698
118,SL,Ve|Vi|Se,0.0004358085648182435
118,SW,Ve,0.5720219613025594
118,SW,Ve|Vi,0.3279502101047979
118,SW,Ve|Vi|Se,0.10002782859264281
118,PL,Ve,0.512776156323494
118,PL,Ve|Vi,0.4872238436765061
118,PL,Ve|Vi|Se,5.321310831818793e-100
118,PW,Vi,0.9250167303783353
118,PW,Vi|Ve,0.07498326962166477
118,PW,Vi|Ve|Se,1.282852247040389e-52
119,SL,Se,0.8327058798828001
119,SL,Se|Ve,0.13444695861459552
119,SL,Se|Ve|Vi,0.03284716150260436
119,SW,Se,0.4494354947179557
119,SW,Se|Vi,0.42548466578186495
119,SW,Se|Vi|Ve,0.12507983950017942
119,PL,Se,0.999999952472386
119,PL,Se|Ve,4.749777589001895e-08
119,PL,Se|Ve|Vi,2.983794270829021e-11
119,PW,Se,0.9985664127919971
119,PW,Se|Ve,0.0014334683640083886
119,PW,Se|Ve|Vi,1.1884399449980196e-07
120,SL,Vi,0.6750763196389862
120,SL,Vi|Ve,0.324921217456887
120,SL,Vi|Ve|Se,2.462904126810178e-06
120,SW,Vi,0.4263776494583434
120,SW,Vi|Ve,0.35681966853495284
120,SW,Vi|Ve|Se,0.2168026820067038
120,PL,Vi,0.8412944522440633
120,PL,Vi|Ve,0.15870554775593668
120,PL,Vi|Ve|Se,2.544350592483878e-118
120,PW,Vi,0.9999974688546558
120,PW,Vi|Ve,2.531145344156422e-06
120,PW,Vi|Ve|Se,1.2179835211464836e-91
121,SL,Ve,0.5986367883268339
121,SL,Ve|Vi,0.4000368694976555
121,SL,Ve|Vi|Se,0.0013263421755107454
121,SW,Ve,0.4382589192224398
121,SW,Ve|Vi,0.39601823692473465
121,SW,Ve|Vi|Se,0.16572284385282557
121,PL,Ve,0.9506436991082469
121,PL,Ve|Vi,0.04935630089175305
121,PL,Ve|Vi|Se,3.81831864491978e-68
121,PW,Ve,0.9904648882682775
121,PW,Ve|Vi,0.009535111731722461
121,PW,Ve|Vi|Se,1.096685810382796e-24
122,SL,Ve,0.6384655979854917
122,SL,Ve|Vi,0.35776432958203436
122,SL,Ve|Vi|Se,0.0037700724324739874
122,SW,Ve,0.6207476956655603
122,SW,Ve|Vi,0.2985949165534134
122,SW,Ve|Vi|Se,0.08065738778102631
122,PL,Vi,0.9857306153415099
122,PL,Vi|Ve,0.01426938465849023
122,PL,Vi|Ve|Se,3.305738544465164e-145
122,PW,Ve,0.969808231606004
122,PW,Ve|Vi,0.03019176839399598
122,PW,Ve|Vi|Se,1.940484724203992e-29
123,SL,Se,0.8327058798828001
123,SL,Se|Ve,0.13444695861459552
123,SL,Se|Ve|Vi,0.03284716150260436
123,SW,Se,0.7905001875327077
123,SW,Se|Vi,0.20050476554434887
123,SW,Se|Vi|Ve,0.00899504692294347
123,PL,Se,0.9999999987020356
123,PL,Se|Ve,1.296958102552452e-09
123,PL,Se|Ve|Vi,1.0062834792131498e-12
123,PW,Se,0.9999841375366847
123,PW,Se|Ve,1.5861167880010172e-05
123,PW,Se|Ve|Vi,1.2954352764926253e-09
124,SL,Se,0.9566602257783069
124,SL,Se|Ve,0.03322802787713901
124,SL,Se|Ve|Vi,0.010111746344554197
124,SW,Se,0.7176849106033136
124,SW,Se|Vi,0.26247091146476687
124,SW,Se|Vi|Ve,0.01984417793191961
124,PL,Se,0.9999999999340364
124,PL,Se|Ve,6.584135753116046e-11
124,PL,Se|Ve|Vi,1.2218736898672724e-13
124,PW,Se,0.9999999835624518
124,PW,Se|Ve,1.6435631266425036e-08
124,PW,Se|Ve|Vi,1.916838733879574e-12
125,SL,Vi,0.6750763196389862
125,SL,Vi|Ve,0.324921217456887
125,SL,Vi|Ve|Se,2.462904126810178e-06
125,SW,Ve,0.6577902426590317
125,SW,Ve|Vi,0.2748346472212462
125,SW,Ve|Vi|Se,0.06737511011972205
125,PL,Vi,0.9964490026072482
125,PL,Vi|Ve,0.0035509973927519123
125,PL,Vi|Ve|Se,1.2548293655596332e-159
125,PW,Vi,0.9250167303783353
125,PW,Vi|Ve,0.07498326962166477
125,PW,Vi|Ve|Se,1.282852247040389e-52
126,SL,Se,0.9349733060825682
126,SL,Se|Ve,0.051407593331375435
126,SL,Se|Ve|Vi,0.013619100586056357
126,SW,Se,0.5425066126079543
126,SW,Se|Vi,0.3833089595751722
126,SW,Se|Vi|Ve,0.07418442781687357
126,PL,Se,0.9999999933871734
126,PL,Se|Ve,6.60825827584403e-09
126,PL,Se|Ve|Vi,4.568366845850139e-12
126,PW,Se,0.9999999835624518
126,PW,Se|Ve,1.6435631266425036e-08
126,PW,Se|Ve|Vi,1.916838733879574e-12
127,SL,Ve,0.6641568207362473
127,SL,Ve|Vi,0.21793306127829778
127,SL,Ve|Vi|Se,0.11791011798545492
127,SW,Ve,0.510969554695572
127,SW,Ve|Vi,0.3614618492388007
127,SW,Ve|Vi|Se,0.1275685960656273
127,PL,Ve,0.8877302953670309
127,PL,Ve|Vi,0.11226970463296913
127,PL,Ve|Vi|Se,4.1743555532927584e-78
127,PW,Ve,0.9904648882682775
127,PW,Ve|Vi,0.009535111731722461
127,PW,Ve|Vi|Se,1.096685810382796e-24
128,SL,Se,0.8822363384911927
128,SL,Se|Ve,0.0944537474396383
128,SL,Se|Ve|Vi,0.02330991406916893
128,SW,Se,0.5425066126079543
128,SW,Se|Vi,0.3833089595751722
128,SW,Se|Vi|Ve,0.07418442781687357
128,PL,Se,0.9999999987020356
128,PL,Se|Ve,1.296958102552452e-09
128,PL,Se|Ve|Vi,1.0062834792131498e-12
128,PW,Se,0.9999999835624518
128,PW,Se|Ve,1.6435631266425036e-08
128,PW,Se|Ve|Vi,1.916838733879574e-12
129,SL,Vi,0.5564206849492278
129,SL,Vi|Ve,0.44354126320422416
129,SL,Vi|Ve|Se,3.805184654809593e-05
129,SW,Vi,0.4263776494583434
129,SW,Vi|Ve,0.35681966853495284
129,SW,Vi|Ve|Se,0.2168026820067038
129,PL,Vi,0.8412944522440633
129,PL,Vi|Ve,0.15870554775593668
129,PL,Vi|Ve|Se,2.544350592483878e-118
129,PW,Vi,0.9981226924405683
129,PW,Vi|Ve,0.0018773075594316884
129,PW,Vi|Ve|Se,4.1226089893558554e-67
130,SL,Ve,0.552086498123412
130,SL,Ve|Vi,0.4474776933117698
130,SL,Ve|Vi|Se,0.0004358085648182435
130,SW,Se,0.4494354947179557
130,SW,Se|Vi,0.42548466578186495
130,SW,Se|Vi|Ve,0.12507983950017942
130,PL,Ve,0.750031207786821
130,PL,Ve|Vi,0.24996879221317894
130,PL,Ve|Vi|Se,1.0426589641689092e-88
130,PW,Ve,0.676114879588453
130,PW,Ve|Vi,0.323885120411547
130,PW,Ve|Vi|Se,5.205039269812065e-40
131,SL,Vi,0.6750763196389862
131,SL,Vi|Ve,0.324921217456887
131,SL,Vi|Ve|Se,2.462904126810178e-06
131,SW,Se,0.4494354947179557
131,SW,Se|Vi,0.42548466578186495
131,SW,Se|Vi|Ve,0.12507983950017942
131,PL,Vi,0.9927988118318049
131,PL,Vi|Ve,0.007201188168195202
131,PL,Vi|Ve|Se,2.44727179982791e-152
131,PW,Vi,0.9999999837917726
131,PW,Vi|Ve,1.6208227361006876e-08
131,PW,Vi|Ve|Se,8.026768485043868e-110
132,SL,Ve,0.6007073307635087
132,SL,Ve|Se,0.21941008946913426
132,SL,Ve|Se|Vi,0.17988257976735686
132,SW,Vi,0.4263776494583434
132,SW,Vi|Ve,0.35681966853495284
132,SW,Vi|Ve|Se,0.2168026820067038
132,PL,Ve,0.8877302953670309
132,PL,Ve|Vi,0.11226970463296913
132,PL,Ve|Vi|Se,4.1743555532927584e-78
132,PW,Ve,0.8972580121947483
132,PW,Ve|Vi,0.10274198780525168
132,PW,Ve|Vi|Se,1.5904810522369183e-34
133,SL,Ve,0.6384655979854917
133,SL,Ve|Vi,0.35776432958203436
133,SL,Ve|Vi|Se,0.0037700724324739874
133,SW,Ve,0.4382589192224398
133,SW,Ve|Vi,0.39601823692473465
133,SW,Ve|Vi|Se,0.16572284385282557
133,PL,Ve,0.750031207786821
133,PL,Ve|Vi,0.24996879221317894
133,PL,Ve|Vi|Se,1.0426589641689092e-88
133,PW,Ve,0.969808231606004
133,PW,Ve|Vi,0.03019176839399598
133,PW,Ve|Vi|Se,1.940484724203992e-29
134,SL,Ve,0.6907788373608538
134,SL,Ve|Vi,0.2526202747576383
134,SL,Ve|Vi|Se,0.056600887881507765
134,SW,Ve,0.5720219613025594
134,SW,Ve|Vi,0.3279502101047979
134,SW,Ve|Vi|Se,0.10002782859264281
134,PL,Ve,0.9774609835864724
134,PL,Ve|Vi,0.02253901641352762
134,PL,Ve|Vi|Se,8.468800700834275e-59
134,PW,Ve,0.9993840531407014
134,PW,Ve|Vi,0.0006159468566955752
134,PW,Ve|Vi|Se,2.6029207446396067e-12
135,SL,Ve,0.552086498123412
135,SL,Ve|Vi,0.4474776933117698
135,SL,Ve|Vi|Se,0.0004358085648182435
135,SW,Ve,0.7013922401771936
135,SW,Ve|Vi,0.24530811217747905
135,SW,Ve|Vi|Se,0.053299647645327505
135,PL,Ve,0.9257215976299514
135,PL,Ve|Vi,0.07427840237004855
135,PL,Ve|Vi|Se,4.7783089114038256e-73
135,PW,Ve,0.9904648882682775
135,PW,Ve|Vi,0.009535111731722461
135,PW,Ve|Vi|Se,1.096685810382796e-24
136,SL,Ve,0.5021362856103267
136,SL,Ve|Se,0.35830028831247357
136,SL,Ve|Se|Vi,0.13956342607719968
136,SW,Ve,0.7013922401771936
136,SW,Ve|Vi,0.24530811217747905
136,SW,Ve|Vi|Se,0.053299647645327505
136,PL,Ve,0.9844193864671629
136,PL,Ve|Vi,0.015580613532837071
136,PL,Ve|Vi|Se,2.364220101923704e-54
136,PW,Ve,0.9904648882682775
136,PW,Ve|Vi,0.009535111731722461
136,PW,Ve|Vi|Se,1.096685810382796e-24
137,SL,Se,0.5118488393601172
137,SL,Se|Ve,0.38669238349652785
137,SL,Se|Ve|Vi,0.10145877714335497
137,SW,Se,0.7905001875327077
137,SW,Se|Vi,0.20050476554434887
137,SW,Se|Vi|Ve,0.00899504692294347
137,PL,Se,0.9999999987020356
137,PL,Se|Ve,1.296958102552452e-09
137,PL,Se|Ve|Vi,1.0062834792131498e-12
137,PW,Se,0.9999999835624518
137,PW,Se|Ve,1.6435631266425036e-08
137,PW,Se|Ve|Vi,1.916838733879574e-12
138,SL,Se,0.9482508438567515
138,SL,Se|Ve,0.04038031781306236
138,SL,Se|Ve|Vi,0.011368838330186235
138,SW,Vi,0.44659518560242617
138,SW,Vi|Se,0.3607800448256765
138,SW,Vi|Se|Ve,0.19262476957189734
138,PL,Se,0.9999999933871734
138,PL,Se|Ve,6.60825827584403e-09
138,PL,Se|Ve|Vi,4.568366845850139e-12
138,PW,Se,0.9999999835624518
138,PW,Se|Ve,1.6435631266425036e-08
138,PW,Se|Ve|Vi,1.916838733879574e-12
139,SL,Ve,0.6698647899175512
139,SL,Ve|Vi,0.32012511916223396
139,SL,Ve|Vi|Se,0.010010090920214869
139,SW,Vi,0.4263776494583434
139,SW,Vi|Ve,0.35681966853495284
139,SW,Vi|Ve|Se,0.2168026820067038
139,PL,Ve,0.6421666429822692
139,PL,Ve|Vi,0.35783335701773084
139,PL,Ve|Vi|Se,2.896837555685844e-94
139,PW,Vi,0.9250167303783353
139,PW,Vi|Ve,0.07498326962166477
139,PW,Vi|Ve|Se,1.282852247040389e-52
140,SL,Ve,0.6907788373608538
140,SL,Ve|Vi,0.2526202747576383
140,SL,Ve|Vi|Se,0.056600887881507765
140,SW,Se,0.931421810919808
140,SW,Se|Vi,0.06806000372068374
140,SW,Se|Vi|Ve,0.0005181853595082359
140,PL,Se,0.9999999999226376
140,PL,Se|Ve,7.726704245273091e-11
140,PL,Se|Ve|Vi,9.536792330885968e-14
140,PW,Se,0.9999999835624518
140,PW,Se|Ve,1.6435631266425036e-08
140,PW,Se|Ve|Vi,1.916838733879574e-12
141,SL,Vi,0.6155021075794869
141,SL,Vi|Ve,0.3844878305473638
141,SL,Vi|Ve|Se,1.0061873149193993e-05
141,SW,Vi,0.4263776494583434
141,SW,Vi|Ve,0.35681966853495284
141,SW,Vi|Ve|Se,0.2168026820067038
141,PL,Ve,0.9257215976299514
141,PL,Ve|Vi,0.07427840237004855
141,PL,Ve|Vi|Se,4.7783089114038256e-73
141,PW,Ve,0.969808231606004
141,PW,Ve|Vi,0.03019176839399598
141,PW,Ve|Vi|Se,1.940484724203992e-29
142,SL,Vi,0.6155021075794869
142,SL,Vi|Ve,0.3844878305473638
142,SL,Vi|Ve|Se,1.0061873149193993e-05
142,SW,Ve,0.4382589192224398
142,SW,Ve|Vi,0.39601823692473465
142,SW,Ve|Vi|Se,0.16572284385282557
142,PL,Ve,0.8310526090357083
142,PL,Ve|Vi,0.1689473909642917
142,PL,Ve|Vi|Se,2.5236354565122926e-83
142,PW,Ve,0.9904648882682775
142,PW,Ve|Vi,0.009535111731722461
142,PW,Ve|Vi|Se,1.096685810382796e-24
143,SL,Se,0.9143114499963834
143,SL,Se|Ve,0.06835725999715632
143,SL,Se|Ve|Vi,0.017331290006460266
143,SW,Ve,0.6842943798328265
143,SW,Ve|Vi,0.257091824400651
143,SW,Ve|Vi|Se,0.05861379576652263
143,PL,Ve,0.9980334349256809
143,PL,Ve|Vi,0.0019665650743190977
143,PL,Ve|Vi|Se,1.973682561921584e-27
143,PW,Ve,0.9993840531407014
143,PW,Ve|Vi,0.0006159468566955752
143,PW,Ve|Vi|Se,2.6029207446396067e-12
144,SL,Vi,0.8747202722249626
144,SL,Vi|Ve,0.12527972379188823
144,SL,Vi|Ve|Se,3.983149340414002e-09
144,SW,Vi,0.4263776494583434
144,SW,Vi|Ve,0.35681966853495284
144,SW,Vi|Ve|Se,0.2168026820067038
144,PL,Vi,0.9982861922354752
144,PL,Vi|Ve,0.0017138077645248368
144,PL,Vi|Ve|Se,4.464376138478067e-167
144,PW,Vi,0.9997638703755418
144,PW,Vi|Ve,0.00023612962445809771
144,PW,Vi|Ve|Se,6.376996755488068e-75
145,SL,Vi,0.6750763196389862
145,SL,Vi|Ve,0.324921217456887
145,SL,Vi|Ve|Se,2.462904126810178e-06
145,SW,Vi,0.4455497020940194
145,SW,Vi|Se,0.282089366344787
145,SW,Vi|Se|Ve,0.2723609315611937
145,PL,Vi,0.9857306153415099
145,PL,Vi|Ve,0.01426938465849023
145,PL,Vi|Ve|Se,3.305738544465164e-145
145,PW,Vi,0.9999997839862338
145,PW,Vi|Ve,2.160137662977462e-07
145,PW,Vi|Ve|Se,1.5060309168344633e-100
146,SL,Se,0.8822363384911927
146,SL,Se|Ve,0.0944537474396383
146,SL,Se|Ve|Vi,0.02330991406916893
146,SW,Se,0.633747580665336
146,SW,Se|Vi,0.3261148827195735
146,SW,Se|Vi|Ve,0.040137536615090535
146,PL,Se,0.9999999933871734
146,PL,Se|Ve,6.60825827584403e-09
146,PL,Se|Ve|Vi,4.568366845850139e-12
146,PW,Se,0.7904867868253495
146,PW,Se|Ve,0.2094931601683508
146,PW,Se|Ve|Vi,2.005300629987113e-05
147,SL,Se,0.5118488393601172
147,SL,Se|Ve,0.38669238349652785
147,SL,Se|Ve|Vi,0.10145877714335497
147,SW,Vi,0.4263776494583434
147,SW,Vi|Ve,0.35681966853495284
147,SW,Vi|Ve|Se,0.2168026820067038
147,PL,Ve,0.8877302953670309
147,PL,Ve|Vi,0.11226970463296913
147,PL,Ve|Vi|Se,4.1743555532927584e-78
147,PW,Ve,0.8972580121947483
147,PW,Ve|Vi,0.10274198780525168
147,PW,Ve|Vi|Se,1.5904810522369183e-34
148,SL,Se,0.9642416043208745
148,SL,Se|Ve,0.026024202525143758
148,SL,Se|Ve|Vi,0.0097341931539817
148,SW,Vi,0.4263776494583434
148,SW,Vi|Ve,0.35681966853495284
148,SW,Vi|Ve|Se,0.2168026820067038
148,PL,Se,0.9999999998596122
148,PL,Se|Ve,1.4024244551665107e-10
148,PL,Se|Ve|Vi,1.4539214940897287e-13
148,PW,Se,0.9999999835624518
148,PW,Se|Ve,1.6435631266425036e-08
148,PW,Se|Ve|Vi,1.916838733879574e-12
149,SL,Se,0.7578584080922725
149,SL,Se|Ve,0.19433626898211853
149,SL,Se|Ve|Vi,0.04780532292560911
149,SW,Se,0.5425066126079543
149,SW,Se|Vi,0.3833089595751722
149,SW,Se|Vi|Ve,0.07418442781687357
149,PL,Se,0.9999999996406019
149,PL,Se|Ve,3.590790785761085e-10
149,PL,Se|Ve|Vi,3.1889448173256434e-13
149,PW,Se,0.9999999835624518
149,PW,Se|Ve,1.6435631266425036e-08
149,PW,Se|Ve|Vi,1.916838733879574e-12
