sample_index,ground_truth,dataset_split,fold,attribute,attribute_data,{Ka},{Ro},{Ca},{Ka ∪ Ro},{Ka ∪ Ca},{Ro ∪ Ca},{Ka ∪ Ro ∪ Ca}
1,Kama,test,1,A,15.26,0.8777,0.0,0.0,0.1223,0.0,0.0,0.0
1,Kama,test,1,P,14.84,0.8458,0.0,0.0,0.1541,0.0,0.0,0.0001
1,Kama,test,1,C,0.871,0.4115,0.0,0.0,0.3741,0.0,0.0,0.2144
1,Kama,test,1,KL,5.763,0.6399,0.0,0.0,0.3593,0.0,0.0,0.0008
1,Kama,test,1,KW,3.312,0.8362,0.0,0.0,0.1566,0.0,0.0,0.0072
1,Kama,test,1,AC,2.221,0.622,0.0,0.0,0.2966,0.0,0.0,0.0814
1,Kama,test,1,KG,5.22,0.0,0.0,0.6115,0.0,0.3862,0.0,0.0023
2,Kama,test,0,A,14.88,0.9385,0.0,0.0,0.0611,0.0,0.0,0.0004
2,Kama,test,0,P,14.57,0.9491,0.0,0.0,0.0492,0.0,0.0,0.0017
2,Kama,test,0,C,0.8811,0.0,0.4472,0.0,0.4379,0.0,0.0,0.1149
2,Kama,test,0,KL,5.554,0.821,0.0,0.0,0.0,0.11,0.0,0.069
2,Kama,test,0,KW,3.333,0.8138,0.0,0.0,0.1794,0.0,0.0,0.0068
2,Kama,test,0,AC,1.018,0.75,0.0,0.0,0.2017,0.0,0.0,0.0483
2,Kama,test,0,KG,4.956,0.0,0.0,0.5418,0.0,0.4581,0.0,0.0001
3,Kama,test,1,A,14.29,0.9709,0.0,0.0,0.0227,0.0,0.0,0.0064
3,Kama,test,1,P,14.09,0.9118,0.0,0.0,0.0,0.0831,0.0,0.0051
3,Kama,test,1,C,0.905,0.0,0.5329,0.0,0.434,0.0,0.0,0.0331
3,Kama,test,1,KL,5.291,0.0,0.0,0.7059,0.0,0.2918,0.0,0.0023
3,Kama,test,1,KW,3.337,0.7993,0.0,0.0,0.1966,0.0,0.0,0.0041
3,Kama,test,1,AC,2.699,0.5169,0.0,0.0,0.3571,0.0,0.0,0.126
3,Kama,test,1,KG,4.825,0.7008,0.0,0.0,0.0,0.2992,0.0,0.0
4,Kama,test,2,A,13.84,0.9527,0.0,0.0,0.0,0.0419,0.0,0.0054
4,Kama,test,2,P,13.94,0.8037,0.0,0.0,0.0,0.1945,0.0,0.0018
4,Kama,test,2,C,0.8955,0.0,0.5263,0.0,0.4228,0.0,0.0,0.0509
4,Kama,test,2,KL,5.324,0.0,0.0,0.6439,0.0,0.3513,0.0,0.0048
4,Kama,test,2,KW,3.379,0.7704,0.0,0.0,0.2268,0.0,0.0,0.0028
4,Kama,test,2,AC,2.259,0.5967,0.0,0.0,0.3307,0.0,0.0,0.0726
4,Kama,test,2,KG,4.805,0.6662,0.0,0.0,0.0,0.3338,0.0,0.0
5,Kama,test,0,A,16.14,0.5108,0.0,0.0,0.4892,0.0,0.0,0.0
5,Kama,test,0,P,14.99,0.7127,0.0,0.0,0.2873,0.0,0.0,0.0
5,Kama,test,0,C,0.9034,0.0,0.6017,0.0,0.352,0.0,0.0,0.0463
5,Kama,test,0,KL,5.658,0.8019,0.0,0.0,0.1777,0.0,0.0,0.0204
5,Kama,test,0,KW,3.562,0.0,0.8345,0.0,0.1655,0.0,0.0,0.0
5,Kama,test,0,AC,1.355,0.7099,0.0,0.0,0.23,0.0,0.0,0.0601
5,Kama,test,0,KG,5.175,0.0,0.0,0.6047,0.0,0.3937,0.0,0.0016
6,Kama,test,2,A,14.38,0.98,0.0,0.0,0.016,0.0,0.0,0.004
6,Kama,test,2,P,14.21,0.9661,0.0,0.0,0.0,0.0264,0.0,0.0075
6,Kama,test,2,C,0.8951,0.0,0.5266,0.0,0.4217,0.0,0.0,0.0517
6,Kama,test,2,KL,5.386,0.5,0.0,0.0,0.0,0.4893,0.0,0.0107
6,Kama,test,2,KW,3.312,0.8939,0.0,0.0,0.0952,0.0,0.0,0.0109
6,Kama,test,2,AC,2.462,0.5549,0.0,0.0,0.3577,0.0,0.0,0.0874
6,Kama,test,2,KG,4.956,0.0,0.0,0.5336,0.0,0.4662,0.0,0.0002
7,Kama,test,1,A,14.69,0.9537,0.0,0.0,0.0454,0.0,0.0,0.0009
7,Kama,test,1,P,14.49,0.9638,0.0,0.0,0.0334,0.0,0.0,0.0028
7,Kama,test,1,C,0.8799,0.444,0.0,0.0,0.4384,0.0,0.0,0.1176
7,Kama,test,1,KL,5.563,0.8632,0.0,0.0,0.0,0.0686,0.0,0.0682
7,Kama,test,1,KW,3.259,0.8847,0.0,0.0,0.0941,0.0,0.0,0.0212
7,Kama,test,1,AC,3.586,0.0,0.4305,0.0,0.3125,0.0,0.0,0.257
7,Kama,test,1,KG,5.219,0.0,0.0,0.6119,0.0,0.3858,0.0,0.0023
8,Kama,test,0,A,14.11,0.9696,0.0,0.0,0.0,0.0158,0.0,0.0146
8,Kama,test,0,P,14.1,0.908,0.0,0.0,0.0,0.0869,0.0,0.0051
8,Kama,test,0,C,0.8911,0.0,0.5277,0.0,0.4041,0.0,0.0,0.0682
8,Kama,test,0,KL,5.42,0.5711,0.0,0.0,0.0,0.4145,0.0,0.0144
8,Kama,test,0,KW,3.302,0.861,0.0,0.0,0.1265,0.0,0.0,0.0125
8,Kama,test,0,AC,2.7,0.49,0.0,0.0,0.3575,0.0,0.0,0.1525
8,Kama,test,0,KG,5.0,0.0,0.0,0.5763,0.0,0.4236,0.0,0.0001
9,Kama,test,2,A,16.63,0.0,0.7364,0.0,0.2636,0.0,0.0,0.0
9,Kama,test,2,P,15.46,0.0,0.8293,0.0,0.1707,0.0,0.0,0.0
9,Kama,test,2,C,0.8747,0.0,0.4318,0.0,0.4072,0.0,0.0,0.161
9,Kama,test,2,KL,6.053,0.0,0.9389,0.0,0.0611,0.0,0.0,0.0
9,Kama,test,2,KW,3.465,0.0,0.5137,0.0,0.486,0.0,0.0,0.0003
9,Kama,test,2,AC,2.04,0.6399,0.0,0.0,0.3007,0.0,0.0,0.0594
9,Kama,test,2,KG,5.877,0.0,0.9914,0.0,0.0086,0.0,0.0,0.0
10,Kama,test,1,A,16.44,0.0,0.6181,0.0,0.3819,0.0,0.0,0.0
10,Kama,test,1,P,15.25,0.0,0.5795,0.0,0.4205,0.0,0.0,0.0
10,Kama,test,1,C,0.888,0.0,0.4781,0.0,0.4502,0.0,0.0,0.0717
10,Kama,test,1,KL,5.884,0.0,0.6725,0.0,0.3275,0.0,0.0,0.0
10,Kama,test,1,KW,3.505,0.0,0.6241,0.0,0.3758,0.0,0.0,0.0001
10,Kama,test,1,AC,1.969,0.6722,0.0,0.0,0.2638,0.0,0.0,0.064
10,Kama,test,1,KG,5.533,0.5138,0.0,0.0,0.3572,0.0,0.0,0.129
11,Kama,test,1,A,15.26,0.8777,0.0,0.0,0.1223,0.0,0.0,0.0
11,Kama,test,1,P,14.85,0.8394,0.0,0.0,0.1605,0.0,0.0,0.0001
11,Kama,test,1,C,0.8696,0.4027,0.0,0.0,0.3613,0.0,0.0,0.236
11,Kama,test,1,KL,5.714,0.7442,0.0,0.0,0.253,0.0,0.0,0.0028
11,Kama,test,1,KW,3.242,0.8913,0.0,0.0,0.0792,0.0,0.0,0.0295
11,Kama,test,1,AC,4.543,0.0,0.0,0.4607,0.0,0.0,0.4013,0.138
11,Kama,test,1,KG,5.314,0.0,0.0,0.5372,0.0,0.4514,0.0,0.0114
12,Kama,test,4,A,14.03,0.9838,0.0,0.0,0.0,0.0115,0.0,0.0047
12,Kama,test,4,P,14.16,0.9671,0.0,0.0,0.0,0.0312,0.0,0.0017
12,Kama,test,4,C,0.8796,0.4615,0.0,0.0,0.4208,0.0,0.0,0.1177
12,Kama,test,4,KL,5.438,0.6395,0.0,0.0,0.0,0.3496,0.0,0.0109
12,Kama,test,4,KW,3.201,0.9233,0.0,0.0,0.0,0.0484,0.0,0.0283
12,Kama,test,4,AC,1.717,0.7058,0.0,0.0,0.2378,0.0,0.0,0.0564
12,Kama,test,4,KG,5.001,0.0,0.0,0.5738,0.0,0.4261,0.0,0.0001
13,Kama,test,0,A,13.89,0.9516,0.0,0.0,0.0,0.0387,0.0,0.0097
13,Kama,test,0,P,14.02,0.8524,0.0,0.0,0.0,0.1443,0.0,0.0033
13,Kama,test,0,C,0.888,0.0,0.505,0.0,0.4163,0.0,0.0,0.0787
13,Kama,test,0,KL,5.439,0.6178,0.0,0.0,0.0,0.3638,0.0,0.0184
13,Kama,test,0,KW,3.199,0.89,0.0,0.0,0.0,0.075,0.0,0.035
13,Kama,test,0,AC,3.986,0.0,0.414,0.0,0.0,0.0,0.3498,0.2362
13,Kama,test,0,KG,4.738,0.7635,0.0,0.0,0.0,0.2365,0.0,0.0
14,Kama,test,0,A,13.78,0.9334,0.0,0.0,0.0,0.0587,0.0,0.0079
14,Kama,test,0,P,14.06,0.883,0.0,0.0,0.0,0.1129,0.0,0.0041
14,Kama,test,0,C,0.8759,0.4445,0.0,0.0,0.3956,0.0,0.0,0.1599
14,Kama,test,0,KL,5.479,0.7095,0.0,0.0,0.0,0.2603,0.0,0.0302
14,Kama,test,0,KW,3.156,0.8386,0.0,0.0,0.0,0.1421,0.0,0.0193
14,Kama,test,0,AC,3.136,0.403,0.0,0.0,0.3914,0.0,0.0,0.2056
14,Kama,test,0,KG,4.872,0.5549,0.0,0.0,0.0,0.4451,0.0,0.0
15,Kama,test,3,A,13.74,0.9092,0.0,0.0,0.0,0.0846,0.0,0.0062
15,Kama,test,3,P,14.05,0.8815,0.0,0.0,0.0,0.1144,0.0,0.0041
15,Kama,test,3,C,0.8744,0.4086,0.0,0.0,0.4014,0.0,0.0,0.19
15,Kama,test,3,KL,5.482,0.7107,0.0,0.0,0.0,0.2569,0.0,0.0324
15,Kama,test,3,KW,3.114,0.6973,0.0,0.0,0.0,0.2926,0.0,0.0101
15,Kama,test,3,AC,2.932,0.4331,0.0,0.0,0.4143,0.0,0.0,0.1526
15,Kama,test,3,KG,4.825,0.6311,0.0,0.0,0.0,0.3689,0.0,0.0
16,Kama,test,3,A,14.59,0.9669,0.0,0.0,0.0306,0.0,0.0,0.0025
16,Kama,test,3,P,14.28,0.9684,0.0,0.0,0.0,0.0191,0.0,0.0125
16,Kama,test,3,C,0.8993,0.0,0.5019,0.0,0.44,0.0,0.0,0.0581
16,Kama,test,3,KL,5.351,0.0,0.0,0.5892,0.0,0.4042,0.0,0.0066
16,Kama,test,3,KW,3.333,0.8306,0.0,0.0,0.1599,0.0,0.0,0.0095
16,Kama,test,3,AC,4.185,0.0,0.4264,0.0,0.0,0.0,0.349,0.2246
16,Kama,test,3,KG,4.781,0.7006,0.0,0.0,0.0,0.2994,0.0,0.0
17,Kama,test,0,A,13.99,0.9623,0.0,0.0,0.0,0.026,0.0,0.0117
17,Kama,test,0,P,13.83,0.6329,0.0,0.0,0.0,0.3661,0.0,0.001
17,Kama,test,0,C,0.9183,0.0,0.6621,0.0,0.2936,0.0,0.0,0.0443
17,Kama,test,0,KL,5.119,0.0,0.0,0.8372,0.0,0.1625,0.0,0.0003
17,Kama,test,0,KW,3.383,0.6986,0.0,0.0,0.2991,0.0,0.0,0.0023
17,Kama,test,0,AC,5.234,0.0,0.0,0.6213,0.0,0.0,0.3099,0.0688
17,Kama,test,0,KG,4.781,0.6947,0.0,0.0,0.0,0.3053,0.0,0.0
18,Kama,test,4,A,15.69,0.8238,0.0,0.0,0.1762,0.0,0.0,0.0
18,Kama,test,4,P,14.75,0.9457,0.0,0.0,0.0543,0.0,0.0,0.0
18,Kama,test,4,C,0.9058,0.0,0.5837,0.0,0.3883,0.0,0.0,0.028
18,Kama,test,4,KL,5.527,0.8376,0.0,0.0,0.0,0.1275,0.0,0.0349
18,Kama,test,4,KW,3.514,0.0,0.6555,0.0,0.3445,0.0,0.0,0.0
18,Kama,test,4,AC,1.599,0.7206,0.0,0.0,0.2284,0.0,0.0,0.051
18,Kama,test,4,KG,5.046,0.0,0.0,0.6067,0.0,0.3932,0.0,0.0001
19,Kama,test,4,A,14.7,0.9788,0.0,0.0,0.0209,0.0,0.0,0.0003
19,Kama,test,4,P,14.21,0.978,0.0,0.0,0.0,0.0197,0.0,0.0023
19,Kama,test,4,C,0.9153,0.0,0.6464,0.0,0.3329,0.0,0.0,0.0207
19,Kama,test,4,KL,5.205,0.0,0.0,0.7964,0.0,0.2032,0.0,0.0004
19,Kama,test,4,KW,3.466,0.5013,0.0,0.0,0.4986,0.0,0.0,0.0001
19,Kama,test,4,AC,1.767,0.6992,0.0,0.0,0.2419,0.0,0.0,0.0589
19,Kama,test,4,KG,4.649,0.931,0.0,0.0,0.0,0.069,0.0,0.0
20,Kama,test,1,A,12.72,0.0,0.0,0.6637,0.0,0.3356,0.0,0.0007
20,Kama,test,1,P,13.57,0.0,0.0,0.7,0.0,0.2998,0.0,0.0002
20,Kama,test,1,C,0.8686,0.3957,0.0,0.0,0.3516,0.0,0.0,0.2527
20,Kama,test,1,KL,5.226,0.0,0.0,0.7863,0.0,0.2127,0.0,0.001
20,Kama,test,1,KW,3.049,0.5212,0.0,0.0,0.0,0.4721,0.0,0.0067
20,Kama,test,1,AC,4.102,0.0,0.43,0.0,0.0,0.0,0.3612,0.2088
20,Kama,test,1,KG,4.914,0.5503,0.0,0.0,0.0,0.4497,0.0,0.0
21,Kama,test,3,A,14.16,0.9691,0.0,0.0,0.0,0.017,0.0,0.0139
21,Kama,test,3,P,14.4,0.9721,0.0,0.0,0.0216,0.0,0.0,0.0063
21,Kama,test,3,C,0.8584,0.0,0.0,0.5078,0.0,0.2795,0.0,0.2127
21,Kama,test,3,KL,5.658,0.8119,0.0,0.0,0.1697,0.0,0.0,0.0184
21,Kama,test,3,KW,3.129,0.7402,0.0,0.0,0.0,0.2471,0.0,0.0127
21,Kama,test,3,AC,3.072,0.0,0.4253,0.0,0.4075,0.0,0.0,0.1672
21,Kama,test,3,KG,5.176,0.0,0.0,0.6165,0.0,0.3809,0.0,0.0026
22,Kama,test,0,A,14.11,0.9696,0.0,0.0,0.0,0.0158,0.0,0.0146
22,Kama,test,0,P,14.26,0.9618,0.0,0.0,0.0,0.0268,0.0,0.0114
22,Kama,test,0,C,0.8722,0.4404,0.0,0.0,0.3541,0.0,0.0,0.2055
22,Kama,test,0,KL,5.52,0.7828,0.0,0.0,0.0,0.1689,0.0,0.0483
22,Kama,test,0,KW,3.168,0.8573,0.0,0.0,0.0,0.1198,0.0,0.0229
22,Kama,test,0,AC,2.688,0.4923,0.0,0.0,0.3564,0.0,0.0,0.1513
22,Kama,test,0,KG,5.219,0.0,0.0,0.5848,0.0,0.412,0.0,0.0032
23,Kama,test,0,A,15.88,0.6521,0.0,0.0,0.3479,0.0,0.0,0.0
23,Kama,test,0,P,14.9,0.7946,0.0,0.0,0.2054,0.0,0.0,0.0
23,Kama,test,0,C,0.8988,0.0,0.5767,0.0,0.3716,0.0,0.0,0.0517
23,Kama,test,0,KL,5.618,0.8319,0.0,0.0,0.1265,0.0,0.0,0.0416
23,Kama,test,0,KW,3.507,0.0,0.6994,0.0,0.3005,0.0,0.0,0.0001
23,Kama,test,0,AC,0.7651,0.7764,0.0,0.0,0.1823,0.0,0.0,0.0413
23,Kama,test,0,KG,5.091,0.0,0.0,0.6121,0.0,0.3874,0.0,0.0005
24,Kama,test,3,A,12.08,0.0,0.0,0.8959,0.0,0.104,0.0,0.0001
24,Kama,test,3,P,13.23,0.0,0.0,0.8948,0.0,0.1052,0.0,0.0
24,Kama,test,3,C,0.8664,0.3638,0.0,0.0,0.3194,0.0,0.0,0.3168
24,Kama,test,3,KL,5.099,0.0,0.0,0.8111,0.0,0.1884,0.0,0.0005
24,Kama,test,3,KW,2.936,0.0,0.0,0.838,0.0,0.1617,0.0,0.0003
24,Kama,test,3,AC,1.415,0.7146,0.0,0.0,0.2254,0.0,0.0,0.06
24,Kama,test,3,KG,4.961,0.0,0.0,0.5423,0.0,0.4575,0.0,0.0002
25,Kama,test,3,A,15.01,0.9335,0.0,0.0,0.0662,0.0,0.0,0.0003
25,Kama,test,3,P,14.76,0.8955,0.0,0.0,0.1044,0.0,0.0,0.0001
25,Kama,test,3,C,0.8657,0.358,0.0,0.0,0.0,0.3311,0.0,0.3109
25,Kama,test,3,KL,5.789,0.5824,0.0,0.0,0.4167,0.0,0.0,0.0009
25,Kama,test,3,KW,3.245,0.894,0.0,0.0,0.0595,0.0,0.0,0.0465
25,Kama,test,3,AC,1.791,0.6483,0.0,0.0,0.2769,0.0,0.0,0.0748
25,Kama,test,3,KG,5.001,0.0,0.0,0.575,0.0,0.4247,0.0,0.0003
26,Kama,test,4,A,16.19,0.5854,0.0,0.0,0.4146,0.0,0.0,0.0
26,Kama,test,4,P,15.16,0.6214,0.0,0.0,0.3786,0.0,0.0,0.0
26,Kama,test,4,C,0.8849,0.4623,0.0,0.0,0.4551,0.0,0.0,0.0826
26,Kama,test,4,KL,5.833,0.0,0.5155,0.0,0.4844,0.0,0.0,0.0001
26,Kama,test,4,KW,3.421,0.6474,0.0,0.0,0.3523,0.0,0.0,0.0003
26,Kama,test,4,AC,0.903,0.7879,0.0,0.0,0.1831,0.0,0.0,0.029
26,Kama,test,4,KG,5.307,0.0,0.0,0.5386,0.0,0.4537,0.0,0.0077
27,Kama,test,2,A,13.02,0.5391,0.0,0.0,0.0,0.4602,0.0,0.0007
27,Kama,test,2,P,13.76,0.5462,0.0,0.0,0.0,0.4532,0.0,0.0006
27,Kama,test,2,C,0.8641,0.3747,0.0,0.0,0.0,0.3435,0.0,0.2818
27,Kama,test,2,KL,5.395,0.5245,0.0,0.0,0.0,0.4634,0.0,0.0121
27,Kama,test,2,KW,3.026,0.0,0.0,0.5581,0.0,0.4414,0.0,0.0005
27,Kama,test,2,AC,3.373,0.0,0.4445,0.0,0.3617,0.0,0.0,0.1938
27,Kama,test,2,KG,4.825,0.6347,0.0,0.0,0.0,0.3653,0.0,0.0
28,Kama,test,3,A,12.74,0.0,0.0,0.6783,0.0,0.3213,0.0,0.0004
28,Kama,test,3,P,13.67,0.0,0.0,0.5958,0.0,0.4038,0.0,0.0004
28,Kama,test,3,C,0.8564,0.0,0.0,0.5621,0.0,0.253,0.0,0.1849
28,Kama,test,3,KL,5.395,0.5012,0.0,0.0,0.0,0.4874,0.0,0.0114
28,Kama,test,3,KW,2.956,0.0,0.0,0.7988,0.0,0.2007,0.0,0.0005
28,Kama,test,3,AC,2.504,0.5136,0.0,0.0,0.3705,0.0,0.0,0.1159
28,Kama,test,3,KG,4.869,0.5657,0.0,0.0,0.0,0.4342,0.0,0.0001
29,Kama,test,2,A,14.11,0.977,0.0,0.0,0.0,0.0137,0.0,0.0093
29,Kama,test,2,P,14.18,0.9594,0.0,0.0,0.0,0.0341,0.0,0.0065
29,Kama,test,2,C,0.882,0.0,0.4938,0.0,0.4072,0.0,0.0,0.099
29,Kama,test,2,KL,5.541,0.8432,0.0,0.0,0.0,0.0937,0.0,0.0631
29,Kama,test,2,KW,3.221,0.9214,0.0,0.0,0.0,0.0546,0.0,0.024
29,Kama,test,2,AC,2.754,0.4932,0.0,0.0,0.3931,0.0,0.0,0.1137
29,Kama,test,2,KG,5.038,0.0,0.0,0.5915,0.0,0.408,0.0,0.0005
30,Kama,test,2,A,13.45,0.8324,0.0,0.0,0.0,0.1653,0.0,0.0023
30,Kama,test,2,P,14.02,0.8806,0.0,0.0,0.0,0.1165,0.0,0.0029
30,Kama,test,2,C,0.8604,0.0,0.0,0.4376,0.0,0.343,0.0,0.2194
30,Kama,test,2,KL,5.516,0.8145,0.0,0.0,0.0,0.1363,0.0,0.0492
30,Kama,test,2,KW,3.065,0.584,0.0,0.0,0.0,0.4147,0.0,0.0013
30,Kama,test,2,AC,3.531,0.0,0.4501,0.0,0.3292,0.0,0.0,0.2207
30,Kama,test,2,KG,5.097,0.0,0.0,0.6097,0.0,0.3893,0.0,0.001
31,Kama,test,3,A,13.16,0.6022,0.0,0.0,0.0,0.3962,0.0,0.0016
31,Kama,test,3,P,13.82,0.6144,0.0,0.0,0.0,0.3845,0.0,0.0011
31,Kama,test,3,C,0.8662,0.3622,0.0,0.0,0.0,0.3208,0.0,0.317
31,Kama,test,3,KL,5.454,0.6463,0.0,0.0,0.0,0.3302,0.0,0.0235
31,Kama,test,3,KW,2.975,0.0,0.0,0.7546,0.0,0.2447,0.0,0.0007
31,Kama,test,3,AC,0.8551,0.801,0.0,0.0,0.1552,0.0,0.0,0.0438
31,Kama,test,3,KG,5.056,0.0,0.0,0.6054,0.0,0.394,0.0,0.0006
32,Kama,test,3,A,15.49,0.8435,0.0,0.0,0.1565,0.0,0.0,0.0
32,Kama,test,3,P,14.94,0.7861,0.0,0.0,0.2139,0.0,0.0,0.0
32,Kama,test,3,C,0.8724,0.4006,0.0,0.0,0.3837,0.0,0.0,0.2157
32,Kama,test,3,KL,5.757,0.6542,0.0,0.0,0.3438,0.0,0.0,0.002
32,Kama,test,3,KW,3.371,0.7616,0.0,0.0,0.234,0.0,0.0,0.0044
32,Kama,test,3,AC,3.412,0.0,0.4431,0.0,0.3475,0.0,0.0,0.2094
32,Kama,test,3,KG,5.228,0.0,0.0,0.5975,0.0,0.3972,0.0,0.0053
33,Kama,test,4,A,14.09,0.9861,0.0,0.0,0.0,0.0086,0.0,0.0053
33,Kama,test,4,P,14.41,0.9898,0.0,0.0,0.0077,0.0,0.0,0.0025
33,Kama,test,4,C,0.8529,0.0,0.0,0.6542,0.0,0.1977,0.0,0.1481
33,Kama,test,4,KL,5.717,0.7659,0.0,0.0,0.2312,0.0,0.0,0.0029
33,Kama,test,4,KW,3.186,0.9128,0.0,0.0,0.0,0.0641,0.0,0.0231
33,Kama,test,4,AC,3.92,0.0,0.4143,0.0,0.0,0.0,0.3353,0.2504
33,Kama,test,4,KG,5.299,0.0,0.0,0.5476,0.0,0.4457,0.0,0.0067
34,Kama,test,4,A,13.94,0.9786,0.0,0.0,0.0,0.0176,0.0,0.0038
34,Kama,test,4,P,14.17,0.9697,0.0,0.0,0.0,0.0285,0.0,0.0018
34,Kama,test,4,C,0.8728,0.4395,0.0,0.0,0.37,0.0,0.0,0.1905
34,Kama,test,4,KL,5.585,0.8834,0.0,0.0,0.0666,0.0,0.0,0.05
34,Kama,test,4,KW,3.15,0.8659,0.0,0.0,0.0,0.1203,0.0,0.0138
34,Kama,test,4,AC,2.124,0.646,0.0,0.0,0.2738,0.0,0.0,0.0802
34,Kama,test,4,KG,5.012,0.0,0.0,0.5831,0.0,0.4168,0.0,0.0001
35,Kama,test,3,A,15.05,0.9286,0.0,0.0,0.0712,0.0,0.0,0.0002
35,Kama,test,3,P,14.68,0.9254,0.0,0.0,0.0743,0.0,0.0,0.0003
35,Kama,test,3,C,0.8779,0.0,0.4279,0.0,0.4189,0.0,0.0,0.1532
35,Kama,test,3,KL,5.712,0.74,0.0,0.0,0.2542,0.0,0.0,0.0058
35,Kama,test,3,KW,3.328,0.8378,0.0,0.0,0.1517,0.0,0.0,0.0105
35,Kama,test,3,AC,2.129,0.585,0.0,0.0,0.3232,0.0,0.0,0.0918
35,Kama,test,3,KG,5.36,0.4908,0.0,0.0,0.0,0.473,0.0,0.0362
36,Kama,test,3,A,16.12,0.5878,0.0,0.0,0.4122,0.0,0.0,0.0
36,Kama,test,3,P,15.0,0.7341,0.0,0.0,0.2659,0.0,0.0,0.0
36,Kama,test,3,C,0.9,0.0,0.5025,0.0,0.4405,0.0,0.0,0.057
36,Kama,test,3,KL,5.709,0.7449,0.0,0.0,0.2488,0.0,0.0,0.0063
36,Kama,test,3,KW,3.485,0.0,0.5632,0.0,0.4365,0.0,0.0,0.0003
36,Kama,test,3,AC,2.27,0.5581,0.0,0.0,0.3417,0.0,0.0,0.1002
36,Kama,test,3,KG,5.443,0.5509,0.0,0.0,0.0,0.3316,0.0,0.1175
37,Kama,test,2,A,16.2,0.5106,0.0,0.0,0.4894,0.0,0.0,0.0
37,Kama,test,2,P,15.27,0.0,0.6269,0.0,0.3731,0.0,0.0,0.0
37,Kama,test,2,C,0.8734,0.0,0.4171,0.0,0.4063,0.0,0.0,0.1766
37,Kama,test,2,KL,5.826,0.0,0.5355,0.0,0.4644,0.0,0.0,0.0001
37,Kama,test,2,KW,3.464,0.0,0.51,0.0,0.4897,0.0,0.0,0.0003
37,Kama,test,2,AC,2.823,0.4785,0.0,0.0,0.4007,0.0,0.0,0.1208
37,Kama,test,2,KG,5.527,0.4721,0.0,0.0,0.4024,0.0,0.0,0.1255
38,Kama,test,0,A,17.08,0.0,0.9004,0.0,0.0996,0.0,0.0,0.0
38,Kama,test,0,P,15.38,0.0,0.7412,0.0,0.2588,0.0,0.0,0.0
38,Kama,test,0,C,0.9079,0.0,0.6231,0.0,0.3334,0.0,0.0,0.0435
38,Kama,test,0,KL,5.832,0.0,0.5454,0.0,0.4542,0.0,0.0,0.0004
38,Kama,test,0,KW,3.683,0.0,0.9666,0.0,0.0334,0.0,0.0,0.0
38,Kama,test,0,AC,2.956,0.4394,0.0,0.0,0.3786,0.0,0.0,0.182
38,Kama,test,0,KG,5.484,0.597,0.0,0.0,0.0,0.2084,0.0,0.1946
39,Kama,test,3,A,14.8,0.9541,0.0,0.0,0.045,0.0,0.0,0.0009
39,Kama,test,3,P,14.52,0.9612,0.0,0.0,0.0369,0.0,0.0,0.0019
39,Kama,test,3,C,0.8823,0.0,0.4543,0.0,0.4269,0.0,0.0,0.1188
39,Kama,test,3,KL,5.656,0.8138,0.0,0.0,0.167,0.0,0.0,0.0192
39,Kama,test,3,KW,3.288,0.8799,0.0,0.0,0.098,0.0,0.0,0.0221
39,Kama,test,3,AC,3.112,0.0,0.4281,0.0,0.4003,0.0,0.0,0.1716
39,Kama,test,3,KG,5.309,0.0,0.0,0.5354,0.0,0.4475,0.0,0.0171
40,Kama,test,4,A,14.28,0.9886,0.0,0.0,0.0082,0.0,0.0,0.0032
40,Kama,test,4,P,14.17,0.9697,0.0,0.0,0.0,0.0285,0.0,0.0018
40,Kama,test,4,C,0.8944,0.0,0.5127,0.0,0.4401,0.0,0.0,0.0472
40,Kama,test,4,KL,5.397,0.525,0.0,0.0,0.0,0.469,0.0,0.006
40,Kama,test,4,KW,3.298,0.8973,0.0,0.0,0.0963,0.0,0.0,0.0064
40,Kama,test,4,AC,6.685,0.0,0.0,0.8297,0.0,0.0,0.1662,0.0041
40,Kama,test,4,KG,5.001,0.0,0.0,0.5738,0.0,0.4261,0.0,0.0001
41,Kama,test,4,A,13.54,0.9027,0.0,0.0,0.0,0.0958,0.0,0.0015
41,Kama,test,4,P,13.85,0.7085,0.0,0.0,0.0,0.2913,0.0,0.0002
41,Kama,test,4,C,0.8871,0.0,0.4687,0.0,0.4594,0.0,0.0,0.0719
41,Kama,test,4,KL,5.348,0.0,0.0,0.5954,0.0,0.4018,0.0,0.0028
41,Kama,test,4,KW,3.156,0.8761,0.0,0.0,0.0,0.1088,0.0,0.0151
41,Kama,test,4,AC,2.587,0.5603,0.0,0.0,0.3195,0.0,0.0,0.1202
41,Kama,test,4,KG,5.178,0.0,0.0,0.6278,0.0,0.3714,0.0,0.0008
42,Kama,test,2,A,13.5,0.856,0.0,0.0,0.0,0.1415,0.0,0.0025
42,Kama,test,2,P,13.85,0.685,0.0,0.0,0.0,0.3139,0.0,0.0011
42,Kama,test,2,C,0.8852,0.0,0.5104,0.0,0.4076,0.0,0.0,0.082
42,Kama,test,2,KL,5.351,0.0,0.0,0.5826,0.0,0.4106,0.0,0.0068
42,Kama,test,2,KW,3.158,0.8497,0.0,0.0,0.0,0.1421,0.0,0.0082
42,Kama,test,2,AC,2.249,0.5986,0.0,0.0,0.3294,0.0,0.0,0.072
42,Kama,test,2,KG,5.176,0.0,0.0,0.6044,0.0,0.3927,0.0,0.0029
43,Kama,test,1,A,13.16,0.6497,0.0,0.0,0.0,0.3478,0.0,0.0025
43,Kama,test,1,P,13.55,0.0,0.0,0.72,0.0,0.2798,0.0,0.0002
43,Kama,test,1,C,0.9009,0.0,0.5218,0.0,0.4398,0.0,0.0,0.0384
43,Kama,test,1,KL,5.138,0.0,0.0,0.8371,0.0,0.1625,0.0,0.0004
43,Kama,test,1,KW,3.201,0.8862,0.0,0.0,0.0,0.0623,0.0,0.0515
43,Kama,test,1,AC,2.461,0.5706,0.0,0.0,0.3277,0.0,0.0,0.1017
43,Kama,test,1,KG,4.783,0.7737,0.0,0.0,0.0,0.2263,0.0,0.0
44,Kama,test,1,A,15.5,0.8171,0.0,0.0,0.1829,0.0,0.0,0.0
44,Kama,test,1,P,14.86,0.8328,0.0,0.0,0.1672,0.0,0.0,0.0
44,Kama,test,1,C,0.882,0.0,0.45,0.0,0.4472,0.0,0.0,0.1028
44,Kama,test,1,KL,5.877,0.0,0.6553,0.0,0.3447,0.0,0.0,0.0
44,Kama,test,1,KW,3.396,0.6781,0.0,0.0,0.3209,0.0,0.0,0.001
44,Kama,test,1,AC,4.711,0.0,0.0,0.4996,0.0,0.0,0.3845,0.1159
44,Kama,test,1,KG,5.528,0.5239,0.0,0.0,0.3379,0.0,0.0,0.1382
45,Kama,test,3,A,15.11,0.9204,0.0,0.0,0.0794,0.0,0.0,0.0002
45,Kama,test,3,P,14.54,0.9582,0.0,0.0,0.0403,0.0,0.0,0.0015
45,Kama,test,3,C,0.8986,0.0,0.5014,0.0,0.4394,0.0,0.0,0.0592
45,Kama,test,3,KL,5.579,0.8383,0.0,0.0,0.0869,0.0,0.0,0.0748
45,Kama,test,3,KW,3.462,0.5094,0.0,0.0,0.4901,0.0,0.0,0.0005
45,Kama,test,3,AC,3.128,0.0,0.4291,0.0,0.3974,0.0,0.0,0.1735
45,Kama,test,3,KG,5.18,0.0,0.0,0.6155,0.0,0.3817,0.0,0.0028
46,Kama,test,3,A,13.8,0.9243,0.0,0.0,0.0,0.0687,0.0,0.007
46,Kama,test,3,P,14.04,0.8739,0.0,0.0,0.0,0.1222,0.0,0.0039
46,Kama,test,3,C,0.8794,0.0,0.4378,0.0,0.4221,0.0,0.0,0.1401
46,Kama,test,3,KL,5.376,0.0,0.0,0.5338,0.0,0.4572,0.0,0.009
46,Kama,test,3,KW,3.155,0.8025,0.0,0.0,0.0,0.179,0.0,0.0185
46,Kama,test,3,AC,1.56,0.6897,0.0,0.0,0.245,0.0,0.0,0.0653
46,Kama,test,3,KG,4.961,0.0,0.0,0.5423,0.0,0.4575,0.0,0.0002
47,Kama,test,2,A,15.36,0.8822,0.0,0.0,0.1178,0.0,0.0,0.0
47,Kama,test,2,P,14.76,0.8988,0.0,0.0,0.1011,0.0,0.0,0.0001
47,Kama,test,2,C,0.8861,0.0,0.514,0.0,0.408,0.0,0.0,0.078
47,Kama,test,2,KL,5.701,0.7527,0.0,0.0,0.2437,0.0,0.0,0.0036
47,Kama,test,2,KW,3.393,0.7321,0.0,0.0,0.2659,0.0,0.0,0.002
47,Kama,test,2,AC,1.367,0.758,0.0,0.0,0.2102,0.0,0.0,0.0318
47,Kama,test,2,KG,5.132,0.0,0.0,0.6116,0.0,0.3868,0.0,0.0016
48,Kama,test,0,A,14.99,0.9248,0.0,0.0,0.075,0.0,0.0,0.0002
48,Kama,test,0,P,14.56,0.9511,0.0,0.0,0.047,0.0,0.0,0.0019
48,Kama,test,0,C,0.8883,0.0,0.5072,0.0,0.4152,0.0,0.0,0.0776
48,Kama,test,0,KL,5.57,0.831,0.0,0.0,0.0,0.088,0.0,0.081
48,Kama,test,0,KW,3.377,0.715,0.0,0.0,0.2824,0.0,0.0,0.0026
48,Kama,test,0,AC,2.958,0.4389,0.0,0.0,0.3788,0.0,0.0,0.1823
48,Kama,test,0,KG,5.175,0.0,0.0,0.6047,0.0,0.3937,0.0,0.0016
49,Kama,test,0,A,14.79,0.9477,0.0,0.0,0.0517,0.0,0.0,0.0006
49,Kama,test,0,P,14.52,0.9582,0.0,0.0,0.0391,0.0,0.0,0.0027
49,Kama,test,0,C,0.8819,0.0,0.4545,0.0,0.4359,0.0,0.0,0.1096
49,Kama,test,0,KL,5.545,0.8131,0.0,0.0,0.0,0.1239,0.0,0.063
49,Kama,test,0,KW,3.291,0.8733,0.0,0.0,0.1113,0.0,0.0,0.0154
49,Kama,test,0,AC,2.704,0.4892,0.0,0.0,0.3578,0.0,0.0,0.153
49,Kama,test,0,KG,5.111,0.0,0.0,0.6139,0.0,0.3855,0.0,0.0006
50,Kama,test,2,A,14.86,0.957,0.0,0.0,0.0426,0.0,0.0,0.0004
50,Kama,test,2,P,14.67,0.9332,0.0,0.0,0.0666,0.0,0.0,0.0002
50,Kama,test,2,C,0.8676,0.3935,0.0,0.0,0.338,0.0,0.0,0.2685
50,Kama,test,2,KL,5.678,0.7891,0.0,0.0,0.2047,0.0,0.0,0.0062
50,Kama,test,2,KW,3.258,0.9277,0.0,0.0,0.043,0.0,0.0,0.0293
50,Kama,test,2,AC,2.129,0.6226,0.0,0.0,0.3129,0.0,0.0,0.0645
50,Kama,test,2,KG,5.351,0.505,0.0,0.0,0.0,0.4562,0.0,0.0388
51,Kama,test,0,A,14.43,0.9698,0.0,0.0,0.0264,0.0,0.0,0.0038
51,Kama,test,0,P,14.4,0.9694,0.0,0.0,0.0223,0.0,0.0,0.0083
51,Kama,test,0,C,0.8751,0.4443,0.0,0.0,0.387,0.0,0.0,0.1687
51,Kama,test,0,KL,5.585,0.836,0.0,0.0,0.0935,0.0,0.0,0.0705
51,Kama,test,0,KW,3.272,0.8896,0.0,0.0,0.0886,0.0,0.0,0.0218
51,Kama,test,0,AC,3.975,0.0,0.4142,0.0,0.0,0.0,0.3476,0.2382
51,Kama,test,0,KG,5.144,0.0,0.0,0.612,0.0,0.387,0.0,0.001
52,Kama,test,2,A,15.78,0.7403,0.0,0.0,0.2597,0.0,0.0,0.0
52,Kama,test,2,P,14.91,0.804,0.0,0.0,0.196,0.0,0.0,0.0
52,Kama,test,2,C,0.8923,0.0,0.5271,0.0,0.4152,0.0,0.0,0.0577
52,Kama,test,2,KL,5.674,0.7948,0.0,0.0,0.1984,0.0,0.0,0.0068
52,Kama,test,2,KW,3.434,0.5987,0.0,0.0,0.4005,0.0,0.0,0.0008
52,Kama,test,2,AC,5.593,0.0,0.0,0.7453,0.0,0.0,0.2106,0.0441
52,Kama,test,2,KG,5.136,0.0,0.0,0.6114,0.0,0.3869,0.0,0.0017
53,Kama,test,4,A,14.49,0.9859,0.0,0.0,0.0131,0.0,0.0,0.001
53,Kama,test,4,P,14.61,0.9751,0.0,0.0,0.0247,0.0,0.0,0.0002
53,Kama,test,4,C,0.8538,0.0,0.0,0.6294,0.0,0.2118,0.0,0.1588
53,Kama,test,4,KL,5.715,0.7696,0.0,0.0,0.2274,0.0,0.0,0.003
53,Kama,test,4,KW,3.113,0.7798,0.0,0.0,0.0,0.2124,0.0,0.0078
53,Kama,test,4,AC,4.116,0.0,0.4141,0.0,0.0,0.0,0.3775,0.2084
53,Kama,test,4,KG,5.396,0.5593,0.0,0.0,0.0,0.403,0.0,0.0377
54,Kama,test,1,A,14.33,0.9704,0.0,0.0,0.0243,0.0,0.0,0.0053
54,Kama,test,1,P,14.28,0.9681,0.0,0.0,0.0,0.0191,0.0,0.0128
54,Kama,test,1,C,0.8831,0.0,0.4557,0.0,0.4483,0.0,0.0,0.096
54,Kama,test,1,KL,5.504,0.7968,0.0,0.0,0.0,0.1663,0.0,0.0369
54,Kama,test,1,KW,3.199,0.8851,0.0,0.0,0.0,0.0645,0.0,0.0504
54,Kama,test,1,AC,3.328,0.0,0.4174,0.0,0.3705,0.0,0.0,0.2121
54,Kama,test,1,KG,5.224,0.0,0.0,0.6096,0.0,0.3879,0.0,0.0025
55,Kama,test,4,A,14.52,0.9851,0.0,0.0,0.014,0.0,0.0,0.0009
55,Kama,test,4,P,14.6,0.9764,0.0,0.0,0.0233,0.0,0.0,0.0003
55,Kama,test,4,C,0.8557,0.0,0.0,0.5759,0.0,0.2419,0.0,0.1822
55,Kama,test,4,KL,5.741,0.718,0.0,0.0,0.2805,0.0,0.0,0.0015
55,Kama,test,4,KW,3.113,0.7798,0.0,0.0,0.0,0.2124,0.0,0.0078
55,Kama,test,4,AC,1.481,0.7343,0.0,0.0,0.2195,0.0,0.0,0.0462
55,Kama,test,4,KG,5.487,0.6185,0.0,0.0,0.0,0.2158,0.0,0.1657
56,Kama,test,1,A,15.03,0.9176,0.0,0.0,0.0822,0.0,0.0,0.0002
56,Kama,test,1,P,14.77,0.8848,0.0,0.0,0.1151,0.0,0.0,0.0001
56,Kama,test,1,C,0.8658,0.3725,0.0,0.0,0.3224,0.0,0.0,0.3051
56,Kama,test,1,KL,5.702,0.7655,0.0,0.0,0.2307,0.0,0.0,0.0038
56,Kama,test,1,KW,3.212,0.8907,0.0,0.0,0.058,0.0,0.0,0.0513
56,Kama,test,1,AC,1.933,0.679,0.0,0.0,0.2592,0.0,0.0,0.0618
56,Kama,test,1,KG,5.439,0.575,0.0,0.0,0.0,0.3281,0.0,0.0969
57,Kama,test,4,A,14.46,0.9866,0.0,0.0,0.0122,0.0,0.0,0.0012
57,Kama,test,4,P,14.35,0.9898,0.0,0.0,0.0054,0.0,0.0,0.0048
57,Kama,test,4,C,0.8818,0.4633,0.0,0.0,0.4354,0.0,0.0,0.1013
57,Kama,test,4,KL,5.388,0.5007,0.0,0.0,0.0,0.4941,0.0,0.0052
57,Kama,test,4,KW,3.377,0.7667,0.0,0.0,0.2324,0.0,0.0,0.0009
57,Kama,test,4,AC,2.802,0.5145,0.0,0.0,0.3411,0.0,0.0,0.1444
57,Kama,test,4,KG,5.044,0.0,0.0,0.6055,0.0,0.3944,0.0,0.0001
58,Kama,test,2,A,14.92,0.9515,0.0,0.0,0.0482,0.0,0.0,0.0003
58,Kama,test,2,P,14.43,0.9752,0.0,0.0,0.0214,0.0,0.0,0.0034
58,Kama,test,2,C,0.9006,0.0,0.515,0.0,0.4414,0.0,0.0,0.0436
58,Kama,test,2,KL,5.384,0.0,0.0,0.495,0.0,0.4945,0.0,0.0105
58,Kama,test,2,KW,3.412,0.6737,0.0,0.0,0.325,0.0,0.0,0.0013
58,Kama,test,2,AC,1.142,0.7913,0.0,0.0,0.1829,0.0,0.0,0.0258
58,Kama,test,2,KG,5.088,0.0,0.0,0.6082,0.0,0.3909,0.0,0.0009
59,Kama,test,4,A,15.38,0.9067,0.0,0.0,0.0933,0.0,0.0,0.0
59,Kama,test,4,P,14.77,0.9394,0.0,0.0,0.0606,0.0,0.0,0.0
59,Kama,test,4,C,0.8857,0.4614,0.0,0.0,0.4601,0.0,0.0,0.0785
59,Kama,test,4,KL,5.662,0.8468,0.0,0.0,0.1426,0.0,0.0,0.0106
59,Kama,test,4,KW,3.419,0.6535,0.0,0.0,0.3462,0.0,0.0,0.0003
59,Kama,test,4,AC,1.999,0.6659,0.0,0.0,0.2622,0.0,0.0,0.0719
59,Kama,test,4,KG,5.222,0.0,0.0,0.6104,0.0,0.3879,0.0,0.0017
60,Kama,test,0,A,12.11,0.0,0.0,0.8938,0.0,0.1061,0.0,0.0001
60,Kama,test,0,P,13.47,0.0,0.0,0.7849,0.0,0.215,0.0,0.0001
60,Kama,test,0,C,0.8392,0.0,0.0,0.9318,0.0,0.0533,0.0,0.0149
60,Kama,test,0,KL,5.159,0.0,0.0,0.8209,0.0,0.1786,0.0,0.0005
60,Kama,test,0,KW,3.032,0.0,0.0,0.5269,0.0,0.4707,0.0,0.0024
60,Kama,test,0,AC,1.502,0.6905,0.0,0.0,0.2432,0.0,0.0,0.0663
60,Kama,test,0,KG,4.519,0.9735,0.0,0.0,0.0,0.0265,0.0,0.0
61,Kama,test,4,A,11.42,0.0,0.0,0.9571,0.0,0.0429,0.0,0.0
61,Kama,test,4,P,12.86,0.0,0.0,0.9429,0.0,0.0571,0.0,0.0
61,Kama,test,4,C,0.8683,0.4079,0.0,0.0,0.3292,0.0,0.0,0.2629
61,Kama,test,4,KL,5.008,0.0,0.0,0.814,0.0,0.1859,0.0,0.0001
61,Kama,test,4,KW,2.85,0.0,0.0,0.9359,0.0,0.0641,0.0,0.0
61,Kama,test,4,AC,2.7,0.5367,0.0,0.0,0.3309,0.0,0.0,0.1324
61,Kama,test,4,KG,4.607,0.9595,0.0,0.0,0.0,0.0405,0.0,0.0
62,Kama,test,2,A,11.23,0.0,0.0,0.9743,0.0,0.0257,0.0,0.0
62,Kama,test,2,P,12.63,0.0,0.0,0.9709,0.0,0.0291,0.0,0.0
62,Kama,test,2,C,0.884,0.0,0.5049,0.0,0.4073,0.0,0.0,0.0878
62,Kama,test,2,KL,4.902,0.0,0.0,0.7661,0.0,0.2336,0.0,0.0003
62,Kama,test,2,KW,2.879,0.0,0.0,0.9048,0.0,0.0952,0.0,0.0
62,Kama,test,2,AC,2.269,0.5946,0.0,0.0,0.3321,0.0,0.0,0.0733
62,Kama,test,2,KG,4.703,0.8229,0.0,0.0,0.0,0.1771,0.0,0.0
63,Kama,test,0,A,12.36,0.0,0.0,0.8326,0.0,0.1672,0.0,0.0002
63,Kama,test,0,P,13.19,0.0,0.0,0.9078,0.0,0.0922,0.0,0.0
63,Kama,test,0,C,0.8923,0.0,0.536,0.0,0.3992,0.0,0.0,0.0648
63,Kama,test,0,KL,5.076,0.0,0.0,0.8469,0.0,0.1529,0.0,0.0002
63,Kama,test,0,KW,3.042,0.5067,0.0,0.0,0.0,0.4904,0.0,0.0029
63,Kama,test,0,AC,3.22,0.0,0.3966,0.0,0.3859,0.0,0.0,0.2175
63,Kama,test,0,KG,4.605,0.9254,0.0,0.0,0.0,0.0746,0.0,0.0
64,Kama,test,2,A,13.22,0.6913,0.0,0.0,0.0,0.3075,0.0,0.0012
64,Kama,test,2,P,13.84,0.6702,0.0,0.0,0.0,0.3288,0.0,0.001
64,Kama,test,2,C,0.868,0.395,0.0,0.0,0.3441,0.0,0.0,0.2609
64,Kama,test,2,KL,5.395,0.5245,0.0,0.0,0.0,0.4634,0.0,0.0121
64,Kama,test,2,KW,3.07,0.6021,0.0,0.0,0.0,0.3965,0.0,0.0014
64,Kama,test,2,AC,4.157,0.0,0.434,0.0,0.0,0.0,0.3549,0.2111
64,Kama,test,2,KG,5.088,0.0,0.0,0.6082,0.0,0.3909,0.0,0.0009
65,Kama,test,1,A,12.78,0.0,0.0,0.626,0.0,0.3732,0.0,0.0008
65,Kama,test,1,P,13.57,0.0,0.0,0.7,0.0,0.2998,0.0,0.0002
65,Kama,test,1,C,0.8716,0.4149,0.0,0.0,0.3793,0.0,0.0,0.2058
65,Kama,test,1,KL,5.262,0.0,0.0,0.7474,0.0,0.251,0.0,0.0016
65,Kama,test,1,KW,3.026,0.0,0.0,0.561,0.0,0.4345,0.0,0.0045
65,Kama,test,1,AC,1.176,0.8006,0.0,0.0,0.1703,0.0,0.0,0.0291
65,Kama,test,1,KG,4.782,0.7754,0.0,0.0,0.0,0.2246,0.0,0.0
66,Kama,test,1,A,12.88,0.0,0.0,0.5574,0.0,0.4415,0.0,0.0011
66,Kama,test,1,P,13.5,0.0,0.0,0.7647,0.0,0.2352,0.0,0.0001
66,Kama,test,1,C,0.8879,0.0,0.4776,0.0,0.4503,0.0,0.0,0.0721
66,Kama,test,1,KL,5.139,0.0,0.0,0.8368,0.0,0.1628,0.0,0.0004
66,Kama,test,1,KW,3.119,0.7588,0.0,0.0,0.0,0.2219,0.0,0.0193
66,Kama,test,1,AC,2.352,0.5943,0.0,0.0,0.3137,0.0,0.0,0.092
66,Kama,test,1,KG,4.607,0.9648,0.0,0.0,0.0,0.0352,0.0,0.0
67,Kama,test,4,A,14.34,0.9882,0.0,0.0,0.0094,0.0,0.0,0.0024
67,Kama,test,4,P,14.37,0.99,0.0,0.0,0.0061,0.0,0.0,0.0039
67,Kama,test,4,C,0.8726,0.4384,0.0,0.0,0.3683,0.0,0.0,0.1933
67,Kama,test,4,KL,5.63,0.8738,0.0,0.0,0.1051,0.0,0.0,0.0211
67,Kama,test,4,KW,3.19,0.9161,0.0,0.0,0.0,0.0595,0.0,0.0244
67,Kama,test,4,AC,1.313,0.7521,0.0,0.0,0.2077,0.0,0.0,0.0402
67,Kama,test,4,KG,5.15,0.0,0.0,0.6324,0.0,0.3671,0.0,0.0005
68,Kama,test,3,A,14.01,0.9582,0.0,0.0,0.0,0.0313,0.0,0.0105
68,Kama,test,3,P,14.29,0.9694,0.0,0.0,0.0,0.0175,0.0,0.0131
68,Kama,test,3,C,0.8625,0.0,0.0,0.4029,0.0,0.3277,0.0,0.2694
68,Kama,test,3,KL,5.609,0.841,0.0,0.0,0.1133,0.0,0.0,0.0457
68,Kama,test,3,KW,3.158,0.8086,0.0,0.0,0.0,0.1721,0.0,0.0193
68,Kama,test,3,AC,2.217,0.5683,0.0,0.0,0.3348,0.0,0.0,0.0969
68,Kama,test,3,KG,5.132,0.0,0.0,0.6211,0.0,0.3774,0.0,0.0015
69,Kama,test,1,A,14.37,0.9696,0.0,0.0,0.026,0.0,0.0,0.0044
69,Kama,test,1,P,14.39,0.9715,0.0,0.0,0.0212,0.0,0.0,0.0073
69,Kama,test,1,C,0.8726,0.4202,0.0,0.0,0.3877,0.0,0.0,0.1921
69,Kama,test,1,KL,5.569,0.8658,0.0,0.0,0.0723,0.0,0.0,0.0619
69,Kama,test,1,KW,3.153,0.8335,0.0,0.0,0.0,0.1367,0.0,0.0298
69,Kama,test,1,AC,1.464,0.7594,0.0,0.0,0.2017,0.0,0.0,0.0389
69,Kama,test,1,KG,5.3,0.0,0.0,0.5526,0.0,0.4385,0.0,0.0089
70,Kama,test,1,A,12.73,0.0,0.0,0.6576,0.0,0.3417,0.0,0.0007
70,Kama,test,1,P,13.75,0.5293,0.0,0.0,0.0,0.47,0.0,0.0007
70,Kama,test,1,C,0.8458,0.0,0.0,0.8011,0.0,0.1164,0.0,0.0825
70,Kama,test,1,KL,5.412,0.5697,0.0,0.0,0.0,0.4184,0.0,0.0119
70,Kama,test,1,KW,2.882,0.0,0.0,0.9068,0.0,0.0929,0.0,0.0003
70,Kama,test,1,AC,3.533,0.0,0.4285,0.0,0.3242,0.0,0.0,0.2473
70,Kama,test,1,KG,5.067,0.0,0.0,0.6065,0.0,0.3933,0.0,0.0002
71,Rosa,test,1,A,17.63,0.0,0.9632,0.0,0.0368,0.0,0.0,0.0
71,Rosa,test,1,P,15.98,0.0,0.9842,0.0,0.0158,0.0,0.0,0.0
71,Rosa,test,1,C,0.8673,0.3855,0.0,0.0,0.3385,0.0,0.0,0.276
71,Rosa,test,1,KL,6.191,0.0,0.9877,0.0,0.0123,0.0,0.0,0.0
71,Rosa,test,1,KW,3.561,0.0,0.7641,0.0,0.2359,0.0,0.0,0.0
71,Rosa,test,1,AC,4.076,0.0,0.4309,0.0,0.0,0.0,0.3556,0.2135
71,Rosa,test,1,KG,6.06,0.0,0.9994,0.0,0.0006,0.0,0.0,0.0
72,Rosa,test,3,A,16.84,0.0,0.7784,0.0,0.2216,0.0,0.0,0.0
72,Rosa,test,3,P,15.67,0.0,0.9068,0.0,0.0932,0.0,0.0,0.0
72,Rosa,test,3,C,0.8623,0.0,0.0,0.4077,0.0,0.3256,0.0,0.2667
72,Rosa,test,3,KL,5.998,0.0,0.8585,0.0,0.1415,0.0,0.0,0.0
72,Rosa,test,3,KW,3.484,0.0,0.56,0.0,0.4397,0.0,0.0,0.0003
72,Rosa,test,3,AC,4.675,0.0,0.0,0.4718,0.0,0.0,0.3703,0.1579
72,Rosa,test,3,KG,5.877,0.0,0.9802,0.0,0.0197,0.0,0.0,0.0001
73,Rosa,test,0,A,17.26,0.0,0.9343,0.0,0.0657,0.0,0.0,0.0
73,Rosa,test,0,P,15.73,0.0,0.9458,0.0,0.0542,0.0,0.0,0.0
73,Rosa,test,0,C,0.8763,0.4444,0.0,0.0,0.3999,0.0,0.0,0.1557
73,Rosa,test,0,KL,5.978,0.0,0.8411,0.0,0.1589,0.0,0.0,0.0
73,Rosa,test,0,KW,3.594,0.0,0.8883,0.0,0.1117,0.0,0.0,0.0
73,Rosa,test,0,AC,4.539,0.0,0.0,0.4671,0.0,0.0,0.3862,0.1467
73,Rosa,test,0,KG,5.791,0.0,0.956,0.0,0.0436,0.0,0.0,0.0004
74,Rosa,test,2,A,19.11,0.0,0.9997,0.0,0.0003,0.0,0.0,0.0
74,Rosa,test,2,P,16.26,0.0,0.9983,0.0,0.0017,0.0,0.0,0.0
74,Rosa,test,2,C,0.9081,0.4846,0.0,0.0,0.4771,0.0,0.0,0.0383
74,Rosa,test,2,KL,6.154,0.0,0.982,0.0,0.018,0.0,0.0,0.0
74,Rosa,test,2,KW,3.93,0.0,0.9984,0.0,0.0016,0.0,0.0,0.0
74,Rosa,test,2,AC,2.936,0.4542,0.0,0.0,0.4123,0.0,0.0,0.1335
74,Rosa,test,2,KG,6.079,0.0,0.9995,0.0,0.0005,0.0,0.0,0.0
75,Rosa,test,3,A,16.82,0.0,0.7703,0.0,0.2297,0.0,0.0,0.0
75,Rosa,test,3,P,15.51,0.0,0.8134,0.0,0.1866,0.0,0.0,0.0
75,Rosa,test,3,C,0.8786,0.0,0.4326,0.0,0.4205,0.0,0.0,0.1469
75,Rosa,test,3,KL,6.017,0.0,0.8816,0.0,0.1184,0.0,0.0,0.0
75,Rosa,test,3,KW,3.486,0.0,0.5663,0.0,0.4334,0.0,0.0,0.0003
75,Rosa,test,3,AC,4.004,0.0,0.4383,0.0,0.0,0.0,0.3102,0.2515
75,Rosa,test,3,KG,5.841,0.0,0.9694,0.0,0.0304,0.0,0.0,0.0002
76,Rosa,test,2,A,16.77,0.0,0.7997,0.0,0.2003,0.0,0.0,0.0
76,Rosa,test,2,P,15.62,0.0,0.924,0.0,0.076,0.0,0.0,0.0
76,Rosa,test,2,C,0.8638,0.3726,0.0,0.0,0.0,0.3506,0.0,0.2768
76,Rosa,test,2,KL,5.927,0.0,0.7772,0.0,0.2228,0.0,0.0,0.0
76,Rosa,test,2,KW,3.438,0.5844,0.0,0.0,0.4149,0.0,0.0,0.0007
76,Rosa,test,2,AC,4.92,0.0,0.0,0.5646,0.0,0.0,0.3334,0.102
76,Rosa,test,2,KG,5.795,0.0,0.9726,0.0,0.0271,0.0,0.0,0.0003
77,Rosa,test,0,A,17.32,0.0,0.9431,0.0,0.0569,0.0,0.0,0.0
77,Rosa,test,0,P,15.91,0.0,0.9782,0.0,0.0218,0.0,0.0,0.0
77,Rosa,test,0,C,0.8599,0.0,0.0,0.4673,0.0,0.3415,0.0,0.1912
77,Rosa,test,0,KL,6.064,0.0,0.9288,0.0,0.0712,0.0,0.0,0.0
77,Rosa,test,0,KW,3.403,0.6401,0.0,0.0,0.3584,0.0,0.0,0.0015
77,Rosa,test,0,AC,3.824,0.0,0.4154,0.0,0.0,0.0,0.3184,0.2662
77,Rosa,test,0,KG,5.922,0.0,0.9922,0.0,0.0078,0.0,0.0,0.0
78,Rosa,test,4,A,20.71,0.0,1.0,0.0,0.0,0.0,0.0,0.0
78,Rosa,test,4,P,17.23,0.0,1.0,0.0,0.0,0.0,0.0,0.0
78,Rosa,test,4,C,0.8763,0.4543,0.0,0.0,0.3974,0.0,0.0,0.1483
78,Rosa,test,4,KL,6.579,0.0,0.9999,0.0,0.0001,0.0,0.0,0.0
78,Rosa,test,4,KW,3.814,0.0,0.992,0.0,0.008,0.0,0.0,0.0
78,Rosa,test,4,AC,4.451,0.0,0.0,0.4513,0.0,0.0,0.4028,0.1459
78,Rosa,test,4,KG,6.451,0.0,1.0,0.0,0.0,0.0,0.0,0.0
79,Rosa,test,2,A,18.94,0.0,0.9994,0.0,0.0006,0.0,0.0,0.0
79,Rosa,test,2,P,16.49,0.0,0.9996,0.0,0.0004,0.0,0.0,0.0
79,Rosa,test,2,C,0.875,0.0,0.4351,0.0,0.4073,0.0,0.0,0.1576
79,Rosa,test,2,KL,6.445,0.0,0.9997,0.0,0.0003,0.0,0.0,0.0
79,Rosa,test,2,KW,3.639,0.0,0.9275,0.0,0.0725,0.0,0.0,0.0
79,Rosa,test,2,AC,5.064,0.0,0.0,0.6056,0.0,0.0,0.3078,0.0866
79,Rosa,test,2,KG,6.362,0.0,1.0,0.0,0.0,0.0,0.0,0.0
80,Rosa,test,4,A,17.12,0.0,0.8748,0.0,0.1252,0.0,0.0,0.0
80,Rosa,test,4,P,15.55,0.0,0.8462,0.0,0.1538,0.0,0.0,0.0
80,Rosa,test,4,C,0.8892,0.0,0.4814,0.0,0.4553,0.0,0.0,0.0633
80,Rosa,test,4,KL,5.85,0.0,0.5622,0.0,0.4377,0.0,0.0,0.0001
80,Rosa,test,4,KW,3.566,0.0,0.7946,0.0,0.2054,0.0,0.0,0.0
80,Rosa,test,4,AC,2.858,0.502,0.0,0.0,0.3466,0.0,0.0,0.1514
80,Rosa,test,4,KG,5.746,0.0,0.9194,0.0,0.0795,0.0,0.0,0.0011
81,Rosa,test,1,A,16.53,0.0,0.664,0.0,0.336,0.0,0.0,0.0
81,Rosa,test,1,P,15.34,0.0,0.6848,0.0,0.3152,0.0,0.0,0.0
81,Rosa,test,1,C,0.8823,0.0,0.4516,0.0,0.4475,0.0,0.0,0.1009
81,Rosa,test,1,KL,5.875,0.0,0.6503,0.0,0.3497,0.0,0.0,0.0
81,Rosa,test,1,KW,3.467,0.0,0.5156,0.0,0.4842,0.0,0.0,0.0002
81,Rosa,test,1,AC,5.532,0.0,0.0,0.6815,0.0,0.0,0.275,0.0435
81,Rosa,test,1,KG,5.88,0.0,0.9916,0.0,0.0084,0.0,0.0,0.0
82,Rosa,test,0,A,18.72,0.0,0.9987,0.0,0.0013,0.0,0.0,0.0
82,Rosa,test,0,P,16.19,0.0,0.995,0.0,0.005,0.0,0.0,0.0
82,Rosa,test,0,C,0.8977,0.0,0.5703,0.0,0.3763,0.0,0.0,0.0534
82,Rosa,test,0,KL,6.006,0.0,0.8763,0.0,0.1237,0.0,0.0,0.0
82,Rosa,test,0,KW,3.857,0.0,0.9975,0.0,0.0025,0.0,0.0,0.0
82,Rosa,test,0,AC,5.324,0.0,0.0,0.6405,0.0,0.0,0.2979,0.0616
82,Rosa,test,0,KG,5.879,0.0,0.9862,0.0,0.0138,0.0,0.0,0.0
83,Rosa,test,1,A,20.2,0.0,1.0,0.0,0.0,0.0,0.0,0.0
83,Rosa,test,1,P,16.89,0.0,0.9999,0.0,0.0001,0.0,0.0,0.0
83,Rosa,test,1,C,0.8894,0.0,0.4837,0.0,0.45,0.0,0.0,0.0663
83,Rosa,test,1,KL,6.285,0.0,0.9964,0.0,0.0036,0.0,0.0,0.0
83,Rosa,test,1,KW,3.864,0.0,0.9937,0.0,0.0063,0.0,0.0,0.0
83,Rosa,test,1,AC,5.173,0.0,0.0,0.6051,0.0,0.0,0.3264,0.0685
83,Rosa,test,1,KG,6.187,0.0,0.9999,0.0,0.0001,0.0,0.0,0.0
84,Rosa,test,4,A,19.57,0.0,0.9998,0.0,0.0002,0.0,0.0,0.0
84,Rosa,test,4,P,16.74,0.0,0.9997,0.0,0.0003,0.0,0.0,0.0
84,Rosa,test,4,C,0.8779,0.4585,0.0,0.0,0.409,0.0,0.0,0.1325
84,Rosa,test,4,KL,6.384,0.0,0.9986,0.0,0.0014,0.0,0.0,0.0
84,Rosa,test,4,KW,3.772,0.0,0.9856,0.0,0.0144,0.0,0.0,0.0
84,Rosa,test,4,AC,1.472,0.7354,0.0,0.0,0.2188,0.0,0.0,0.0458
84,Rosa,test,4,KG,6.273,0.0,0.9999,0.0,0.0001,0.0,0.0,0.0
85,Rosa,test,4,A,19.51,0.0,0.9997,0.0,0.0003,0.0,0.0,0.0
85,Rosa,test,4,P,16.71,0.0,0.9997,0.0,0.0003,0.0,0.0,0.0
85,Rosa,test,4,C,0.878,0.4588,0.0,0.0,0.4097,0.0,0.0,0.1315
85,Rosa,test,4,KL,6.366,0.0,0.9982,0.0,0.0018,0.0,0.0,0.0
85,Rosa,test,4,KW,3.801,0.0,0.9904,0.0,0.0096,0.0,0.0,0.0
85,Rosa,test,4,AC,2.962,0.4783,0.0,0.0,0.3565,0.0,0.0,0.1652
85,Rosa,test,4,KG,6.185,0.0,0.9998,0.0,0.0002,0.0,0.0,0.0
86,Rosa,test,3,A,18.27,0.0,0.9914,0.0,0.0086,0.0,0.0,0.0
86,Rosa,test,3,P,16.09,0.0,0.9882,0.0,0.0118,0.0,0.0,0.0
86,Rosa,test,3,C,0.887,0.0,0.4751,0.0,0.4318,0.0,0.0,0.0931
86,Rosa,test,3,KL,6.173,0.0,0.9772,0.0,0.0228,0.0,0.0,0.0
86,Rosa,test,3,KW,3.651,0.0,0.919,0.0,0.081,0.0,0.0,0.0
86,Rosa,test,3,AC,2.443,0.5251,0.0,0.0,0.3633,0.0,0.0,0.1116
86,Rosa,test,3,KG,6.197,0.0,0.9996,0.0,0.0004,0.0,0.0,0.0
87,Rosa,test,3,A,18.88,0.0,0.9983,0.0,0.0017,0.0,0.0,0.0
87,Rosa,test,3,P,16.26,0.0,0.9952,0.0,0.0048,0.0,0.0,0.0
87,Rosa,test,3,C,0.8969,0.0,0.4994,0.0,0.4382,0.0,0.0,0.0624
87,Rosa,test,3,KL,6.084,0.0,0.9396,0.0,0.0604,0.0,0.0,0.0
87,Rosa,test,3,KW,3.764,0.0,0.9814,0.0,0.0186,0.0,0.0,0.0
87,Rosa,test,3,AC,1.649,0.6739,0.0,0.0,0.2573,0.0,0.0,0.0688
87,Rosa,test,3,KG,6.109,0.0,0.9988,0.0,0.0012,0.0,0.0,0.0
88,Rosa,test,0,A,18.98,0.0,0.9994,0.0,0.0006,0.0,0.0,0.0
88,Rosa,test,0,P,16.66,0.0,0.9996,0.0,0.0004,0.0,0.0,0.0
88,Rosa,test,0,C,0.859,0.0,0.0,0.4926,0.0,0.3285,0.0,0.1789
88,Rosa,test,0,KL,6.549,0.0,0.9997,0.0,0.0003,0.0,0.0,0.0
88,Rosa,test,0,KW,3.67,0.0,0.9599,0.0,0.0401,0.0,0.0,0.0
88,Rosa,test,0,AC,3.691,0.0,0.4144,0.0,0.0,0.0,0.2939,0.2917
88,Rosa,test,0,KG,6.498,0.0,1.0,0.0,0.0,0.0,0.0,0.0
89,Rosa,test,2,A,21.18,0.0,1.0,0.0,0.0,0.0,0.0,0.0
89,Rosa,test,2,P,17.21,0.0,1.0,0.0,0.0,0.0,0.0,0.0
89,Rosa,test,2,C,0.8989,0.0,0.52,0.0,0.4343,0.0,0.0,0.0457
89,Rosa,test,2,KL,6.573,0.0,1.0,0.0,0.0,0.0,0.0,0.0
89,Rosa,test,2,KW,4.033,0.0,0.9996,0.0,0.0004,0.0,0.0,0.0
89,Rosa,test,2,AC,5.78,0.0,0.0,0.7876,0.0,0.0,0.1786,0.0338
89,Rosa,test,2,KG,6.231,0.0,0.9999,0.0,0.0001,0.0,0.0,0.0
90,Rosa,test,2,A,20.88,0.0,1.0,0.0,0.0,0.0,0.0,0.0
90,Rosa,test,2,P,17.05,0.0,1.0,0.0,0.0,0.0,0.0,0.0
90,Rosa,test,2,C,0.9031,0.0,0.5051,0.0,0.4537,0.0,0.0,0.0412
90,Rosa,test,2,KL,6.45,0.0,0.9997,0.0,0.0003,0.0,0.0,0.0
90,Rosa,test,2,KW,4.032,0.0,0.9996,0.0,0.0004,0.0,0.0,0.0
90,Rosa,test,2,AC,5.016,0.0,0.0,0.5921,0.0,0.0,0.3164,0.0915
90,Rosa,test,2,KG,6.321,0.0,1.0,0.0,0.0,0.0,0.0,0.0
91,Rosa,test,1,A,20.1,0.0,1.0,0.0,0.0,0.0,0.0,0.0
91,Rosa,test,1,P,16.99,0.0,0.9999,0.0,0.0001,0.0,0.0,0.0
91,Rosa,test,1,C,0.8746,0.429,0.0,0.0,0.4034,0.0,0.0,0.1676
91,Rosa,test,1,KL,6.581,0.0,0.9999,0.0,0.0001,0.0,0.0,0.0
91,Rosa,test,1,KW,3.785,0.0,0.9821,0.0,0.0179,0.0,0.0,0.0
91,Rosa,test,1,AC,1.955,0.6749,0.0,0.0,0.262,0.0,0.0,0.0631
91,Rosa,test,1,KG,6.449,0.0,1.0,0.0,0.0,0.0,0.0,0.0
92,Rosa,test,1,A,18.76,0.0,0.998,0.0,0.002,0.0,0.0,0.0
92,Rosa,test,1,P,16.2,0.0,0.9952,0.0,0.0048,0.0,0.0,0.0
92,Rosa,test,1,C,0.8984,0.0,0.5145,0.0,0.4429,0.0,0.0,0.0426
92,Rosa,test,1,KL,6.172,0.0,0.9843,0.0,0.0157,0.0,0.0,0.0
92,Rosa,test,1,KW,3.796,0.0,0.9845,0.0,0.0155,0.0,0.0,0.0
92,Rosa,test,1,AC,3.12,0.4187,0.0,0.0,0.4013,0.0,0.0,0.18
92,Rosa,test,1,KG,6.053,0.0,0.9993,0.0,0.0007,0.0,0.0,0.0
93,Rosa,test,1,A,18.81,0.0,0.9982,0.0,0.0018,0.0,0.0,0.0
93,Rosa,test,1,P,16.29,0.0,0.9971,0.0,0.0029,0.0,0.0,0.0
93,Rosa,test,1,C,0.8906,0.0,0.4884,0.0,0.4495,0.0,0.0,0.0621
93,Rosa,test,1,KL,6.272,0.0,0.9957,0.0,0.0043,0.0,0.0,0.0
93,Rosa,test,1,KW,3.693,0.0,0.9433,0.0,0.0567,0.0,0.0,0.0
93,Rosa,test,1,AC,3.237,0.0,0.4109,0.0,0.3915,0.0,0.0,0.1976
93,Rosa,test,1,KG,6.053,0.0,0.9993,0.0,0.0007,0.0,0.0,0.0
94,Rosa,test,2,A,18.59,0.0,0.9984,0.0,0.0016,0.0,0.0,0.0
94,Rosa,test,2,P,16.05,0.0,0.9937,0.0,0.0063,0.0,0.0,0.0
94,Rosa,test,2,C,0.9066,0.0,0.4867,0.0,0.4744,0.0,0.0,0.0389
94,Rosa,test,2,KL,6.037,0.0,0.9267,0.0,0.0733,0.0,0.0,0.0
94,Rosa,test,2,KW,3.86,0.0,0.9961,0.0,0.0039,0.0,0.0,0.0
94,Rosa,test,2,AC,6.001,0.0,0.0,0.8317,0.0,0.0,0.144,0.0243
94,Rosa,test,2,KG,5.877,0.0,0.9914,0.0,0.0086,0.0,0.0,0.0
95,Rosa,test,0,A,18.36,0.0,0.9963,0.0,0.0037,0.0,0.0,0.0
95,Rosa,test,0,P,16.52,0.0,0.9992,0.0,0.0008,0.0,0.0,0.0
95,Rosa,test,0,C,0.8452,0.0,0.0,0.8495,0.0,0.1118,0.0,0.0387
95,Rosa,test,0,KL,6.666,0.0,0.9999,0.0,0.0001,0.0,0.0,0.0
95,Rosa,test,0,KW,3.485,0.0,0.6315,0.0,0.3683,0.0,0.0,0.0002
95,Rosa,test,0,AC,4.933,0.0,0.0,0.5552,0.0,0.0,0.3472,0.0976
95,Rosa,test,0,KG,6.448,0.0,1.0,0.0,0.0,0.0,0.0,0.0
96,Rosa,test,4,A,16.87,0.0,0.7893,0.0,0.2107,0.0,0.0,0.0
96,Rosa,test,4,P,15.65,0.0,0.9057,0.0,0.0943,0.0,0.0,0.0
96,Rosa,test,4,C,0.8648,0.3722,0.0,0.0,0.0,0.3351,0.0,0.2927
96,Rosa,test,4,KL,6.139,0.0,0.9726,0.0,0.0274,0.0,0.0,0.0
96,Rosa,test,4,KW,3.463,0.5114,0.0,0.0,0.4885,0.0,0.0,0.0001
96,Rosa,test,4,AC,3.696,0.0,0.4086,0.0,0.302,0.0,0.0,0.2894
96,Rosa,test,4,KG,5.967,0.0,0.9958,0.0,0.0042,0.0,0.0,0.0
97,Rosa,test,1,A,19.31,0.0,0.9996,0.0,0.0004,0.0,0.0,0.0
97,Rosa,test,1,P,16.59,0.0,0.9995,0.0,0.0005,0.0,0.0,0.0
97,Rosa,test,1,C,0.8815,0.0,0.4474,0.0,0.4465,0.0,0.0,0.1061
97,Rosa,test,1,KL,6.341,0.0,0.9983,0.0,0.0017,0.0,0.0,0.0
97,Rosa,test,1,KW,3.81,0.0,0.9871,0.0,0.0129,0.0,0.0,0.0
97,Rosa,test,1,AC,3.477,0.0,0.4259,0.0,0.3367,0.0,0.0,0.2374
97,Rosa,test,1,KG,6.238,0.0,1.0,0.0,0.0,0.0,0.0,0.0
98,Rosa,test,4,A,18.98,0.0,0.9988,0.0,0.0012,0.0,0.0,0.0
98,Rosa,test,4,P,16.57,0.0,0.9993,0.0,0.0007,0.0,0.0,0.0
98,Rosa,test,4,C,0.8687,0.4113,0.0,0.0,0.3331,0.0,0.0,0.2556
98,Rosa,test,4,KL,6.449,0.0,0.9994,0.0,0.0006,0.0,0.0,0.0
98,Rosa,test,4,KW,3.552,0.0,0.7615,0.0,0.2385,0.0,0.0,0.0
98,Rosa,test,4,AC,2.144,0.6426,0.0,0.0,0.2757,0.0,0.0,0.0817
98,Rosa,test,4,KG,6.453,0.0,1.0,0.0,0.0,0.0,0.0,0.0
99,Rosa,test,2,A,18.17,0.0,0.9945,0.0,0.0055,0.0,0.0,0.0
99,Rosa,test,2,P,16.26,0.0,0.9983,0.0,0.0017,0.0,0.0,0.0
99,Rosa,test,2,C,0.8637,0.3719,0.0,0.0,0.0,0.353,0.0,0.2751
99,Rosa,test,2,KL,6.271,0.0,0.9962,0.0,0.0038,0.0,0.0,0.0
99,Rosa,test,2,KW,3.512,0.0,0.6772,0.0,0.3227,0.0,0.0,0.0001
99,Rosa,test,2,AC,2.853,0.472,0.0,0.0,0.4039,0.0,0.0,0.1241
99,Rosa,test,2,KG,6.273,0.0,1.0,0.0,0.0,0.0,0.0,0.0
100,Rosa,test,1,A,18.72,0.0,0.9977,0.0,0.0023,0.0,0.0,0.0
100,Rosa,test,1,P,16.34,0.0,0.9978,0.0,0.0022,0.0,0.0,0.0
100,Rosa,test,1,C,0.881,0.4458,0.0,0.0,0.4446,0.0,0.0,0.1096
100,Rosa,test,1,KL,6.219,0.0,0.9914,0.0,0.0086,0.0,0.0,0.0
100,Rosa,test,1,KW,3.684,0.0,0.9369,0.0,0.0631,0.0,0.0,0.0
100,Rosa,test,1,AC,2.188,0.6288,0.0,0.0,0.2923,0.0,0.0,0.0789
100,Rosa,test,1,KG,6.097,0.0,0.9996,0.0,0.0004,0.0,0.0,0.0
101,Rosa,test,4,A,16.41,0.0,0.5471,0.0,0.4529,0.0,0.0,0.0
101,Rosa,test,4,P,15.25,0.0,0.5041,0.0,0.4959,0.0,0.0,0.0
101,Rosa,test,4,C,0.8866,0.0,0.4656,0.0,0.4602,0.0,0.0,0.0742
101,Rosa,test,4,KL,5.718,0.764,0.0,0.0,0.2332,0.0,0.0,0.0028
101,Rosa,test,4,KW,3.525,0.0,0.6885,0.0,0.3115,0.0,0.0,0.0
101,Rosa,test,4,AC,4.217,0.0,0.4122,0.0,0.0,0.0,0.3996,0.1882
101,Rosa,test,4,KG,5.618,0.0,0.6309,0.0,0.3406,0.0,0.0,0.0285
102,Rosa,test,2,A,17.99,0.0,0.9908,0.0,0.0092,0.0,0.0,0.0
102,Rosa,test,2,P,15.86,0.0,0.9804,0.0,0.0196,0.0,0.0,0.0
102,Rosa,test,2,C,0.8992,0.0,0.5192,0.0,0.4355,0.0,0.0,0.0453
102,Rosa,test,2,KL,5.89,0.0,0.6976,0.0,0.3024,0.0,0.0,0.0
102,Rosa,test,2,KW,3.694,0.0,0.9649,0.0,0.0351,0.0,0.0,0.0
102,Rosa,test,2,AC,2.068,0.6346,0.0,0.0,0.3045,0.0,0.0,0.0609
102,Rosa,test,2,KG,5.837,0.0,0.9848,0.0,0.0151,0.0,0.0,0.0001
103,Rosa,test,2,A,19.46,0.0,0.9999,0.0,0.0001,0.0,0.0,0.0
103,Rosa,test,2,P,16.5,0.0,0.9996,0.0,0.0004,0.0,0.0,0.0
103,Rosa,test,2,C,0.8985,0.0,0.5211,0.0,0.4327,0.0,0.0,0.0462
103,Rosa,test,2,KL,6.113,0.0,0.97,0.0,0.03,0.0,0.0,0.0
103,Rosa,test,2,KW,3.892,0.0,0.9974,0.0,0.0026,0.0,0.0,0.0
103,Rosa,test,2,AC,4.308,0.0,0.4204,0.0,0.0,0.0,0.3935,0.1861
103,Rosa,test,2,KG,6.009,0.0,0.9987,0.0,0.0013,0.0,0.0,0.0
104,Rosa,test,0,A,19.18,0.0,0.9997,0.0,0.0003,0.0,0.0,0.0
104,Rosa,test,0,P,16.63,0.0,0.9996,0.0,0.0004,0.0,0.0,0.0
104,Rosa,test,0,C,0.8717,0.4391,0.0,0.0,0.3482,0.0,0.0,0.2127
104,Rosa,test,0,KL,6.369,0.0,0.9974,0.0,0.0026,0.0,0.0,0.0
104,Rosa,test,0,KW,3.681,0.0,0.9656,0.0,0.0344,0.0,0.0,0.0
104,Rosa,test,0,AC,3.357,0.0,0.4038,0.0,0.3582,0.0,0.0,0.238
104,Rosa,test,0,KG,6.229,0.0,0.9999,0.0,0.0001,0.0,0.0,0.0
105,Rosa,test,3,A,18.95,0.0,0.9986,0.0,0.0014,0.0,0.0,0.0
105,Rosa,test,3,P,16.42,0.0,0.9979,0.0,0.0021,0.0,0.0,0.0
105,Rosa,test,3,C,0.8829,0.0,0.4573,0.0,0.4277,0.0,0.0,0.115
105,Rosa,test,3,KL,6.248,0.0,0.9904,0.0,0.0096,0.0,0.0,0.0
105,Rosa,test,3,KW,3.755,0.0,0.979,0.0,0.021,0.0,0.0,0.0
105,Rosa,test,3,AC,3.368,0.0,0.4416,0.0,0.3551,0.0,0.0,0.2033
105,Rosa,test,3,KG,6.148,0.0,0.9993,0.0,0.0007,0.0,0.0,0.0
106,Rosa,test,4,A,18.83,0.0,0.9983,0.0,0.0017,0.0,0.0,0.0
106,Rosa,test,4,P,16.29,0.0,0.9969,0.0,0.0031,0.0,0.0,0.0
106,Rosa,test,4,C,0.8917,0.0,0.4964,0.0,0.4488,0.0,0.0,0.0548
106,Rosa,test,4,KL,6.037,0.0,0.9146,0.0,0.0854,0.0,0.0,0.0
106,Rosa,test,4,KW,3.786,0.0,0.9882,0.0,0.0118,0.0,0.0,0.0
106,Rosa,test,4,AC,2.553,0.5672,0.0,0.0,0.3161,0.0,0.0,0.1167
106,Rosa,test,4,KG,5.879,0.0,0.9865,0.0,0.0135,0.0,0.0,0.0
107,Rosa,test,3,A,18.85,0.0,0.9981,0.0,0.0019,0.0,0.0,0.0
107,Rosa,test,3,P,16.17,0.0,0.9922,0.0,0.0078,0.0,0.0,0.0
107,Rosa,test,3,C,0.9056,0.0,0.5037,0.0,0.4458,0.0,0.0,0.0505
107,Rosa,test,3,KL,6.152,0.0,0.9711,0.0,0.0289,0.0,0.0,0.0
107,Rosa,test,3,KW,3.806,0.0,0.9895,0.0,0.0105,0.0,0.0,0.0
107,Rosa,test,3,AC,2.843,0.4496,0.0,0.0,0.4064,0.0,0.0,0.144
107,Rosa,test,3,KG,6.2,0.0,0.9996,0.0,0.0004,0.0,0.0,0.0
108,Rosa,test,4,A,17.63,0.0,0.9621,0.0,0.0379,0.0,0.0,0.0
108,Rosa,test,4,P,15.86,0.0,0.9684,0.0,0.0316,0.0,0.0,0.0
108,Rosa,test,4,C,0.88,0.462,0.0,0.0,0.4235,0.0,0.0,0.1145
108,Rosa,test,4,KL,6.033,0.0,0.9109,0.0,0.0891,0.0,0.0,0.0
108,Rosa,test,4,KW,3.573,0.0,0.8098,0.0,0.1902,0.0,0.0,0.0
108,Rosa,test,4,AC,3.747,0.0,0.4104,0.0,0.0,0.0,0.2996,0.29
108,Rosa,test,4,KG,5.929,0.0,0.9931,0.0,0.0069,0.0,0.0,0.0
109,Rosa,test,0,A,19.94,0.0,1.0,0.0,0.0,0.0,0.0,0.0
109,Rosa,test,0,P,16.92,0.0,0.9999,0.0,0.0001,0.0,0.0,0.0
109,Rosa,test,0,C,0.8752,0.4443,0.0,0.0,0.3881,0.0,0.0,0.1676
109,Rosa,test,0,KL,6.675,0.0,0.9999,0.0,0.0001,0.0,0.0,0.0
109,Rosa,test,0,KW,3.763,0.0,0.9896,0.0,0.0104,0.0,0.0,0.0
109,Rosa,test,0,AC,3.252,0.0,0.3984,0.0,0.3794,0.0,0.0,0.2222
109,Rosa,test,0,KG,6.55,0.0,1.0,0.0,0.0,0.0,0.0,0.0
110,Rosa,test,1,A,18.55,0.0,0.9964,0.0,0.0036,0.0,0.0,0.0
110,Rosa,test,1,P,16.22,0.0,0.9957,0.0,0.0043,0.0,0.0,0.0
110,Rosa,test,1,C,0.8865,0.0,0.4716,0.0,0.4502,0.0,0.0,0.0782
110,Rosa,test,1,KL,6.153,0.0,0.9802,0.0,0.0198,0.0,0.0,0.0
110,Rosa,test,1,KW,3.674,0.0,0.929,0.0,0.071,0.0,0.0,0.0
110,Rosa,test,1,AC,1.738,0.7145,0.0,0.0,0.2345,0.0,0.0,0.051
110,Rosa,test,1,KG,5.894,0.0,0.9932,0.0,0.0068,0.0,0.0,0.0
111,Rosa,test,4,A,18.45,0.0,0.9953,0.0,0.0047,0.0,0.0,0.0
111,Rosa,test,4,P,16.12,0.0,0.9922,0.0,0.0078,0.0,0.0,0.0
111,Rosa,test,4,C,0.8921,0.0,0.4988,0.0,0.4476,0.0,0.0,0.0536
111,Rosa,test,4,KL,6.107,0.0,0.9605,0.0,0.0395,0.0,0.0,0.0
111,Rosa,test,4,KW,3.769,0.0,0.985,0.0,0.015,0.0,0.0,0.0
111,Rosa,test,4,AC,2.235,0.6272,0.0,0.0,0.2844,0.0,0.0,0.0884
111,Rosa,test,4,KG,5.794,0.0,0.9574,0.0,0.0423,0.0,0.0,0.0003
112,Rosa,test,1,A,19.38,0.0,0.9996,0.0,0.0004,0.0,0.0,0.0
112,Rosa,test,1,P,16.72,0.0,0.9997,0.0,0.0003,0.0,0.0,0.0
112,Rosa,test,1,C,0.8716,0.4149,0.0,0.0,0.3793,0.0,0.0,0.2058
112,Rosa,test,1,KL,6.303,0.0,0.9971,0.0,0.0029,0.0,0.0,0.0
112,Rosa,test,1,KW,3.791,0.0,0.9834,0.0,0.0166,0.0,0.0,0.0
112,Rosa,test,1,AC,3.678,0.0,0.433,0.0,0.2927,0.0,0.0,0.2743
112,Rosa,test,1,KG,5.965,0.0,0.9975,0.0,0.0025,0.0,0.0,0.0
113,Rosa,test,0,A,19.13,0.0,0.9996,0.0,0.0004,0.0,0.0,0.0
113,Rosa,test,0,P,16.31,0.0,0.9974,0.0,0.0026,0.0,0.0,0.0
113,Rosa,test,0,C,0.9035,0.0,0.6022,0.0,0.3516,0.0,0.0,0.0462
113,Rosa,test,0,KL,6.183,0.0,0.9792,0.0,0.0208,0.0,0.0,0.0
113,Rosa,test,0,KW,3.902,0.0,0.9988,0.0,0.0012,0.0,0.0,0.0
113,Rosa,test,0,AC,2.109,0.5978,0.0,0.0,0.3014,0.0,0.0,0.1008
113,Rosa,test,0,KG,5.924,0.0,0.9924,0.0,0.0076,0.0,0.0,0.0
114,Rosa,test,3,A,19.14,0.0,0.9991,0.0,0.0009,0.0,0.0,0.0
114,Rosa,test,3,P,16.61,0.0,0.9993,0.0,0.0007,0.0,0.0,0.0
114,Rosa,test,3,C,0.8722,0.3997,0.0,0.0,0.3818,0.0,0.0,0.2185
114,Rosa,test,3,KL,6.259,0.0,0.9916,0.0,0.0084,0.0,0.0,0.0
114,Rosa,test,3,KW,3.737,0.0,0.9733,0.0,0.0267,0.0,0.0,0.0
114,Rosa,test,3,AC,6.682,0.0,0.0,0.9307,0.0,0.0,0.0554,0.0139
114,Rosa,test,3,KG,6.053,0.0,0.9977,0.0,0.0023,0.0,0.0,0.0
115,Rosa,test,0,A,20.97,0.0,1.0,0.0,0.0,0.0,0.0,0.0
115,Rosa,test,0,P,17.25,0.0,1.0,0.0,0.0,0.0,0.0,0.0
115,Rosa,test,0,C,0.8859,0.0,0.4885,0.0,0.4239,0.0,0.0,0.0876
115,Rosa,test,0,KL,6.563,0.0,0.9997,0.0,0.0003,0.0,0.0,0.0
115,Rosa,test,0,KW,3.991,0.0,0.9997,0.0,0.0003,0.0,0.0,0.0
115,Rosa,test,0,AC,4.677,0.0,0.0,0.4979,0.0,0.0,0.3741,0.128
115,Rosa,test,0,KG,6.316,0.0,1.0,0.0,0.0,0.0,0.0,0.0
116,Rosa,test,2,A,19.06,0.0,0.9996,0.0,0.0004,0.0,0.0,0.0
116,Rosa,test,2,P,16.45,0.0,0.9995,0.0,0.0005,0.0,0.0,0.0
116,Rosa,test,2,C,0.8854,0.0,0.5112,0.0,0.4077,0.0,0.0,0.0811
116,Rosa,test,2,KL,6.416,0.0,0.9995,0.0,0.0005,0.0,0.0,0.0
116,Rosa,test,2,KW,3.719,0.0,0.9748,0.0,0.0252,0.0,0.0,0.0
116,Rosa,test,2,AC,2.248,0.5989,0.0,0.0,0.3292,0.0,0.0,0.0719
116,Rosa,test,2,KG,6.163,0.0,0.9999,0.0,0.0001,0.0,0.0,0.0
117,Rosa,test,0,A,18.96,0.0,0.9993,0.0,0.0007,0.0,0.0,0.0
117,Rosa,test,0,P,16.2,0.0,0.9953,0.0,0.0047,0.0,0.0,0.0
117,Rosa,test,0,C,0.9077,0.0,0.6222,0.0,0.3342,0.0,0.0,0.0436
117,Rosa,test,0,KL,6.051,0.0,0.9192,0.0,0.0808,0.0,0.0,0.0
117,Rosa,test,0,KW,3.897,0.0,0.9987,0.0,0.0013,0.0,0.0,0.0
117,Rosa,test,0,AC,4.334,0.0,0.0,0.4222,0.0,0.0,0.4005,0.1773
117,Rosa,test,0,KG,5.75,0.0,0.9253,0.0,0.0734,0.0,0.0,0.0013
118,Rosa,test,1,A,19.15,0.0,0.9993,0.0,0.0007,0.0,0.0,0.0
118,Rosa,test,1,P,16.45,0.0,0.9988,0.0,0.0012,0.0,0.0,0.0
118,Rosa,test,1,C,0.889,0.0,0.4821,0.0,0.4501,0.0,0.0,0.0678
118,Rosa,test,1,KL,6.245,0.0,0.9938,0.0,0.0062,0.0,0.0,0.0
118,Rosa,test,1,KW,3.815,0.0,0.9879,0.0,0.0121,0.0,0.0,0.0
118,Rosa,test,1,AC,3.084,0.4272,0.0,0.0,0.398,0.0,0.0,0.1748
118,Rosa,test,1,KG,6.185,0.0,0.9999,0.0,0.0001,0.0,0.0,0.0
119,Rosa,test,0,A,18.89,0.0,0.9992,0.0,0.0008,0.0,0.0,0.0
119,Rosa,test,0,P,16.23,0.0,0.996,0.0,0.004,0.0,0.0,0.0
119,Rosa,test,0,C,0.9008,0.0,0.588,0.0,0.363,0.0,0.0,0.049
119,Rosa,test,0,KL,6.227,0.0,0.9871,0.0,0.0129,0.0,0.0,0.0
119,Rosa,test,0,KW,3.769,0.0,0.9905,0.0,0.0095,0.0,0.0,0.0
119,Rosa,test,0,AC,3.639,0.0,0.4135,0.0,0.3018,0.0,0.0,0.2847
119,Rosa,test,0,KG,5.966,0.0,0.9956,0.0,0.0044,0.0,0.0,0.0
120,Rosa,test,4,A,20.03,0.0,0.9999,0.0,0.0001,0.0,0.0,0.0
120,Rosa,test,4,P,16.9,0.0,0.9999,0.0,0.0001,0.0,0.0,0.0
120,Rosa,test,4,C,0.8811,0.4629,0.0,0.0,0.4309,0.0,0.0,0.1062
120,Rosa,test,4,KL,6.493,0.0,0.9996,0.0,0.0004,0.0,0.0,0.0
120,Rosa,test,4,KW,3.857,0.0,0.9957,0.0,0.0043,0.0,0.0,0.0
120,Rosa,test,4,AC,3.063,0.4547,0.0,0.0,0.3659,0.0,0.0,0.1794
120,Rosa,test,4,KG,6.32,0.0,1.0,0.0,0.0,0.0,0.0,0.0
121,Rosa,test,3,A,20.24,0.0,1.0,0.0,0.0,0.0,0.0,0.0
121,Rosa,test,3,P,16.91,0.0,0.9999,0.0,0.0001,0.0,0.0,0.0
121,Rosa,test,3,C,0.8897,0.0,0.4841,0.0,0.4337,0.0,0.0,0.0822
121,Rosa,test,3,KL,6.315,0.0,0.9957,0.0,0.0043,0.0,0.0,0.0
121,Rosa,test,3,KW,3.962,0.0,0.9989,0.0,0.0011,0.0,0.0,0.0
121,Rosa,test,3,AC,5.901,0.0,0.0,0.805,0.0,0.0,0.1513,0.0437
121,Rosa,test,3,KG,6.188,0.0,0.9996,0.0,0.0004,0.0,0.0,0.0
122,Rosa,test,1,A,18.14,0.0,0.9896,0.0,0.0104,0.0,0.0,0.0
122,Rosa,test,1,P,16.12,0.0,0.9926,0.0,0.0074,0.0,0.0,0.0
122,Rosa,test,1,C,0.8772,0.4378,0.0,0.0,0.4216,0.0,0.0,0.1406
122,Rosa,test,1,KL,6.059,0.0,0.9395,0.0,0.0605,0.0,0.0,0.0
122,Rosa,test,1,KW,3.563,0.0,0.7684,0.0,0.2316,0.0,0.0,0.0
122,Rosa,test,1,AC,3.619,0.0,0.4315,0.0,0.3054,0.0,0.0,0.2631
122,Rosa,test,1,KG,6.011,0.0,0.9987,0.0,0.0013,0.0,0.0,0.0
123,Rosa,test,3,A,16.17,0.5613,0.0,0.0,0.4387,0.0,0.0,0.0
123,Rosa,test,3,P,15.38,0.0,0.6959,0.0,0.3041,0.0,0.0,0.0
123,Rosa,test,3,C,0.8588,0.0,0.0,0.4971,0.0,0.2846,0.0,0.2183
123,Rosa,test,3,KL,5.762,0.6434,0.0,0.0,0.3548,0.0,0.0,0.0018
123,Rosa,test,3,KW,3.387,0.7252,0.0,0.0,0.2717,0.0,0.0,0.0031
123,Rosa,test,3,AC,4.286,0.0,0.4178,0.0,0.0,0.0,0.3722,0.21
123,Rosa,test,3,KG,5.703,0.0,0.8442,0.0,0.1479,0.0,0.0,0.0079
124,Rosa,test,3,A,18.43,0.0,0.9943,0.0,0.0057,0.0,0.0,0.0
124,Rosa,test,3,P,15.97,0.0,0.9783,0.0,0.0217,0.0,0.0,0.0
124,Rosa,test,3,C,0.9077,0.0,0.5027,0.0,0.4483,0.0,0.0,0.049
124,Rosa,test,3,KL,5.98,0.0,0.8334,0.0,0.1666,0.0,0.0,0.0
124,Rosa,test,3,KW,3.771,0.0,0.9831,0.0,0.0169,0.0,0.0,0.0
124,Rosa,test,3,AC,2.984,0.4236,0.0,0.0,0.4186,0.0,0.0,0.1578
124,Rosa,test,3,KG,5.905,0.0,0.986,0.0,0.014,0.0,0.0,0.0
125,Rosa,test,1,A,15.99,0.62,0.0,0.0,0.38,0.0,0.0,0.0
125,Rosa,test,1,P,14.89,0.8116,0.0,0.0,0.1884,0.0,0.0,0.0
125,Rosa,test,1,C,0.9064,0.0,0.5364,0.0,0.432,0.0,0.0,0.0316
125,Rosa,test,1,KL,5.363,0.0,0.0,0.5557,0.0,0.4382,0.0,0.0061
125,Rosa,test,1,KW,3.582,0.0,0.8069,0.0,0.1931,0.0,0.0,0.0
125,Rosa,test,1,AC,3.336,0.0,0.4179,0.0,0.3686,0.0,0.0,0.2135
125,Rosa,test,1,KG,5.144,0.0,0.0,0.6273,0.0,0.372,0.0,0.0007
126,Rosa,test,3,A,18.75,0.0,0.9975,0.0,0.0025,0.0,0.0,0.0
126,Rosa,test,3,P,16.18,0.0,0.9926,0.0,0.0074,0.0,0.0,0.0
126,Rosa,test,3,C,0.8999,0.0,0.5025,0.0,0.4404,0.0,0.0,0.0571
126,Rosa,test,3,KL,6.111,0.0,0.9547,0.0,0.0453,0.0,0.0,0.0
126,Rosa,test,3,KW,3.869,0.0,0.9957,0.0,0.0043,0.0,0.0,0.0
126,Rosa,test,3,AC,4.188,0.0,0.4263,0.0,0.0,0.0,0.3496,0.2241
126,Rosa,test,3,KG,5.992,0.0,0.9951,0.0,0.0049,0.0,0.0,0.0
127,Rosa,test,2,A,18.65,0.0,0.9986,0.0,0.0014,0.0,0.0,0.0
127,Rosa,test,2,P,16.41,0.0,0.9993,0.0,0.0007,0.0,0.0,0.0
127,Rosa,test,2,C,0.8698,0.4006,0.0,0.0,0.3704,0.0,0.0,0.229
127,Rosa,test,2,KL,6.285,0.0,0.9968,0.0,0.0032,0.0,0.0,0.0
127,Rosa,test,2,KW,3.594,0.0,0.8717,0.0,0.1283,0.0,0.0,0.0
127,Rosa,test,2,AC,4.391,0.0,0.0,0.4156,0.0,0.0,0.4114,0.173
127,Rosa,test,2,KG,6.102,0.0,0.9997,0.0,0.0003,0.0,0.0,0.0
128,Rosa,test,1,A,17.98,0.0,0.9844,0.0,0.0156,0.0,0.0,0.0
128,Rosa,test,1,P,15.85,0.0,0.9688,0.0,0.0312,0.0,0.0,0.0
128,Rosa,test,1,C,0.8993,0.0,0.5172,0.0,0.4418,0.0,0.0,0.041
128,Rosa,test,1,KL,5.979,0.0,0.8577,0.0,0.1423,0.0,0.0,0.0
128,Rosa,test,1,KW,3.687,0.0,0.9391,0.0,0.0609,0.0,0.0,0.0
128,Rosa,test,1,AC,2.257,0.6145,0.0,0.0,0.3013,0.0,0.0,0.0842
128,Rosa,test,1,KG,5.919,0.0,0.9952,0.0,0.0048,0.0,0.0,0.0
129,Rosa,test,0,A,20.16,0.0,1.0,0.0,0.0,0.0,0.0,0.0
129,Rosa,test,0,P,17.03,0.0,1.0,0.0,0.0,0.0,0.0,0.0
129,Rosa,test,0,C,0.8735,0.4428,0.0,0.0,0.3692,0.0,0.0,0.188
129,Rosa,test,0,KL,6.513,0.0,0.9995,0.0,0.0005,0.0,0.0,0.0
129,Rosa,test,0,KW,3.773,0.0,0.9911,0.0,0.0089,0.0,0.0,0.0
129,Rosa,test,0,AC,1.91,0.6304,0.0,0.0,0.2819,0.0,0.0,0.0877
129,Rosa,test,0,KG,6.185,0.0,0.9997,0.0,0.0003,0.0,0.0,0.0
130,Rosa,test,3,A,17.55,0.0,0.9499,0.0,0.0501,0.0,0.0,0.0
130,Rosa,test,3,P,15.66,0.0,0.9024,0.0,0.0976,0.0,0.0,0.0
130,Rosa,test,3,C,0.8991,0.0,0.5018,0.0,0.4398,0.0,0.0,0.0584
130,Rosa,test,3,KL,5.791,0.5778,0.0,0.0,0.4214,0.0,0.0,0.0008
130,Rosa,test,3,KW,3.69,0.0,0.9505,0.0,0.0495,0.0,0.0,0.0
130,Rosa,test,3,AC,5.366,0.0,0.0,0.6689,0.0,0.0,0.2482,0.0829
130,Rosa,test,3,KG,5.661,0.0,0.7562,0.0,0.2243,0.0,0.0,0.0195
131,Rosa,test,2,A,18.3,0.0,0.9962,0.0,0.0038,0.0,0.0,0.0
131,Rosa,test,2,P,15.89,0.0,0.9836,0.0,0.0164,0.0,0.0,0.0
131,Rosa,test,2,C,0.9108,0.5049,0.0,0.0,0.4576,0.0,0.0,0.0375
131,Rosa,test,2,KL,5.979,0.0,0.8638,0.0,0.1362,0.0,0.0,0.0
131,Rosa,test,2,KW,3.755,0.0,0.9844,0.0,0.0156,0.0,0.0,0.0
131,Rosa,test,2,AC,2.837,0.4755,0.0,0.0,0.4022,0.0,0.0,0.1223
131,Rosa,test,2,KG,5.962,0.0,0.9974,0.0,0.0026,0.0,0.0,0.0
132,Rosa,test,0,A,18.94,0.0,0.9993,0.0,0.0007,0.0,0.0,0.0
132,Rosa,test,0,P,16.32,0.0,0.9975,0.0,0.0025,0.0,0.0,0.0
132,Rosa,test,0,C,0.8942,0.0,0.5487,0.0,0.3912,0.0,0.0,0.0601
132,Rosa,test,0,KL,6.144,0.0,0.9685,0.0,0.0315,0.0,0.0,0.0
132,Rosa,test,0,KW,3.825,0.0,0.9959,0.0,0.0041,0.0,0.0,0.0
132,Rosa,test,0,AC,2.908,0.449,0.0,0.0,0.3749,0.0,0.0,0.1761
132,Rosa,test,0,KG,5.949,0.0,0.9945,0.0,0.0055,0.0,0.0,0.0
133,Rosa,test,4,A,15.38,0.9067,0.0,0.0,0.0933,0.0,0.0,0.0
133,Rosa,test,4,P,14.9,0.8795,0.0,0.0,0.1205,0.0,0.0,0.0
133,Rosa,test,4,C,0.8706,0.4259,0.0,0.0,0.3509,0.0,0.0,0.2232
133,Rosa,test,4,KL,5.884,0.0,0.6521,0.0,0.3479,0.0,0.0,0.0
133,Rosa,test,4,KW,3.268,0.9207,0.0,0.0,0.0669,0.0,0.0,0.0124
133,Rosa,test,4,AC,4.462,0.0,0.0,0.4537,0.0,0.0,0.4022,0.1441
133,Rosa,test,4,KG,5.795,0.0,0.9581,0.0,0.0417,0.0,0.0,0.0002
134,Rosa,test,3,A,16.16,0.5666,0.0,0.0,0.4334,0.0,0.0,0.0
134,Rosa,test,3,P,15.33,0.0,0.6415,0.0,0.3585,0.0,0.0,0.0
134,Rosa,test,3,C,0.8644,0.0,0.0,0.359,0.0,0.3465,0.0,0.2945
134,Rosa,test,3,KL,5.845,0.0,0.5539,0.0,0.4459,0.0,0.0,0.0002
134,Rosa,test,3,KW,3.395,0.7054,0.0,0.0,0.292,0.0,0.0,0.0026
134,Rosa,test,3,AC,4.266,0.0,0.4196,0.0,0.0,0.0,0.3675,0.2129
134,Rosa,test,3,KG,5.795,0.0,0.9466,0.0,0.0526,0.0,0.0,0.0008
135,Rosa,test,0,A,15.56,0.7903,0.0,0.0,0.2097,0.0,0.0,0.0
135,Rosa,test,0,P,14.89,0.8025,0.0,0.0,0.1974,0.0,0.0,0.0001
135,Rosa,test,0,C,0.8823,0.0,0.4581,0.0,0.4349,0.0,0.0,0.107
135,Rosa,test,0,KL,5.776,0.5905,0.0,0.0,0.4079,0.0,0.0,0.0016
135,Rosa,test,0,KW,3.408,0.6246,0.0,0.0,0.3741,0.0,0.0,0.0013
135,Rosa,test,0,AC,4.972,0.0,0.0,0.5638,0.0,0.0,0.3427,0.0935
135,Rosa,test,0,KG,5.847,0.0,0.9789,0.0,0.021,0.0,0.0,0.0001
136,Rosa,test,4,A,15.38,0.9067,0.0,0.0,0.0933,0.0,0.0,0.0
136,Rosa,test,4,P,14.66,0.9671,0.0,0.0,0.0328,0.0,0.0,0.0001
136,Rosa,test,4,C,0.899,0.0,0.5408,0.0,0.4217,0.0,0.0,0.0375
136,Rosa,test,4,KL,5.477,0.7415,0.0,0.0,0.0,0.2399,0.0,0.0186
136,Rosa,test,4,KW,3.465,0.5046,0.0,0.0,0.4953,0.0,0.0,0.0001
136,Rosa,test,4,AC,3.6,0.0,0.4045,0.0,0.3249,0.0,0.0,0.2706
136,Rosa,test,4,KG,5.439,0.604,0.0,0.0,0.0,0.3175,0.0,0.0785
137,Rosa,test,3,A,17.36,0.0,0.9228,0.0,0.0772,0.0,0.0,0.0
137,Rosa,test,3,P,15.76,0.0,0.9388,0.0,0.0612,0.0,0.0,0.0
137,Rosa,test,3,C,0.8785,0.0,0.4319,0.0,0.4203,0.0,0.0,0.1478
137,Rosa,test,3,KL,6.145,0.0,0.9687,0.0,0.0313,0.0,0.0,0.0
137,Rosa,test,3,KW,3.574,0.0,0.8034,0.0,0.1966,0.0,0.0,0.0
137,Rosa,test,3,AC,3.526,0.0,0.446,0.0,0.3281,0.0,0.0,0.2259
137,Rosa,test,3,KG,5.971,0.0,0.9937,0.0,0.0063,0.0,0.0,0.0
138,Rosa,test,2,A,15.57,0.8228,0.0,0.0,0.1772,0.0,0.0,0.0
138,Rosa,test,2,P,15.15,0.5341,0.0,0.0,0.4659,0.0,0.0,0.0
138,Rosa,test,2,C,0.8527,0.0,0.0,0.6545,0.0,0.2422,0.0,0.1033
138,Rosa,test,2,KL,5.92,0.0,0.7632,0.0,0.2368,0.0,0.0,0.0
138,Rosa,test,2,KW,3.231,0.9254,0.0,0.0,0.0,0.0464,0.0,0.0282
138,Rosa,test,2,AC,2.64,0.5174,0.0,0.0,0.3799,0.0,0.0,0.1027
138,Rosa,test,2,KG,5.879,0.0,0.9916,0.0,0.0084,0.0,0.0,0.0
139,Rosa,test,2,A,15.6,0.8125,0.0,0.0,0.1875,0.0,0.0,0.0
139,Rosa,test,2,P,15.11,0.5872,0.0,0.0,0.4128,0.0,0.0,0.0
139,Rosa,test,2,C,0.858,0.0,0.0,0.5045,0.0,0.3157,0.0,0.1798
139,Rosa,test,2,KL,5.832,0.0,0.5513,0.0,0.4486,0.0,0.0,0.0001
139,Rosa,test,2,KW,3.286,0.9167,0.0,0.0,0.0655,0.0,0.0,0.0178
139,Rosa,test,2,AC,2.725,0.4994,0.0,0.0,0.3898,0.0,0.0,0.1108
139,Rosa,test,2,KG,5.752,0.0,0.9505,0.0,0.0485,0.0,0.0,0.001
140,Rosa,test,4,A,16.23,0.5618,0.0,0.0,0.4382,0.0,0.0,0.0
140,Rosa,test,4,P,15.18,0.5943,0.0,0.0,0.4057,0.0,0.0,0.0
140,Rosa,test,4,C,0.885,0.4622,0.0,0.0,0.4557,0.0,0.0,0.0821
140,Rosa,test,4,KL,5.872,0.0,0.6212,0.0,0.3788,0.0,0.0,0.0
140,Rosa,test,4,KW,3.472,0.0,0.5188,0.0,0.4811,0.0,0.0,0.0001
140,Rosa,test,4,AC,3.769,0.0,0.4112,0.0,0.0,0.0,0.304,0.2848
140,Rosa,test,4,KG,5.922,0.0,0.9924,0.0,0.0076,0.0,0.0,0.0
141,Canadian,test,3,A,13.07,0.5371,0.0,0.0,0.0,0.4617,0.0,0.0012
141,Canadian,test,3,P,13.92,0.7515,0.0,0.0,0.0,0.2465,0.0,0.002
141,Canadian,test,3,C,0.848,0.0,0.0,0.7762,0.0,0.1396,0.0,0.0842
141,Canadian,test,3,KL,5.472,0.6885,0.0,0.0,0.0,0.2825,0.0,0.029
141,Canadian,test,3,KW,2.994,0.0,0.0,0.7033,0.0,0.2956,0.0,0.0011
141,Canadian,test,3,AC,5.304,0.0,0.0,0.6514,0.0,0.0,0.26,0.0886
141,Canadian,test,3,KG,5.395,0.5207,0.0,0.0,0.0,0.4191,0.0,0.0602
142,Canadian,test,1,A,13.32,0.758,0.0,0.0,0.0,0.2384,0.0,0.0036
142,Canadian,test,1,P,13.94,0.7871,0.0,0.0,0.0,0.2106,0.0,0.0023
142,Canadian,test,1,C,0.8613,0.0,0.0,0.4065,0.0,0.3246,0.0,0.2689
142,Canadian,test,1,KL,5.541,0.8474,0.0,0.0,0.0,0.0979,0.0,0.0547
142,Canadian,test,1,KW,3.073,0.6111,0.0,0.0,0.0,0.379,0.0,0.0099
142,Canadian,test,1,AC,7.035,0.0,0.0,0.9014,0.0,0.0,0.094,0.0046
142,Canadian,test,1,KG,5.44,0.5755,0.0,0.0,0.0,0.326,0.0,0.0985
143,Canadian,test,4,A,13.34,0.8088,0.0,0.0,0.0,0.1904,0.0,0.0008
143,Canadian,test,4,P,13.95,0.8368,0.0,0.0,0.0,0.1628,0.0,0.0004
143,Canadian,test,4,C,0.862,0.0,0.0,0.4027,0.0,0.3369,0.0,0.2604
143,Canadian,test,4,KL,5.389,0.5033,0.0,0.0,0.0,0.4914,0.0,0.0053
143,Canadian,test,4,KW,3.074,0.6478,0.0,0.0,0.0,0.3482,0.0,0.004
143,Canadian,test,4,AC,5.995,0.0,0.0,0.7436,0.0,0.0,0.2415,0.0149
143,Canadian,test,4,KG,5.307,0.0,0.0,0.5386,0.0,0.4537,0.0,0.0077
144,Canadian,test,2,A,12.22,0.0,0.0,0.8799,0.0,0.1201,0.0,0.0
144,Canadian,test,2,P,13.32,0.0,0.0,0.889,0.0,0.111,0.0,0.0
144,Canadian,test,2,C,0.8652,0.3817,0.0,0.0,0.0,0.3183,0.0,0.3
144,Canadian,test,2,KL,5.224,0.0,0.0,0.7888,0.0,0.2097,0.0,0.0015
144,Canadian,test,2,KW,2.967,0.0,0.0,0.7453,0.0,0.2546,0.0,0.0001
144,Canadian,test,2,AC,5.469,0.0,0.0,0.7148,0.0,0.0,0.233,0.0522
144,Canadian,test,2,KG,5.221,0.0,0.0,0.5857,0.0,0.4089,0.0,0.0054
145,Canadian,test,0,A,11.82,0.0,0.0,0.934,0.0,0.066,0.0,0.0
145,Canadian,test,0,P,13.4,0.0,0.0,0.8291,0.0,0.1709,0.0,0.0
145,Canadian,test,0,C,0.8274,0.0,0.0,0.9896,0.0,0.0088,0.0,0.0016
145,Canadian,test,0,KL,5.314,0.0,0.0,0.6569,0.0,0.3397,0.0,0.0034
145,Canadian,test,0,KW,2.777,0.0,0.0,0.9681,0.0,0.0319,0.0,0.0
145,Canadian,test,0,AC,4.471,0.0,0.0,0.452,0.0,0.0,0.3915,0.1565
145,Canadian,test,0,KG,5.178,0.0,0.0,0.6037,0.0,0.3946,0.0,0.0017
146,Canadian,test,0,A,11.21,0.0,0.0,0.9683,0.0,0.0317,0.0,0.0
146,Canadian,test,0,P,13.13,0.0,0.0,0.9206,0.0,0.0794,0.0,0.0
146,Canadian,test,0,C,0.8167,0.0,0.0,0.9986,0.0,0.0013,0.0,0.0001
146,Canadian,test,0,KL,5.279,0.0,0.0,0.7123,0.0,0.2856,0.0,0.0021
146,Canadian,test,0,KW,2.687,0.0,0.0,0.9877,0.0,0.0123,0.0,0.0
146,Canadian,test,0,AC,6.169,0.0,0.0,0.7981,0.0,0.0,0.183,0.0189
146,Canadian,test,0,KG,5.275,0.0,0.0,0.5423,0.0,0.45,0.0,0.0077
147,Canadian,test,1,A,11.43,0.0,0.0,0.961,0.0,0.039,0.0,0.0
147,Canadian,test,1,P,13.13,0.0,0.0,0.9252,0.0,0.0748,0.0,0.0
147,Canadian,test,1,C,0.8335,0.0,0.0,0.9553,0.0,0.0275,0.0,0.0172
147,Canadian,test,1,KL,5.176,0.0,0.0,0.8215,0.0,0.1779,0.0,0.0006
147,Canadian,test,1,KW,2.719,0.0,0.0,0.9846,0.0,0.0154,0.0,0.0
147,Canadian,test,1,AC,2.221,0.622,0.0,0.0,0.2966,0.0,0.0,0.0814
147,Canadian,test,1,KG,5.132,0.0,0.0,0.6265,0.0,0.3729,0.0,0.0006
148,Canadian,test,4,A,12.49,0.0,0.0,0.7789,0.0,0.2211,0.0,0.0
148,Canadian,test,4,P,13.46,0.0,0.0,0.7978,0.0,0.2022,0.0,0.0
148,Canadian,test,4,C,0.8658,0.3834,0.0,0.0,0.0,0.313,0.0,0.3036
148,Canadian,test,4,KL,5.267,0.0,0.0,0.7375,0.0,0.2616,0.0,0.0009
148,Canadian,test,4,KW,2.967,0.0,0.0,0.747,0.0,0.2526,0.0,0.0004
148,Canadian,test,4,AC,4.421,0.0,0.0,0.4447,0.0,0.0,0.4043,0.151
148,Canadian,test,4,KG,5.002,0.0,0.0,0.5747,0.0,0.4252,0.0,0.0001
149,Canadian,test,4,A,12.7,0.0,0.0,0.6666,0.0,0.3333,0.0,0.0001
149,Canadian,test,4,P,13.71,0.0,0.0,0.5108,0.0,0.4891,0.0,0.0001
149,Canadian,test,4,C,0.8491,0.0,0.0,0.7518,0.0,0.1421,0.0,0.1061
149,Canadian,test,4,KL,5.386,0.0,0.0,0.4996,0.0,0.4953,0.0,0.0051
149,Canadian,test,4,KW,2.911,0.0,0.0,0.8679,0.0,0.132,0.0,0.0001
149,Canadian,test,4,AC,3.26,0.4074,0.0,0.0,0.3826,0.0,0.0,0.21
149,Canadian,test,4,KG,5.316,0.0,0.0,0.5277,0.0,0.4632,0.0,0.0091
150,Canadian,test,0,A,10.79,0.0,0.0,0.9758,0.0,0.0242,0.0,0.0
150,Canadian,test,0,P,12.93,0.0,0.0,0.9461,0.0,0.0539,0.0,0.0
150,Canadian,test,0,C,0.8107,0.0,0.0,0.9996,0.0,0.0004,0.0,0.0
150,Canadian,test,0,KL,5.317,0.0,0.0,0.6515,0.0,0.3449,0.0,0.0036
150,Canadian,test,0,KW,2.648,0.0,0.0,0.9917,0.0,0.0083,0.0,0.0
150,Canadian,test,0,AC,5.462,0.0,0.0,0.6694,0.0,0.0,0.279,0.0516
150,Canadian,test,0,KG,5.194,0.0,0.0,0.5975,0.0,0.4004,0.0,0.0021
151,Canadian,test,0,A,11.83,0.0,0.0,0.933,0.0,0.067,0.0,0.0
151,Canadian,test,0,P,13.23,0.0,0.0,0.8975,0.0,0.1025,0.0,0.0
151,Canadian,test,0,C,0.8496,0.0,0.0,0.7555,0.0,0.1744,0.0,0.0701
151,Canadian,test,0,KL,5.263,0.0,0.0,0.7335,0.0,0.2648,0.0,0.0017
151,Canadian,test,0,KW,2.84,0.0,0.0,0.9352,0.0,0.0648,0.0,0.0
151,Canadian,test,0,AC,5.195,0.0,0.0,0.6129,0.0,0.0,0.315,0.0721
151,Canadian,test,0,KG,5.307,0.0,0.0,0.5086,0.0,0.4785,0.0,0.0129
152,Canadian,test,1,A,12.01,0.0,0.0,0.9097,0.0,0.0902,0.0,0.0001
152,Canadian,test,1,P,13.52,0.0,0.0,0.7478,0.0,0.2521,0.0,0.0001
152,Canadian,test,1,C,0.8249,0.0,0.0,0.9875,0.0,0.008,0.0,0.0045
152,Canadian,test,1,KL,5.405,0.5501,0.0,0.0,0.0,0.4391,0.0,0.0108
152,Canadian,test,1,KW,2.776,0.0,0.0,0.9721,0.0,0.0279,0.0,0.0
152,Canadian,test,1,AC,6.992,0.0,0.0,0.8975,0.0,0.0,0.0976,0.0049
152,Canadian,test,1,KG,5.27,0.0,0.0,0.5802,0.0,0.4145,0.0,0.0053
153,Canadian,test,0,A,12.26,0.0,0.0,0.861,0.0,0.1389,0.0,0.0001
153,Canadian,test,0,P,13.6,0.0,0.0,0.6687,0.0,0.3311,0.0,0.0002
153,Canadian,test,0,C,0.8333,0.0,0.0,0.9722,0.0,0.0227,0.0,0.0051
153,Canadian,test,0,KL,5.408,0.5415,0.0,0.0,0.0,0.4462,0.0,0.0123
153,Canadian,test,0,KW,2.833,0.0,0.0,0.9402,0.0,0.0598,0.0,0.0
153,Canadian,test,0,AC,4.756,0.0,0.0,0.5155,0.0,0.0,0.3664,0.1181
153,Canadian,test,0,KG,5.36,0.5326,0.0,0.0,0.0,0.437,0.0,0.0304
154,Canadian,test,3,A,11.18,0.0,0.0,0.9621,0.0,0.0379,0.0,0.0
154,Canadian,test,3,P,13.04,0.0,0.0,0.9272,0.0,0.0728,0.0,0.0
154,Canadian,test,3,C,0.8266,0.0,0.0,0.9868,0.0,0.01,0.0,0.0032
154,Canadian,test,3,KL,5.22,0.0,0.0,0.7679,0.0,0.2307,0.0,0.0014
154,Canadian,test,3,KW,2.693,0.0,0.0,0.9888,0.0,0.0112,0.0,0.0
154,Canadian,test,3,AC,3.332,0.0,0.4402,0.0,0.3613,0.0,0.0,0.1985
154,Canadian,test,3,KG,5.001,0.0,0.0,0.575,0.0,0.4247,0.0,0.0003
155,Canadian,test,4,A,11.36,0.0,0.0,0.9591,0.0,0.0409,0.0,0.0
155,Canadian,test,4,P,13.05,0.0,0.0,0.9321,0.0,0.0679,0.0,0.0
155,Canadian,test,4,C,0.8382,0.0,0.0,0.93,0.0,0.0396,0.0,0.0304
155,Canadian,test,4,KL,5.175,0.0,0.0,0.8135,0.0,0.1862,0.0,0.0003
155,Canadian,test,4,KW,2.755,0.0,0.0,0.9775,0.0,0.0225,0.0,0.0
155,Canadian,test,4,AC,4.048,0.0,0.4147,0.0,0.0,0.0,0.3627,0.2226
155,Canadian,test,4,KG,5.263,0.0,0.0,0.5824,0.0,0.4141,0.0,0.0035
156,Canadian,test,1,A,11.19,0.0,0.0,0.9694,0.0,0.0306,0.0,0.0
156,Canadian,test,1,P,13.05,0.0,0.0,0.9377,0.0,0.0623,0.0,0.0
156,Canadian,test,1,C,0.8253,0.0,0.0,0.9867,0.0,0.0085,0.0,0.0048
156,Canadian,test,1,KL,5.25,0.0,0.0,0.7618,0.0,0.2368,0.0,0.0014
156,Canadian,test,1,KW,2.675,0.0,0.0,0.99,0.0,0.01,0.0,0.0
156,Canadian,test,1,AC,5.813,0.0,0.0,0.7358,0.0,0.0,0.2344,0.0298
156,Canadian,test,1,KG,5.219,0.0,0.0,0.6119,0.0,0.3858,0.0,0.0023
157,Canadian,test,3,A,11.34,0.0,0.0,0.9574,0.0,0.0426,0.0,0.0
157,Canadian,test,3,P,12.87,0.0,0.0,0.9385,0.0,0.0615,0.0,0.0
157,Canadian,test,3,C,0.8596,0.0,0.0,0.476,0.0,0.2945,0.0,0.2295
157,Canadian,test,3,KL,5.053,0.0,0.0,0.8067,0.0,0.1929,0.0,0.0004
157,Canadian,test,3,KW,2.849,0.0,0.0,0.9393,0.0,0.0607,0.0,0.0
157,Canadian,test,3,AC,3.347,0.0,0.4408,0.0,0.3587,0.0,0.0,0.2005
157,Canadian,test,3,KG,5.003,0.0,0.0,0.5764,0.0,0.4233,0.0,0.0003
158,Canadian,test,3,A,12.13,0.0,0.0,0.8874,0.0,0.1125,0.0,0.0001
158,Canadian,test,3,P,13.73,0.0,0.0,0.5151,0.0,0.4843,0.0,0.0006
158,Canadian,test,3,C,0.8081,0.0,0.0,0.9994,0.0,0.0005,0.0,0.0001
158,Canadian,test,3,KL,5.394,0.4988,0.0,0.0,0.0,0.4899,0.0,0.0113
158,Canadian,test,3,KW,2.745,0.0,0.0,0.9807,0.0,0.0193,0.0,0.0
158,Canadian,test,3,AC,4.825,0.0,0.0,0.5136,0.0,0.0,0.3469,0.1395
158,Canadian,test,3,KG,5.22,0.0,0.0,0.6014,0.0,0.3938,0.0,0.0048
159,Canadian,test,4,A,11.75,0.0,0.0,0.9382,0.0,0.0618,0.0,0.0
159,Canadian,test,4,P,13.52,0.0,0.0,0.7489,0.0,0.2511,0.0,0.0
159,Canadian,test,4,C,0.8082,0.0,0.0,0.9995,0.0,0.0,0.0003,0.0002
159,Canadian,test,4,KL,5.444,0.656,0.0,0.0,0.0,0.3321,0.0,0.0119
159,Canadian,test,4,KW,2.678,0.0,0.0,0.9892,0.0,0.0108,0.0,0.0
159,Canadian,test,4,AC,4.378,0.0,0.0,0.4352,0.0,0.0,0.4064,0.1584
159,Canadian,test,4,KG,5.31,0.0,0.0,0.535,0.0,0.4568,0.0,0.0082
160,Canadian,test,3,A,11.49,0.0,0.0,0.9513,0.0,0.0487,0.0,0.0
160,Canadian,test,3,P,13.22,0.0,0.0,0.8973,0.0,0.1027,0.0,0.0
160,Canadian,test,3,C,0.8263,0.0,0.0,0.9874,0.0,0.0096,0.0,0.003
160,Canadian,test,3,KL,5.304,0.0,0.0,0.6742,0.0,0.3221,0.0,0.0037
160,Canadian,test,3,KW,2.695,0.0,0.0,0.9885,0.0,0.0115,0.0,0.0
160,Canadian,test,3,AC,5.388,0.0,0.0,0.675,0.0,0.0,0.244,0.081
160,Canadian,test,3,KG,5.31,0.0,0.0,0.5343,0.0,0.4483,0.0,0.0174
161,Canadian,test,2,A,12.54,0.0,0.0,0.7719,0.0,0.228,0.0,0.0001
161,Canadian,test,2,P,13.67,0.0,0.0,0.5896,0.0,0.4101,0.0,0.0003
161,Canadian,test,2,C,0.8425,0.0,0.0,0.8724,0.0,0.105,0.0,0.0226
161,Canadian,test,2,KL,5.451,0.6792,0.0,0.0,0.0,0.2967,0.0,0.0241
161,Canadian,test,2,KW,2.879,0.0,0.0,0.9048,0.0,0.0952,0.0,0.0
161,Canadian,test,2,AC,3.082,0.0,0.4254,0.0,0.4231,0.0,0.0,0.1515
161,Canadian,test,2,KG,5.491,0.5318,0.0,0.0,0.2761,0.0,0.0,0.1921
162,Canadian,test,1,A,12.02,0.0,0.0,0.9082,0.0,0.0917,0.0,0.0001
162,Canadian,test,1,P,13.33,0.0,0.0,0.8676,0.0,0.1324,0.0,0.0
162,Canadian,test,1,C,0.8503,0.0,0.0,0.6986,0.0,0.173,0.0,0.1284
162,Canadian,test,1,KL,5.35,0.0,0.0,0.5879,0.0,0.407,0.0,0.0051
162,Canadian,test,1,KW,2.81,0.0,0.0,0.9593,0.0,0.0406,0.0,0.0001
162,Canadian,test,1,AC,4.271,0.0,0.4219,0.0,0.0,0.0,0.3986,0.1795
162,Canadian,test,1,KG,5.308,0.0,0.0,0.5441,0.0,0.4457,0.0,0.0102
163,Canadian,test,1,A,12.05,0.0,0.0,0.9033,0.0,0.0966,0.0,0.0001
163,Canadian,test,1,P,13.41,0.0,0.0,0.8274,0.0,0.1725,0.0,0.0001
163,Canadian,test,1,C,0.8416,0.0,0.0,0.874,0.0,0.075,0.0,0.051
163,Canadian,test,1,KL,5.267,0.0,0.0,0.741,0.0,0.2573,0.0,0.0017
163,Canadian,test,1,KW,2.847,0.0,0.0,0.938,0.0,0.0619,0.0,0.0001
163,Canadian,test,1,AC,4.988,0.0,0.0,0.5634,0.0,0.0,0.3513,0.0853
163,Canadian,test,1,KG,5.046,0.0,0.0,0.5942,0.0,0.4056,0.0,0.0002
164,Canadian,test,0,A,12.55,0.0,0.0,0.7606,0.0,0.2391,0.0,0.0003
164,Canadian,test,0,P,13.57,0.0,0.0,0.6998,0.0,0.3,0.0,0.0002
164,Canadian,test,0,C,0.8558,0.0,0.0,0.5853,0.0,0.2779,0.0,0.1368
164,Canadian,test,0,KL,5.333,0.0,0.0,0.6214,0.0,0.3742,0.0,0.0044
164,Canadian,test,0,KW,2.968,0.0,0.0,0.7335,0.0,0.2659,0.0,0.0006
164,Canadian,test,0,AC,4.419,0.0,0.0,0.4407,0.0,0.0,0.3951,0.1642
164,Canadian,test,0,KG,5.176,0.0,0.0,0.6044,0.0,0.394,0.0,0.0016
165,Canadian,test,1,A,11.14,0.0,0.0,0.9707,0.0,0.0293,0.0,0.0
165,Canadian,test,1,P,12.79,0.0,0.0,0.958,0.0,0.042,0.0,0.0
165,Canadian,test,1,C,0.8558,0.0,0.0,0.5518,0.0,0.2511,0.0,0.1971
165,Canadian,test,1,KL,5.011,0.0,0.0,0.8359,0.0,0.1639,0.0,0.0002
165,Canadian,test,1,KW,2.794,0.0,0.0,0.966,0.0,0.034,0.0,0.0
165,Canadian,test,1,AC,6.388,0.0,0.0,0.8283,0.0,0.0,0.1589,0.0128
165,Canadian,test,1,KG,5.049,0.0,0.0,0.5961,0.0,0.4037,0.0,0.0002
166,Canadian,test,2,A,12.1,0.0,0.0,0.9047,0.0,0.0953,0.0,0.0
166,Canadian,test,2,P,13.15,0.0,0.0,0.9354,0.0,0.0646,0.0,0.0
166,Canadian,test,2,C,0.8793,0.0,0.4749,0.0,0.4075,0.0,0.0,0.1176
166,Canadian,test,2,KL,5.105,0.0,0.0,0.8465,0.0,0.153,0.0,0.0005
166,Canadian,test,2,KW,2.941,0.0,0.0,0.807,0.0,0.1929,0.0,0.0001
166,Canadian,test,2,AC,2.201,0.6083,0.0,0.0,0.3228,0.0,0.0,0.0689
166,Canadian,test,2,KG,5.056,0.0,0.0,0.5991,0.0,0.4003,0.0,0.0006
167,Canadian,test,0,A,12.44,0.0,0.0,0.8055,0.0,0.1943,0.0,0.0002
167,Canadian,test,0,P,13.59,0.0,0.0,0.6794,0.0,0.3204,0.0,0.0002
167,Canadian,test,0,C,0.8462,0.0,0.0,0.8306,0.0,0.1247,0.0,0.0447
167,Canadian,test,0,KL,5.319,0.0,0.0,0.6479,0.0,0.3484,0.0,0.0037
167,Canadian,test,0,KW,2.897,0.0,0.0,0.8761,0.0,0.1238,0.0,0.0001
167,Canadian,test,0,AC,4.924,0.0,0.0,0.5531,0.0,0.0,0.3483,0.0986
167,Canadian,test,0,KG,5.27,0.0,0.0,0.5469,0.0,0.446,0.0,0.0071
168,Canadian,test,4,A,12.15,0.0,0.0,0.8843,0.0,0.1157,0.0,0.0
168,Canadian,test,4,P,13.45,0.0,0.0,0.8048,0.0,0.1952,0.0,0.0
168,Canadian,test,4,C,0.8443,0.0,0.0,0.8501,0.0,0.0856,0.0,0.0643
168,Canadian,test,4,KL,5.417,0.5806,0.0,0.0,0.0,0.4114,0.0,0.008
168,Canadian,test,4,KW,2.837,0.0,0.0,0.9449,0.0,0.0551,0.0,0.0
168,Canadian,test,4,AC,3.638,0.0,0.4063,0.0,0.3158,0.0,0.0,0.2779
168,Canadian,test,4,KG,5.338,0.0,0.0,0.4985,0.0,0.488,0.0,0.0135
169,Canadian,test,2,A,11.35,0.0,0.0,0.9706,0.0,0.0294,0.0,0.0
169,Canadian,test,2,P,13.12,0.0,0.0,0.9405,0.0,0.0595,0.0,0.0
169,Canadian,test,2,C,0.8291,0.0,0.0,0.977,0.0,0.0215,0.0,0.0015
169,Canadian,test,2,KL,5.176,0.0,0.0,0.823,0.0,0.1761,0.0,0.0009
169,Canadian,test,2,KW,2.668,0.0,0.0,0.9911,0.0,0.0089,0.0,0.0
169,Canadian,test,2,AC,4.337,0.0,0.4174,0.0,0.0,0.0,0.4012,0.1814
169,Canadian,test,2,KG,5.132,0.0,0.0,0.6116,0.0,0.3868,0.0,0.0016
170,Canadian,test,2,A,11.24,0.0,0.0,0.974,0.0,0.026,0.0,0.0
170,Canadian,test,2,P,13.0,0.0,0.0,0.9554,0.0,0.0446,0.0,0.0
170,Canadian,test,2,C,0.8359,0.0,0.0,0.9428,0.0,0.0507,0.0,0.0065
170,Canadian,test,2,KL,5.09,0.0,0.0,0.848,0.0,0.1515,0.0,0.0005
170,Canadian,test,2,KW,2.715,0.0,0.0,0.9853,0.0,0.0147,0.0,0.0
170,Canadian,test,2,AC,3.521,0.0,0.4498,0.0,0.3313,0.0,0.0,0.2189
170,Canadian,test,2,KG,5.088,0.0,0.0,0.6082,0.0,0.3909,0.0,0.0009
171,Canadian,test,4,A,11.02,0.0,0.0,0.966,0.0,0.034,0.0,0.0
171,Canadian,test,4,P,13.0,0.0,0.0,0.9366,0.0,0.0634,0.0,0.0
171,Canadian,test,4,C,0.8189,0.0,0.0,0.9966,0.0,0.0018,0.0,0.0016
171,Canadian,test,4,KL,5.325,0.0,0.0,0.6444,0.0,0.3536,0.0,0.002
171,Canadian,test,4,KW,2.701,0.0,0.0,0.9867,0.0,0.0133,0.0,0.0
171,Canadian,test,4,AC,6.735,0.0,0.0,0.8349,0.0,0.0,0.1614,0.0037
171,Canadian,test,4,KG,5.163,0.0,0.0,0.6309,0.0,0.3685,0.0,0.0006
172,Canadian,test,0,A,11.55,0.0,0.0,0.9545,0.0,0.0455,0.0,0.0
172,Canadian,test,0,P,13.1,0.0,0.0,0.9259,0.0,0.0741,0.0,0.0
172,Canadian,test,0,C,0.8455,0.0,0.0,0.844,0.0,0.1156,0.0,0.0404
172,Canadian,test,0,KL,5.167,0.0,0.0,0.8167,0.0,0.1828,0.0,0.0005
172,Canadian,test,0,KW,2.845,0.0,0.0,0.9314,0.0,0.0686,0.0,0.0
172,Canadian,test,0,AC,6.715,0.0,0.0,0.8717,0.0,0.0,0.1206,0.0077
172,Canadian,test,0,KG,4.956,0.0,0.0,0.5418,0.0,0.4581,0.0,0.0001
173,Canadian,test,1,A,11.27,0.0,0.0,0.9671,0.0,0.0329,0.0,0.0
173,Canadian,test,1,P,12.97,0.0,0.0,0.9466,0.0,0.0534,0.0,0.0
173,Canadian,test,1,C,0.8419,0.0,0.0,0.8695,0.0,0.0776,0.0,0.0529
173,Canadian,test,1,KL,5.088,0.0,0.0,0.8459,0.0,0.1538,0.0,0.0003
173,Canadian,test,1,KW,2.763,0.0,0.0,0.9758,0.0,0.0242,0.0,0.0
173,Canadian,test,1,AC,4.309,0.0,0.4196,0.0,0.0,0.0,0.4071,0.1733
173,Canadian,test,1,KG,5.0,0.0,0.0,0.5572,0.0,0.4427,0.0,0.0001
174,Canadian,test,4,A,11.4,0.0,0.0,0.9578,0.0,0.0422,0.0,0.0
174,Canadian,test,4,P,13.08,0.0,0.0,0.9287,0.0,0.0713,0.0,0.0
174,Canadian,test,4,C,0.8375,0.0,0.0,0.9364,0.0,0.0359,0.0,0.0277
174,Canadian,test,4,KL,5.136,0.0,0.0,0.8272,0.0,0.1726,0.0,0.0002
174,Canadian,test,4,KW,2.763,0.0,0.0,0.9756,0.0,0.0244,0.0,0.0
174,Canadian,test,4,AC,5.588,0.0,0.0,0.6795,0.0,0.0,0.2907,0.0298
174,Canadian,test,4,KG,5.089,0.0,0.0,0.6255,0.0,0.3743,0.0,0.0002
175,Canadian,test,0,A,10.83,0.0,0.0,0.9754,0.0,0.0246,0.0,0.0
175,Canadian,test,0,P,12.96,0.0,0.0,0.9435,0.0,0.0565,0.0,0.0
175,Canadian,test,0,C,0.8099,0.0,0.0,0.9997,0.0,0.0003,0.0,0.0
175,Canadian,test,0,KL,5.278,0.0,0.0,0.7137,0.0,0.2842,0.0,0.0021
175,Canadian,test,0,KW,2.641,0.0,0.0,0.9922,0.0,0.0078,0.0,0.0
175,Canadian,test,0,AC,5.182,0.0,0.0,0.61,0.0,0.0,0.3167,0.0733
175,Canadian,test,0,KG,5.185,0.0,0.0,0.6011,0.0,0.397,0.0,0.0019
176,Canadian,test,2,A,10.8,0.0,0.0,0.982,0.0,0.018,0.0,0.0
176,Canadian,test,2,P,12.57,0.0,0.0,0.9709,0.0,0.0291,0.0,0.0
176,Canadian,test,2,C,0.859,0.0,0.0,0.4762,0.0,0.3277,0.0,0.1961
176,Canadian,test,2,KL,4.981,0.0,0.0,0.8272,0.0,0.1725,0.0,0.0003
176,Canadian,test,2,KW,2.821,0.0,0.0,0.9516,0.0,0.0484,0.0,0.0
176,Canadian,test,2,AC,4.773,0.0,0.0,0.5224,0.0,0.0,0.3581,0.1195
176,Canadian,test,2,KG,5.063,0.0,0.0,0.6016,0.0,0.3978,0.0,0.0006
177,Canadian,test,2,A,11.26,0.0,0.0,0.9735,0.0,0.0265,0.0,0.0
177,Canadian,test,2,P,13.01,0.0,0.0,0.9545,0.0,0.0455,0.0,0.0
177,Canadian,test,2,C,0.8355,0.0,0.0,0.9457,0.0,0.0484,0.0,0.0059
177,Canadian,test,2,KL,5.186,0.0,0.0,0.8173,0.0,0.1817,0.0,0.001
177,Canadian,test,2,KW,2.71,0.0,0.0,0.9861,0.0,0.0139,0.0,0.0
177,Canadian,test,2,AC,5.335,0.0,0.0,0.6801,0.0,0.0,0.2577,0.0622
177,Canadian,test,2,KG,5.092,0.0,0.0,0.609,0.0,0.3901,0.0,0.0009
178,Canadian,test,4,A,10.74,0.0,0.0,0.9668,0.0,0.0332,0.0,0.0
178,Canadian,test,4,P,12.73,0.0,0.0,0.942,0.0,0.058,0.0,0.0
178,Canadian,test,4,C,0.8329,0.0,0.0,0.967,0.0,0.0184,0.0,0.0146
178,Canadian,test,4,KL,5.145,0.0,0.0,0.8248,0.0,0.175,0.0,0.0002
178,Canadian,test,4,KW,2.642,0.0,0.0,0.9921,0.0,0.0079,0.0,0.0
178,Canadian,test,4,AC,4.702,0.0,0.0,0.5063,0.0,0.0,0.3858,0.1079
178,Canadian,test,4,KG,4.963,0.0,0.0,0.5353,0.0,0.4647,0.0,0.0
179,Canadian,test,1,A,11.48,0.0,0.0,0.9586,0.0,0.0414,0.0,0.0
179,Canadian,test,1,P,13.05,0.0,0.0,0.9377,0.0,0.0623,0.0,0.0
179,Canadian,test,1,C,0.8473,0.0,0.0,0.7695,0.0,0.134,0.0,0.0965
179,Canadian,test,1,KL,5.18,0.0,0.0,0.8194,0.0,0.18,0.0,0.0006
179,Canadian,test,1,KW,2.758,0.0,0.0,0.977,0.0,0.023,0.0,0.0
179,Canadian,test,1,AC,5.876,0.0,0.0,0.7471,0.0,0.0,0.2256,0.0273
179,Canadian,test,1,KG,5.002,0.0,0.0,0.5591,0.0,0.4408,0.0,0.0001
180,Canadian,test,2,A,12.21,0.0,0.0,0.8822,0.0,0.1178,0.0,0.0
180,Canadian,test,2,P,13.47,0.0,0.0,0.8062,0.0,0.1937,0.0,0.0001
180,Canadian,test,2,C,0.8453,0.0,0.0,0.8263,0.0,0.1374,0.0,0.0363
180,Canadian,test,2,KL,5.357,0.0,0.0,0.5676,0.0,0.425,0.0,0.0074
180,Canadian,test,2,KW,2.893,0.0,0.0,0.888,0.0,0.112,0.0,0.0
180,Canadian,test,2,AC,1.661,0.7096,0.0,0.0,0.2486,0.0,0.0,0.0418
180,Canadian,test,2,KG,5.178,0.0,0.0,0.6039,0.0,0.3932,0.0,0.0029
181,Canadian,test,0,A,11.41,0.0,0.0,0.9614,0.0,0.0386,0.0,0.0
181,Canadian,test,0,P,12.95,0.0,0.0,0.9444,0.0,0.0556,0.0,0.0
181,Canadian,test,0,C,0.856,0.0,0.0,0.5795,0.0,0.2812,0.0,0.1393
181,Canadian,test,0,KL,5.09,0.0,0.0,0.8444,0.0,0.1553,0.0,0.0003
181,Canadian,test,0,KW,2.775,0.0,0.0,0.9688,0.0,0.0312,0.0,0.0
181,Canadian,test,0,AC,4.957,0.0,0.0,0.5604,0.0,0.0,0.3445,0.0951
181,Canadian,test,0,KG,4.825,0.6243,0.0,0.0,0.0,0.3757,0.0,0.0
182,Canadian,test,3,A,12.46,0.0,0.0,0.8032,0.0,0.1966,0.0,0.0002
182,Canadian,test,3,P,13.41,0.0,0.0,0.8266,0.0,0.1733,0.0,0.0001
182,Canadian,test,3,C,0.8706,0.3917,0.0,0.0,0.3662,0.0,0.0,0.2421
182,Canadian,test,3,KL,5.236,0.0,0.0,0.755,0.0,0.2433,0.0,0.0017
182,Canadian,test,3,KW,3.017,0.0,0.0,0.6324,0.0,0.3658,0.0,0.0018
182,Canadian,test,3,AC,4.987,0.0,0.0,0.56,0.0,0.0,0.3191,0.1209
182,Canadian,test,3,KG,5.147,0.0,0.0,0.6206,0.0,0.3776,0.0,0.0018
183,Canadian,test,2,A,12.19,0.0,0.0,0.8867,0.0,0.1133,0.0,0.0
183,Canadian,test,2,P,13.36,0.0,0.0,0.8719,0.0,0.1281,0.0,0.0
183,Canadian,test,2,C,0.8579,0.0,0.0,0.5073,0.0,0.3145,0.0,0.1782
183,Canadian,test,2,KL,5.24,0.0,0.0,0.7732,0.0,0.2251,0.0,0.0017
183,Canadian,test,2,KW,2.909,0.0,0.0,0.8653,0.0,0.1347,0.0,0.0
183,Canadian,test,2,AC,4.857,0.0,0.0,0.5465,0.0,0.0,0.3442,0.1093
183,Canadian,test,2,KG,5.158,0.0,0.0,0.6087,0.0,0.3891,0.0,0.0022
184,Canadian,test,3,A,11.65,0.0,0.0,0.9422,0.0,0.0578,0.0,0.0
184,Canadian,test,3,P,13.07,0.0,0.0,0.9238,0.0,0.0762,0.0,0.0
184,Canadian,test,3,C,0.8575,0.0,0.0,0.5322,0.0,0.2677,0.0,0.2001
184,Canadian,test,3,KL,5.108,0.0,0.0,0.8106,0.0,0.1888,0.0,0.0006
184,Canadian,test,3,KW,2.85,0.0,0.0,0.9386,0.0,0.0614,0.0,0.0
184,Canadian,test,3,AC,5.209,0.0,0.0,0.6242,0.0,0.0,0.2781,0.0977
184,Canadian,test,3,KG,5.135,0.0,0.0,0.6211,0.0,0.3774,0.0,0.0015
185,Canadian,test,2,A,12.89,0.0,0.0,0.5598,0.0,0.4398,0.0,0.0004
185,Canadian,test,2,P,13.77,0.5619,0.0,0.0,0.0,0.4375,0.0,0.0006
185,Canadian,test,2,C,0.8541,0.0,0.0,0.6157,0.0,0.2628,0.0,0.1215
185,Canadian,test,2,KL,5.495,0.7795,0.0,0.0,0.0,0.1809,0.0,0.0396
185,Canadian,test,2,KW,3.026,0.0,0.0,0.5581,0.0,0.4414,0.0,0.0005
185,Canadian,test,2,AC,6.185,0.0,0.0,0.8632,0.0,0.0,0.1186,0.0182
185,Canadian,test,2,KG,5.316,0.0,0.0,0.5031,0.0,0.4742,0.0,0.0227
186,Canadian,test,3,A,11.56,0.0,0.0,0.9477,0.0,0.0523,0.0,0.0
186,Canadian,test,3,P,13.31,0.0,0.0,0.8707,0.0,0.1293,0.0,0.0
186,Canadian,test,3,C,0.8198,0.0,0.0,0.9958,0.0,0.0034,0.0,0.0008
186,Canadian,test,3,KL,5.363,0.0,0.0,0.5635,0.0,0.4289,0.0,0.0076
186,Canadian,test,3,KW,2.683,0.0,0.0,0.9898,0.0,0.0102,0.0,0.0
186,Canadian,test,3,AC,4.062,0.0,0.435,0.0,0.0,0.0,0.3222,0.2428
186,Canadian,test,3,KG,5.182,0.0,0.0,0.6151,0.0,0.3821,0.0,0.0028
187,Canadian,test,2,A,11.81,0.0,0.0,0.9432,0.0,0.0568,0.0,0.0
187,Canadian,test,2,P,13.45,0.0,0.0,0.8205,0.0,0.1794,0.0,0.0001
187,Canadian,test,2,C,0.8198,0.0,0.0,0.994,0.0,0.0058,0.0,0.0002
187,Canadian,test,2,KL,5.413,0.5748,0.0,0.0,0.0,0.41,0.0,0.0152
187,Canadian,test,2,KW,2.716,0.0,0.0,0.9852,0.0,0.0148,0.0,0.0
187,Canadian,test,2,AC,4.898,0.0,0.0,0.5583,0.0,0.0,0.3372,0.1045
187,Canadian,test,2,KG,5.352,0.5059,0.0,0.0,0.0,0.4547,0.0,0.0394
188,Canadian,test,0,A,10.91,0.0,0.0,0.9744,0.0,0.0256,0.0,0.0
188,Canadian,test,0,P,12.8,0.0,0.0,0.9539,0.0,0.0461,0.0,0.0
188,Canadian,test,0,C,0.8372,0.0,0.0,0.9491,0.0,0.0404,0.0,0.0105
188,Canadian,test,0,KL,5.088,0.0,0.0,0.8449,0.0,0.1549,0.0,0.0002
188,Canadian,test,0,KW,2.675,0.0,0.0,0.9891,0.0,0.0109,0.0,0.0
188,Canadian,test,0,AC,4.179,0.0,0.4083,0.0,0.0,0.0,0.3892,0.2025
188,Canadian,test,0,KG,4.956,0.0,0.0,0.5418,0.0,0.4581,0.0,0.0001
189,Canadian,test,4,A,11.23,0.0,0.0,0.9627,0.0,0.0373,0.0,0.0
189,Canadian,test,4,P,12.82,0.0,0.0,0.9433,0.0,0.0567,0.0,0.0
189,Canadian,test,4,C,0.8594,0.0,0.0,0.4717,0.0,0.2996,0.0,0.2287
189,Canadian,test,4,KL,5.089,0.0,0.0,0.8324,0.0,0.1675,0.0,0.0001
189,Canadian,test,4,KW,2.821,0.0,0.0,0.9541,0.0,0.0459,0.0,0.0
189,Canadian,test,4,AC,7.524,0.0,0.0,0.9015,0.0,0.0,0.0978,0.0007
189,Canadian,test,4,KG,4.957,0.0,0.0,0.5283,0.0,0.4717,0.0,0.0
190,Canadian,test,4,A,10.59,0.0,0.0,0.9657,0.0,0.0343,0.0,0.0
190,Canadian,test,4,P,12.41,0.0,0.0,0.9048,0.0,0.0952,0.0,0.0
190,Canadian,test,4,C,0.8648,0.3722,0.0,0.0,0.0,0.3351,0.0,0.2927
190,Canadian,test,4,KL,4.899,0.0,0.0,0.7163,0.0,0.2837,0.0,0.0
190,Canadian,test,4,KW,2.787,0.0,0.0,0.9685,0.0,0.0315,0.0,0.0
190,Canadian,test,4,AC,4.975,0.0,0.0,0.5639,0.0,0.0,0.3609,0.0752
190,Canadian,test,4,KG,4.794,0.7336,0.0,0.0,0.0,0.2664,0.0,0.0
191,Canadian,test,3,A,10.93,0.0,0.0,0.9665,0.0,0.0335,0.0,0.0
191,Canadian,test,3,P,12.8,0.0,0.0,0.9399,0.0,0.0601,0.0,0.0
191,Canadian,test,3,C,0.839,0.0,0.0,0.9202,0.0,0.0542,0.0,0.0256
191,Canadian,test,3,KL,5.046,0.0,0.0,0.805,0.0,0.1946,0.0,0.0004
191,Canadian,test,3,KW,2.717,0.0,0.0,0.9856,0.0,0.0144,0.0,0.0
191,Canadian,test,3,AC,5.398,0.0,0.0,0.6778,0.0,0.0,0.2421,0.0801
191,Canadian,test,3,KG,5.045,0.0,0.0,0.6006,0.0,0.3989,0.0,0.0005
192,Canadian,test,3,A,11.27,0.0,0.0,0.9597,0.0,0.0403,0.0,0.0
192,Canadian,test,3,P,12.86,0.0,0.0,0.9388,0.0,0.0612,0.0,0.0
192,Canadian,test,3,C,0.8563,0.0,0.0,0.5648,0.0,0.2517,0.0,0.1835
192,Canadian,test,3,KL,5.091,0.0,0.0,0.8111,0.0,0.1884,0.0,0.0005
192,Canadian,test,3,KW,2.804,0.0,0.0,0.9634,0.0,0.0366,0.0,0.0
192,Canadian,test,3,AC,3.985,0.0,0.4392,0.0,0.0,0.0,0.3064,0.2544
192,Canadian,test,3,KG,5.001,0.0,0.0,0.575,0.0,0.4247,0.0,0.0003
193,Canadian,test,2,A,11.87,0.0,0.0,0.9371,0.0,0.0629,0.0,0.0
193,Canadian,test,2,P,13.02,0.0,0.0,0.9535,0.0,0.0465,0.0,0.0
193,Canadian,test,2,C,0.8795,0.0,0.4765,0.0,0.4075,0.0,0.0,0.116
193,Canadian,test,2,KL,5.132,0.0,0.0,0.8408,0.0,0.1586,0.0,0.0006
193,Canadian,test,2,KW,2.953,0.0,0.0,0.7802,0.0,0.2197,0.0,0.0001
193,Canadian,test,2,AC,3.597,0.0,0.4514,0.0,0.3159,0.0,0.0,0.2327
193,Canadian,test,2,KG,5.132,0.0,0.0,0.6116,0.0,0.3868,0.0,0.0016
194,Canadian,test,3,A,10.82,0.0,0.0,0.9676,0.0,0.0324,0.0,0.0
194,Canadian,test,3,P,12.83,0.0,0.0,0.9395,0.0,0.0605,0.0,0.0
194,Canadian,test,3,C,0.8256,0.0,0.0,0.9888,0.0,0.0086,0.0,0.0026
194,Canadian,test,3,KL,5.18,0.0,0.0,0.7919,0.0,0.2071,0.0,0.001
194,Canadian,test,3,KW,2.63,0.0,0.0,0.9939,0.0,0.0061,0.0,0.0
194,Canadian,test,3,AC,4.853,0.0,0.0,0.5216,0.0,0.0,0.3422,0.1362
194,Canadian,test,3,KG,5.089,0.0,0.0,0.616,0.0,0.3832,0.0,0.0008
195,Canadian,test,1,A,12.11,0.0,0.0,0.8925,0.0,0.1074,0.0,0.0001
195,Canadian,test,1,P,13.27,0.0,0.0,0.8901,0.0,0.1099,0.0,0.0
195,Canadian,test,1,C,0.8639,0.3539,0.0,0.0,0.0,0.3454,0.0,0.3007
195,Canadian,test,1,KL,5.236,0.0,0.0,0.7767,0.0,0.2221,0.0,0.0012
195,Canadian,test,1,KW,2.975,0.0,0.0,0.7318,0.0,0.2665,0.0,0.0017
195,Canadian,test,1,AC,4.132,0.0,0.4289,0.0,0.0,0.0,0.3677,0.2034
195,Canadian,test,1,KG,5.012,0.0,0.0,0.5682,0.0,0.4317,0.0,0.0001
196,Canadian,test,1,A,12.8,0.0,0.0,0.6128,0.0,0.3863,0.0,0.0009
196,Canadian,test,1,P,13.47,0.0,0.0,0.788,0.0,0.2119,0.0,0.0001
196,Canadian,test,1,C,0.886,0.0,0.4694,0.0,0.4501,0.0,0.0,0.0805
196,Canadian,test,1,KL,5.16,0.0,0.0,0.8291,0.0,0.1704,0.0,0.0005
196,Canadian,test,1,KW,3.126,0.7768,0.0,0.0,0.0,0.202,0.0,0.0212
196,Canadian,test,1,AC,4.873,0.0,0.0,0.5371,0.0,0.0,0.3658,0.0971
196,Canadian,test,1,KG,4.914,0.5503,0.0,0.0,0.0,0.4497,0.0,0.0
197,Canadian,test,0,A,12.79,0.0,0.0,0.6292,0.0,0.3702,0.0,0.0006
197,Canadian,test,0,P,13.53,0.0,0.0,0.7372,0.0,0.2627,0.0,0.0001
197,Canadian,test,0,C,0.8786,0.4425,0.0,0.0,0.4233,0.0,0.0,0.1342
197,Canadian,test,0,KL,5.224,0.0,0.0,0.7754,0.0,0.2235,0.0,0.0011
197,Canadian,test,0,KW,3.054,0.5499,0.0,0.0,0.0,0.4464,0.0,0.0037
197,Canadian,test,0,AC,5.483,0.0,0.0,0.6737,0.0,0.0,0.2761,0.0502
197,Canadian,test,0,KG,4.958,0.0,0.0,0.5437,0.0,0.4562,0.0,0.0001
198,Canadian,test,2,A,13.37,0.7893,0.0,0.0,0.0,0.2089,0.0,0.0018
198,Canadian,test,2,P,13.78,0.5776,0.0,0.0,0.0,0.4217,0.0,0.0007
198,Canadian,test,2,C,0.8849,0.0,0.5091,0.0,0.4075,0.0,0.0,0.0834
198,Canadian,test,2,KL,5.32,0.0,0.0,0.6521,0.0,0.3433,0.0,0.0046
198,Canadian,test,2,KW,3.128,0.784,0.0,0.0,0.0,0.2113,0.0,0.0047
198,Canadian,test,2,AC,4.67,0.0,0.0,0.4931,0.0,0.0,0.3742,0.1327
198,Canadian,test,2,KG,5.091,0.0,0.0,0.6088,0.0,0.3903,0.0,0.0009
199,Canadian,test,1,A,12.62,0.0,0.0,0.7202,0.0,0.2793,0.0,0.0005
199,Canadian,test,1,P,13.67,0.0,0.0,0.5818,0.0,0.4178,0.0,0.0004
199,Canadian,test,1,C,0.8481,0.0,0.0,0.7516,0.0,0.1439,0.0,0.1045
199,Canadian,test,1,KL,5.41,0.5641,0.0,0.0,0.0,0.4243,0.0,0.0116
199,Canadian,test,1,KW,2.911,0.0,0.0,0.8692,0.0,0.1303,0.0,0.0005
199,Canadian,test,1,AC,3.306,0.0,0.4159,0.0,0.3755,0.0,0.0,0.2086
199,Canadian,test,1,KG,5.231,0.0,0.0,0.6061,0.0,0.3911,0.0,0.0028
200,Canadian,test,4,A,12.76,0.0,0.0,0.6268,0.0,0.3731,0.0,0.0001
200,Canadian,test,4,P,13.38,0.0,0.0,0.8464,0.0,0.1536,0.0,0.0
200,Canadian,test,4,C,0.8964,0.0,0.5248,0.0,0.4326,0.0,0.0,0.0426
200,Canadian,test,4,KL,5.073,0.0,0.0,0.8316,0.0,0.1683,0.0,0.0001
200,Canadian,test,4,KW,3.155,0.8745,0.0,0.0,0.0,0.1106,0.0,0.0149
200,Canadian,test,4,AC,2.828,0.5087,0.0,0.0,0.3436,0.0,0.0,0.1477
200,Canadian,test,4,KG,4.83,0.6691,0.0,0.0,0.0,0.3309,0.0,0.0
201,Canadian,test,0,A,12.38,0.0,0.0,0.8262,0.0,0.1736,0.0,0.0002
201,Canadian,test,0,P,13.44,0.0,0.0,0.8052,0.0,0.1947,0.0,0.0001
201,Canadian,test,0,C,0.8609,0.0,0.0,0.4398,0.0,0.3551,0.0,0.2051
201,Canadian,test,0,KL,5.219,0.0,0.0,0.78,0.0,0.219,0.0,0.001
201,Canadian,test,0,KW,2.989,0.0,0.0,0.6728,0.0,0.3262,0.0,0.001
201,Canadian,test,0,AC,5.472,0.0,0.0,0.6714,0.0,0.0,0.2777,0.0509
201,Canadian,test,0,KG,5.045,0.0,0.0,0.5998,0.0,0.4,0.0,0.0002
202,Canadian,test,1,A,12.67,0.0,0.0,0.693,0.0,0.3064,0.0,0.0006
202,Canadian,test,1,P,13.32,0.0,0.0,0.8717,0.0,0.1283,0.0,0.0
202,Canadian,test,1,C,0.8977,0.0,0.5124,0.0,0.4437,0.0,0.0,0.0439
202,Canadian,test,1,KL,4.984,0.0,0.0,0.8251,0.0,0.1747,0.0,0.0002
202,Canadian,test,1,KW,3.135,0.798,0.0,0.0,0.0,0.1782,0.0,0.0238
202,Canadian,test,1,AC,2.3,0.6053,0.0,0.0,0.307,0.0,0.0,0.0877
202,Canadian,test,1,KG,4.745,0.8335,0.0,0.0,0.0,0.1665,0.0,0.0
203,Canadian,test,2,A,11.18,0.0,0.0,0.9756,0.0,0.0244,0.0,0.0
203,Canadian,test,2,P,12.72,0.0,0.0,0.9698,0.0,0.0302,0.0,0.0
203,Canadian,test,2,C,0.868,0.395,0.0,0.0,0.3441,0.0,0.0,0.2609
203,Canadian,test,2,KL,5.009,0.0,0.0,0.8385,0.0,0.1612,0.0,0.0003
203,Canadian,test,2,KW,2.81,0.0,0.0,0.9574,0.0,0.0426,0.0,0.0
203,Canadian,test,2,AC,4.051,0.0,0.4413,0.0,0.0,0.0,0.3291,0.2296
203,Canadian,test,2,KG,4.828,0.6301,0.0,0.0,0.0,0.3699,0.0,0.0
204,Canadian,test,0,A,12.7,0.0,0.0,0.6839,0.0,0.3156,0.0,0.0005
204,Canadian,test,0,P,13.41,0.0,0.0,0.8235,0.0,0.1765,0.0,0.0
204,Canadian,test,0,C,0.8874,0.0,0.5004,0.0,0.4185,0.0,0.0,0.0811
204,Canadian,test,0,KL,5.183,0.0,0.0,0.8071,0.0,0.1922,0.0,0.0007
204,Canadian,test,0,KW,3.091,0.6771,0.0,0.0,0.0,0.3159,0.0,0.007
204,Canadian,test,0,AC,8.456,0.0,0.0,0.9787,0.0,0.0,0.021,0.0003
204,Canadian,test,0,KG,5.0,0.0,0.0,0.5763,0.0,0.4236,0.0,0.0001
205,Canadian,test,3,A,12.37,0.0,0.0,0.8319,0.0,0.168,0.0,0.0001
205,Canadian,test,3,P,13.47,0.0,0.0,0.7902,0.0,0.2097,0.0,0.0001
205,Canadian,test,3,C,0.8567,0.0,0.0,0.5539,0.0,0.2571,0.0,0.189
205,Canadian,test,3,KL,5.204,0.0,0.0,0.7789,0.0,0.2199,0.0,0.0012
205,Canadian,test,3,KW,2.96,0.0,0.0,0.7901,0.0,0.2094,0.0,0.0005
205,Canadian,test,3,AC,3.919,0.0,0.4421,0.0,0.0,0.0,0.2933,0.2646
205,Canadian,test,3,KG,5.001,0.0,0.0,0.575,0.0,0.4247,0.0,0.0003
206,Canadian,test,1,A,12.19,0.0,0.0,0.8758,0.0,0.1241,0.0,0.0001
206,Canadian,test,1,P,13.2,0.0,0.0,0.9102,0.0,0.0898,0.0,0.0
206,Canadian,test,1,C,0.8783,0.4406,0.0,0.0,0.4287,0.0,0.0,0.1307
206,Canadian,test,1,KL,5.137,0.0,0.0,0.8374,0.0,0.1622,0.0,0.0004
206,Canadian,test,1,KW,2.981,0.0,0.0,0.7144,0.0,0.2837,0.0,0.0019
206,Canadian,test,1,AC,3.631,0.0,0.4318,0.0,0.3028,0.0,0.0,0.2654
206,Canadian,test,1,KG,4.87,0.6218,0.0,0.0,0.0,0.3782,0.0,0.0
207,Canadian,test,3,A,11.23,0.0,0.0,0.9608,0.0,0.0392,0.0,0.0
207,Canadian,test,3,P,12.88,0.0,0.0,0.9382,0.0,0.0618,0.0,0.0
207,Canadian,test,3,C,0.8511,0.0,0.0,0.7032,0.0,0.1799,0.0,0.1169
207,Canadian,test,3,KL,5.14,0.0,0.0,0.8059,0.0,0.1934,0.0,0.0007
207,Canadian,test,3,KW,2.795,0.0,0.0,0.9669,0.0,0.0331,0.0,0.0
207,Canadian,test,3,AC,4.325,0.0,0.414,0.0,0.0,0.0,0.3815,0.2045
207,Canadian,test,3,KG,5.003,0.0,0.0,0.5764,0.0,0.4233,0.0,0.0003
208,Canadian,test,4,A,13.2,0.7157,0.0,0.0,0.0,0.2837,0.0,0.0006
208,Canadian,test,4,P,13.66,0.0,0.0,0.5851,0.0,0.4149,0.0,0.0
208,Canadian,test,4,C,0.8883,0.0,0.476,0.0,0.4572,0.0,0.0,0.0668
208,Canadian,test,4,KL,5.236,0.0,0.0,0.7714,0.0,0.228,0.0,0.0006
208,Canadian,test,4,KW,3.232,0.9313,0.0,0.0,0.0424,0.0,0.0,0.0263
208,Canadian,test,4,AC,8.315,0.0,0.0,0.944,0.0,0.0,0.0559,0.0001
208,Canadian,test,4,KG,5.056,0.0,0.0,0.6121,0.0,0.3878,0.0,0.0001
209,Canadian,test,3,A,11.84,0.0,0.0,0.9267,0.0,0.0733,0.0,0.0
209,Canadian,test,3,P,13.21,0.0,0.0,0.8997,0.0,0.1003,0.0,0.0
209,Canadian,test,3,C,0.8521,0.0,0.0,0.6776,0.0,0.1936,0.0,0.1288
209,Canadian,test,3,KL,5.175,0.0,0.0,0.7942,0.0,0.2049,0.0,0.0009
209,Canadian,test,3,KW,2.836,0.0,0.0,0.9476,0.0,0.0524,0.0,0.0
209,Canadian,test,3,AC,3.598,0.0,0.4469,0.0,0.3161,0.0,0.0,0.237
209,Canadian,test,3,KG,5.044,0.0,0.0,0.6002,0.0,0.3993,0.0,0.0005
210,Canadian,test,4,A,12.3,0.0,0.0,0.8474,0.0,0.1526,0.0,0.0
210,Canadian,test,4,P,13.34,0.0,0.0,0.865,0.0,0.135,0.0,0.0
210,Canadian,test,4,C,0.8684,0.4087,0.0,0.0,0.3302,0.0,0.0,0.2611
210,Canadian,test,4,KL,5.243,0.0,0.0,0.7646,0.0,0.2348,0.0,0.0006
210,Canadian,test,4,KW,2.974,0.0,0.0,0.7267,0.0,0.2728,0.0,0.0005
210,Canadian,test,4,AC,5.637,0.0,0.0,0.6878,0.0,0.0,0.2847,0.0275
210,Canadian,test,4,KG,5.063,0.0,0.0,0.6156,0.0,0.3843,0.0,0.0001
