sample_index,ground_truth,dataset_split,attribute,attribute_data,{Ka},{Ro},{Ca},{Ka ∪ Ro},{Ka ∪ Ca},{Ro ∪ Ca},{Ka ∪ Ro ∪ Ca}
1,Kama,unknown,A,15.26,0.8797,0.0,0.0,0.1203,0.0,0.0,0.0
1,Kama,unknown,P,14.84,0.8339,0.0,0.0,0.1661,0.0,0.0,0.0
1,Kama,unknown,C,0.871,0.3958,0.0,0.0,0.3859,0.0,0.0,0.2183
1,Kama,unknown,KL,5.763,0.6188,0.0,0.0,0.3791,0.0,0.0,0.0021
1,Kama,unknown,KW,3.312,0.8571,0.0,0.0,0.1374,0.0,0.0,0.0055
1,Kama,unknown,AC,2.221,0.5863,0.0,0.0,0.3069,0.0,0.0,0.1068
1,Kama,unknown,KG,5.22,0.0,0.0,0.5994,0.0,0.395,0.0,0.0056
2,Kama,unknown,A,14.88,0.9395,0.0,0.0,0.0604,0.0,0.0,0.0001
2,Kama,unknown,P,14.57,0.9467,0.0,0.0,0.0525,0.0,0.0,0.0008
2,Kama,unknown,C,0.8811,0.0,0.4748,0.0,0.413,0.0,0.0,0.1122
2,Kama,unknown,KL,5.554,0.8166,0.0,0.0,0.0,0.106,0.0,0.0774
2,Kama,unknown,KW,3.333,0.8243,0.0,0.0,0.1723,0.0,0.0,0.0034
2,Kama,unknown,AC,1.018,0.7719,0.0,0.0,0.1929,0.0,0.0,0.0352
2,Kama,unknown,KG,4.956,0.0,0.0,0.5261,0.0,0.4737,0.0,0.0002
3,Kama,unknown,A,14.29,0.9749,0.0,0.0,0.0213,0.0,0.0,0.0038
3,Kama,unknown,P,14.09,0.9229,0.0,0.0,0.0,0.0706,0.0,0.0065
3,Kama,unknown,C,0.905,0.0,0.5032,0.0,0.4598,0.0,0.0,0.037
3,Kama,unknown,KL,5.291,0.0,0.0,0.6886,0.0,0.3067,0.0,0.0047
3,Kama,unknown,KW,3.337,0.8172,0.0,0.0,0.1797,0.0,0.0,0.0031
3,Kama,unknown,AC,2.699,0.4935,0.0,0.0,0.3491,0.0,0.0,0.1574
3,Kama,unknown,KG,4.825,0.6503,0.0,0.0,0.0,0.3496,0.0,0.0001
4,Kama,unknown,A,13.84,0.959,0.0,0.0,0.0,0.0311,0.0,0.0099
4,Kama,unknown,P,13.94,0.803,0.0,0.0,0.0,0.1938,0.0,0.0032
4,Kama,unknown,C,0.8955,0.0,0.5174,0.0,0.4306,0.0,0.0,0.052
4,Kama,unknown,KL,5.324,0.0,0.0,0.6313,0.0,0.3619,0.0,0.0068
4,Kama,unknown,KW,3.379,0.7259,0.0,0.0,0.273,0.0,0.0,0.0011
4,Kama,unknown,AC,2.259,0.5792,0.0,0.0,0.3105,0.0,0.0,0.1103
4,Kama,unknown,KG,4.805,0.6823,0.0,0.0,0.0,0.3176,0.0,0.0001
5,Kama,unknown,A,16.14,0.5177,0.0,0.0,0.4823,0.0,0.0,0.0
5,Kama,unknown,P,14.99,0.7039,0.0,0.0,0.2961,0.0,0.0,0.0
5,Kama,unknown,C,0.9034,0.0,0.5077,0.0,0.4535,0.0,0.0,0.0388
5,Kama,unknown,KL,5.658,0.7976,0.0,0.0,0.1827,0.0,0.0,0.0197
5,Kama,unknown,KW,3.562,0.0,0.8096,0.0,0.1904,0.0,0.0,0.0
5,Kama,unknown,AC,1.355,0.728,0.0,0.0,0.2232,0.0,0.0,0.0488
5,Kama,unknown,KG,5.175,0.0,0.0,0.6142,0.0,0.3828,0.0,0.003
6,Kama,unknown,A,14.38,0.9727,0.0,0.0,0.0249,0.0,0.0,0.0024
6,Kama,unknown,P,14.21,0.962,0.0,0.0,0.0,0.0269,0.0,0.0111
6,Kama,unknown,C,0.8951,0.0,0.5173,0.0,0.4298,0.0,0.0,0.0529
6,Kama,unknown,KL,5.386,0.0,0.0,0.4934,0.0,0.4929,0.0,0.0137
6,Kama,unknown,KW,3.312,0.8571,0.0,0.0,0.1374,0.0,0.0,0.0055
6,Kama,unknown,AC,2.462,0.5404,0.0,0.0,0.3291,0.0,0.0,0.1305
6,Kama,unknown,KG,4.956,0.0,0.0,0.5261,0.0,0.4737,0.0,0.0002
7,Kama,unknown,A,14.69,0.9567,0.0,0.0,0.0429,0.0,0.0,0.0004
7,Kama,unknown,P,14.49,0.961,0.0,0.0,0.0371,0.0,0.0,0.0019
7,Kama,unknown,C,0.8799,0.0,0.467,0.0,0.412,0.0,0.0,0.121
7,Kama,unknown,KL,5.563,0.8225,0.0,0.0,0.0,0.0936,0.0,0.0839
7,Kama,unknown,KW,3.259,0.9077,0.0,0.0,0.0751,0.0,0.0,0.0172
7,Kama,unknown,AC,3.586,0.0,0.395,0.0,0.3161,0.0,0.0,0.2889
7,Kama,unknown,KG,5.219,0.0,0.0,0.5999,0.0,0.3946,0.0,0.0055
8,Kama,unknown,A,14.11,0.9753,0.0,0.0,0.0156,0.0,0.0,0.0091
8,Kama,unknown,P,14.1,0.9278,0.0,0.0,0.0,0.0654,0.0,0.0068
8,Kama,unknown,C,0.8911,0.0,0.5133,0.0,0.4229,0.0,0.0,0.0638
8,Kama,unknown,KL,5.42,0.5747,0.0,0.0,0.0,0.4053,0.0,0.02
8,Kama,unknown,KW,3.302,0.8701,0.0,0.0,0.123,0.0,0.0,0.0069
8,Kama,unknown,AC,2.7,0.4933,0.0,0.0,0.3492,0.0,0.0,0.1575
8,Kama,unknown,KG,5.0,0.0,0.0,0.5653,0.0,0.4343,0.0,0.0004
9,Kama,unknown,A,16.63,0.0,0.7507,0.0,0.2493,0.0,0.0,0.0
9,Kama,unknown,P,15.46,0.0,0.8387,0.0,0.1613,0.0,0.0,0.0
9,Kama,unknown,C,0.8747,0.0,0.4248,0.0,0.4051,0.0,0.0,0.1701
9,Kama,unknown,KL,6.053,0.0,0.9378,0.0,0.0622,0.0,0.0,0.0
9,Kama,unknown,KW,3.465,0.0,0.536,0.0,0.4639,0.0,0.0,0.0001
9,Kama,unknown,AC,2.04,0.6191,0.0,0.0,0.2895,0.0,0.0,0.0914
9,Kama,unknown,KG,5.877,0.0,0.9865,0.0,0.0134,0.0,0.0,0.0001
10,Kama,unknown,A,16.44,0.0,0.6544,0.0,0.3456,0.0,0.0,0.0
10,Kama,unknown,P,15.25,0.0,0.6208,0.0,0.3792,0.0,0.0,0.0
10,Kama,unknown,C,0.888,0.0,0.5059,0.0,0.4191,0.0,0.0,0.075
10,Kama,unknown,KL,5.884,0.0,0.6813,0.0,0.3186,0.0,0.0,0.0001
10,Kama,unknown,KW,3.505,0.0,0.6631,0.0,0.3369,0.0,0.0,0.0
10,Kama,unknown,AC,1.969,0.6316,0.0,0.0,0.2825,0.0,0.0,0.0859
10,Kama,unknown,KG,5.533,0.4764,0.0,0.0,0.3808,0.0,0.0,0.1428
11,Kama,unknown,A,15.26,0.8797,0.0,0.0,0.1203,0.0,0.0,0.0
11,Kama,unknown,P,14.85,0.827,0.0,0.0,0.173,0.0,0.0,0.0
11,Kama,unknown,C,0.8696,0.3908,0.0,0.0,0.3692,0.0,0.0,0.24
11,Kama,unknown,KL,5.714,0.7186,0.0,0.0,0.275,0.0,0.0,0.0064
11,Kama,unknown,KW,3.242,0.9145,0.0,0.0,0.0613,0.0,0.0,0.0242
11,Kama,unknown,AC,4.543,0.0,0.0,0.4648,0.0,0.0,0.3753,0.1599
11,Kama,unknown,KG,5.314,0.0,0.0,0.5278,0.0,0.451,0.0,0.0212
12,Kama,unknown,A,14.03,0.973,0.0,0.0,0.0137,0.0,0.0,0.0133
12,Kama,unknown,P,14.16,0.9503,0.0,0.0,0.0,0.0408,0.0,0.0089
12,Kama,unknown,C,0.8796,0.0,0.465,0.0,0.4117,0.0,0.0,0.1233
12,Kama,unknown,KL,5.438,0.6181,0.0,0.0,0.0,0.3575,0.0,0.0244
12,Kama,unknown,KW,3.201,0.9101,0.0,0.0,0.0,0.0529,0.0,0.037
12,Kama,unknown,AC,1.717,0.6737,0.0,0.0,0.2579,0.0,0.0,0.0684
12,Kama,unknown,KG,5.001,0.0,0.0,0.5661,0.0,0.4335,0.0,0.0004
13,Kama,unknown,A,13.89,0.9642,0.0,0.0,0.0,0.025,0.0,0.0108
13,Kama,unknown,P,14.02,0.8787,0.0,0.0,0.0,0.1166,0.0,0.0047
13,Kama,unknown,C,0.888,0.0,0.5059,0.0,0.4191,0.0,0.0,0.075
13,Kama,unknown,KL,5.439,0.6204,0.0,0.0,0.0,0.3549,0.0,0.0247
13,Kama,unknown,KW,3.199,0.909,0.0,0.0,0.0,0.0549,0.0,0.0361
13,Kama,unknown,AC,3.986,0.0,0.3958,0.0,0.0,0.0,0.3604,0.2438
13,Kama,unknown,KG,4.738,0.7878,0.0,0.0,0.0,0.2122,0.0,0.0
14,Kama,unknown,A,13.78,0.951,0.0,0.0,0.0,0.0401,0.0,0.0089
14,Kama,unknown,P,14.06,0.9063,0.0,0.0,0.0,0.088,0.0,0.0057
14,Kama,unknown,C,0.8759,0.0,0.4359,0.0,0.4071,0.0,0.0,0.157
14,Kama,unknown,KL,5.479,0.7096,0.0,0.0,0.0,0.2527,0.0,0.0377
14,Kama,unknown,KW,3.156,0.8641,0.0,0.0,0.0,0.1155,0.0,0.0204
14,Kama,unknown,AC,3.136,0.405,0.0,0.0,0.3785,0.0,0.0,0.2165
14,Kama,unknown,KG,4.872,0.5785,0.0,0.0,0.0,0.4214,0.0,0.0001
15,Kama,unknown,A,13.74,0.9443,0.0,0.0,0.0,0.0474,0.0,0.0083
15,Kama,unknown,P,14.05,0.9,0.0,0.0,0.0,0.0946,0.0,0.0054
15,Kama,unknown,C,0.8744,0.0,0.422,0.0,0.4045,0.0,0.0,0.1735
15,Kama,unknown,KL,5.482,0.7156,0.0,0.0,0.0,0.2455,0.0,0.0389
15,Kama,unknown,KW,3.114,0.7714,0.0,0.0,0.0,0.2175,0.0,0.0111
15,Kama,unknown,AC,2.932,0.4464,0.0,0.0,0.3662,0.0,0.0,0.1874
15,Kama,unknown,KG,4.825,0.6503,0.0,0.0,0.0,0.3496,0.0,0.0001
16,Kama,unknown,A,14.59,0.9633,0.0,0.0,0.0359,0.0,0.0,0.0008
16,Kama,unknown,P,14.28,0.9704,0.0,0.0,0.015,0.0,0.0,0.0146
16,Kama,unknown,C,0.8993,0.0,0.5154,0.0,0.44,0.0,0.0,0.0446
16,Kama,unknown,KL,5.351,0.0,0.0,0.5759,0.0,0.4149,0.0,0.0092
16,Kama,unknown,KW,3.333,0.8243,0.0,0.0,0.1723,0.0,0.0,0.0034
16,Kama,unknown,AC,4.185,0.0,0.0,0.3974,0.0,0.0,0.3912,0.2114
16,Kama,unknown,KG,4.781,0.721,0.0,0.0,0.0,0.279,0.0,0.0
17,Kama,unknown,A,13.99,0.9713,0.0,0.0,0.0,0.0159,0.0,0.0128
17,Kama,unknown,P,13.83,0.6569,0.0,0.0,0.0,0.3414,0.0,0.0017
17,Kama,unknown,C,0.9183,0.5349,0.0,0.0,0.4362,0.0,0.0,0.0289
17,Kama,unknown,KL,5.119,0.0,0.0,0.8358,0.0,0.1632,0.0,0.001
17,Kama,unknown,KW,3.383,0.7156,0.0,0.0,0.2834,0.0,0.0,0.001
17,Kama,unknown,AC,5.234,0.0,0.0,0.5891,0.0,0.0,0.3242,0.0867
17,Kama,unknown,KG,4.781,0.721,0.0,0.0,0.0,0.279,0.0,0.0
18,Kama,unknown,A,15.69,0.747,0.0,0.0,0.253,0.0,0.0,0.0
18,Kama,unknown,P,14.75,0.8857,0.0,0.0,0.1142,0.0,0.0,0.0001
18,Kama,unknown,C,0.9058,0.0,0.5007,0.0,0.4631,0.0,0.0,0.0362
18,Kama,unknown,KL,5.527,0.7895,0.0,0.0,0.0,0.1501,0.0,0.0604
18,Kama,unknown,KW,3.514,0.0,0.6895,0.0,0.3105,0.0,0.0,0.0
18,Kama,unknown,AC,1.599,0.6922,0.0,0.0,0.2464,0.0,0.0,0.0614
18,Kama,unknown,KG,5.046,0.0,0.0,0.5945,0.0,0.4049,0.0,0.0006
19,Kama,unknown,A,14.7,0.9559,0.0,0.0,0.0437,0.0,0.0,0.0004
19,Kama,unknown,P,14.21,0.962,0.0,0.0,0.0,0.0269,0.0,0.0111
19,Kama,unknown,C,0.9153,0.5143,0.0,0.0,0.4558,0.0,0.0,0.0299
19,Kama,unknown,KL,5.205,0.0,0.0,0.7883,0.0,0.2097,0.0,0.002
19,Kama,unknown,KW,3.466,0.0,0.5393,0.0,0.4606,0.0,0.0,0.0001
19,Kama,unknown,AC,1.767,0.6656,0.0,0.0,0.2628,0.0,0.0,0.0716
19,Kama,unknown,KG,4.649,0.8995,0.0,0.0,0.0,0.1005,0.0,0.0
20,Kama,unknown,A,12.72,0.0,0.0,0.6706,0.0,0.3287,0.0,0.0007
20,Kama,unknown,P,13.57,0.0,0.0,0.7118,0.0,0.2879,0.0,0.0003
20,Kama,unknown,C,0.8686,0.3866,0.0,0.0,0.3567,0.0,0.0,0.2567
20,Kama,unknown,KL,5.226,0.0,0.0,0.7697,0.0,0.2279,0.0,0.0024
20,Kama,unknown,KW,3.049,0.5406,0.0,0.0,0.0,0.4558,0.0,0.0036
20,Kama,unknown,AC,4.102,0.0,0.3934,0.0,0.0,0.0,0.382,0.2246
20,Kama,unknown,KG,4.914,0.5215,0.0,0.0,0.0,0.4783,0.0,0.0002
21,Kama,unknown,A,14.16,0.9759,0.0,0.0,0.017,0.0,0.0,0.0071
21,Kama,unknown,P,14.4,0.9701,0.0,0.0,0.0252,0.0,0.0,0.0047
21,Kama,unknown,C,0.8584,0.0,0.0,0.4828,0.0,0.3078,0.0,0.2094
21,Kama,unknown,KL,5.658,0.7976,0.0,0.0,0.1827,0.0,0.0,0.0197
21,Kama,unknown,KW,3.129,0.8105,0.0,0.0,0.0,0.1756,0.0,0.0139
21,Kama,unknown,AC,3.072,0.4179,0.0,0.0,0.375,0.0,0.0,0.2071
21,Kama,unknown,KG,5.176,0.0,0.0,0.6139,0.0,0.383,0.0,0.0031
22,Kama,unknown,A,14.11,0.9753,0.0,0.0,0.0156,0.0,0.0,0.0091
22,Kama,unknown,P,14.26,0.9688,0.0,0.0,0.0,0.0174,0.0,0.0138
22,Kama,unknown,C,0.8722,0.3993,0.0,0.0,0.3994,0.0,0.0,0.2013
22,Kama,unknown,KL,5.52,0.7802,0.0,0.0,0.0,0.1632,0.0,0.0566
22,Kama,unknown,KW,3.168,0.8812,0.0,0.0,0.0,0.0947,0.0,0.0241
22,Kama,unknown,AC,2.688,0.4957,0.0,0.0,0.3482,0.0,0.0,0.1561
22,Kama,unknown,KG,5.219,0.0,0.0,0.5999,0.0,0.3946,0.0,0.0055
23,Kama,unknown,A,15.88,0.66,0.0,0.0,0.34,0.0,0.0,0.0
23,Kama,unknown,P,14.9,0.7887,0.0,0.0,0.2113,0.0,0.0,0.0
23,Kama,unknown,C,0.8988,0.0,0.5159,0.0,0.4386,0.0,0.0,0.0455
23,Kama,unknown,KL,5.618,0.8265,0.0,0.0,0.1334,0.0,0.0,0.0401
23,Kama,unknown,KW,3.507,0.0,0.6691,0.0,0.3309,0.0,0.0,0.0
23,Kama,unknown,AC,0.7651,0.8008,0.0,0.0,0.1718,0.0,0.0,0.0274
23,Kama,unknown,KG,5.091,0.0,0.0,0.6115,0.0,0.3874,0.0,0.0011
24,Kama,unknown,A,12.08,0.0,0.0,0.9118,0.0,0.0881,0.0,0.0001
24,Kama,unknown,P,13.23,0.0,0.0,0.9174,0.0,0.0826,0.0,0.0
24,Kama,unknown,C,0.8664,0.3754,0.0,0.0,0.3275,0.0,0.0,0.2971
24,Kama,unknown,KL,5.099,0.0,0.0,0.8416,0.0,0.1575,0.0,0.0009
24,Kama,unknown,KW,2.936,0.0,0.0,0.8267,0.0,0.173,0.0,0.0003
24,Kama,unknown,AC,1.415,0.7195,0.0,0.0,0.2288,0.0,0.0,0.0517
24,Kama,unknown,KG,4.961,0.0,0.0,0.5312,0.0,0.4686,0.0,0.0002
25,Kama,unknown,A,15.01,0.9234,0.0,0.0,0.0765,0.0,0.0,0.0001
25,Kama,unknown,P,14.76,0.8808,0.0,0.0,0.1191,0.0,0.0,0.0001
25,Kama,unknown,C,0.8657,0.3713,0.0,0.0,0.3177,0.0,0.0,0.311
25,Kama,unknown,KL,5.789,0.5571,0.0,0.0,0.4418,0.0,0.0,0.0011
25,Kama,unknown,KW,3.245,0.9136,0.0,0.0,0.0636,0.0,0.0,0.0228
25,Kama,unknown,AC,1.791,0.6617,0.0,0.0,0.2651,0.0,0.0,0.0732
25,Kama,unknown,KG,5.001,0.0,0.0,0.5661,0.0,0.4335,0.0,0.0004
26,Kama,unknown,A,16.19,0.0,0.5113,0.0,0.4887,0.0,0.0,0.0
26,Kama,unknown,P,15.16,0.0,0.5034,0.0,0.4966,0.0,0.0,0.0
26,Kama,unknown,C,0.8849,0.0,0.4946,0.0,0.4162,0.0,0.0,0.0892
26,Kama,unknown,KL,5.833,0.0,0.5541,0.0,0.4456,0.0,0.0,0.0003
26,Kama,unknown,KW,3.421,0.6065,0.0,0.0,0.3931,0.0,0.0,0.0004
26,Kama,unknown,AC,0.903,0.7854,0.0,0.0,0.1831,0.0,0.0,0.0315
26,Kama,unknown,KG,5.307,0.0,0.0,0.5352,0.0,0.4456,0.0,0.0192
27,Kama,unknown,A,13.02,0.5573,0.0,0.0,0.0,0.441,0.0,0.0017
27,Kama,unknown,P,13.76,0.5491,0.0,0.0,0.0,0.4498,0.0,0.0011
27,Kama,unknown,C,0.8641,0.3605,0.0,0.0,0.0,0.3447,0.0,0.2948
27,Kama,unknown,KL,5.395,0.5142,0.0,0.0,0.0,0.4707,0.0,0.0151
27,Kama,unknown,KW,3.026,0.0,0.0,0.5485,0.0,0.4492,0.0,0.0023
27,Kama,unknown,AC,3.373,0.0,0.3892,0.0,0.3575,0.0,0.0,0.2533
27,Kama,unknown,KG,4.825,0.6503,0.0,0.0,0.0,0.3496,0.0,0.0001
28,Kama,unknown,A,12.74,0.0,0.0,0.6574,0.0,0.3419,0.0,0.0007
28,Kama,unknown,P,13.67,0.0,0.0,0.5857,0.0,0.4137,0.0,0.0006
28,Kama,unknown,C,0.8564,0.0,0.0,0.5355,0.0,0.2845,0.0,0.18
28,Kama,unknown,KL,5.395,0.5142,0.0,0.0,0.0,0.4707,0.0,0.0151
28,Kama,unknown,KW,2.956,0.0,0.0,0.7808,0.0,0.2187,0.0,0.0005
28,Kama,unknown,AC,2.504,0.5322,0.0,0.0,0.3328,0.0,0.0,0.135
28,Kama,unknown,KG,4.869,0.5829,0.0,0.0,0.0,0.417,0.0,0.0001
29,Kama,unknown,A,14.11,0.9753,0.0,0.0,0.0156,0.0,0.0,0.0091
29,Kama,unknown,P,14.18,0.9557,0.0,0.0,0.0,0.0346,0.0,0.0097
29,Kama,unknown,C,0.882,0.0,0.4801,0.0,0.4138,0.0,0.0,0.1061
29,Kama,unknown,KL,5.541,0.8053,0.0,0.0,0.0,0.1259,0.0,0.0688
29,Kama,unknown,KW,3.221,0.9161,0.0,0.0,0.0475,0.0,0.0,0.0364
29,Kama,unknown,AC,2.754,0.4824,0.0,0.0,0.3534,0.0,0.0,0.1642
29,Kama,unknown,KG,5.038,0.0,0.0,0.5902,0.0,0.4092,0.0,0.0006
30,Kama,unknown,A,13.45,0.8539,0.0,0.0,0.0,0.1413,0.0,0.0048
30,Kama,unknown,P,14.02,0.8787,0.0,0.0,0.0,0.1166,0.0,0.0047
30,Kama,unknown,C,0.8604,0.0,0.0,0.4316,0.0,0.3288,0.0,0.2396
30,Kama,unknown,KL,5.516,0.7746,0.0,0.0,0.0,0.171,0.0,0.0544
30,Kama,unknown,KW,3.065,0.6038,0.0,0.0,0.0,0.3913,0.0,0.0049
30,Kama,unknown,AC,3.531,0.0,0.3939,0.0,0.3266,0.0,0.0,0.2795
30,Kama,unknown,KG,5.097,0.0,0.0,0.613,0.0,0.3859,0.0,0.0011
31,Kama,unknown,A,13.16,0.6702,0.0,0.0,0.0,0.3273,0.0,0.0025
31,Kama,unknown,P,13.82,0.6419,0.0,0.0,0.0,0.3565,0.0,0.0016
31,Kama,unknown,C,0.8662,0.3743,0.0,0.0,0.3247,0.0,0.0,0.301
31,Kama,unknown,KL,5.454,0.6555,0.0,0.0,0.0,0.3155,0.0,0.029
31,Kama,unknown,KW,2.975,0.0,0.0,0.7284,0.0,0.2708,0.0,0.0008
31,Kama,unknown,AC,0.8551,0.7909,0.0,0.0,0.1791,0.0,0.0,0.03
31,Kama,unknown,KG,5.056,0.0,0.0,0.5992,0.0,0.4001,0.0,0.0007
32,Kama,unknown,A,15.49,0.8193,0.0,0.0,0.1807,0.0,0.0,0.0
32,Kama,unknown,P,14.94,0.7536,0.0,0.0,0.2464,0.0,0.0,0.0
32,Kama,unknown,C,0.8724,0.0,0.4015,0.0,0.3999,0.0,0.0,0.1986
32,Kama,unknown,KL,5.757,0.6323,0.0,0.0,0.3653,0.0,0.0,0.0024
32,Kama,unknown,KW,3.371,0.7456,0.0,0.0,0.253,0.0,0.0,0.0014
32,Kama,unknown,AC,3.412,0.0,0.3905,0.0,0.3498,0.0,0.0,0.2597
32,Kama,unknown,KG,5.228,0.0,0.0,0.5956,0.0,0.3982,0.0,0.0062
33,Kama,unknown,A,14.09,0.9749,0.0,0.0,0.0151,0.0,0.0,0.01
33,Kama,unknown,P,14.41,0.9694,0.0,0.0,0.0263,0.0,0.0,0.0043
33,Kama,unknown,C,0.8529,0.0,0.0,0.628,0.0,0.2398,0.0,0.1322
33,Kama,unknown,KL,5.717,0.7133,0.0,0.0,0.2807,0.0,0.0,0.006
33,Kama,unknown,KW,3.186,0.9001,0.0,0.0,0.0,0.0694,0.0,0.0305
33,Kama,unknown,AC,3.92,0.0,0.3966,0.0,0.0,0.0,0.3483,0.2551
33,Kama,unknown,KG,5.299,0.0,0.0,0.5432,0.0,0.4397,0.0,0.0171
34,Kama,unknown,A,13.94,0.9683,0.0,0.0,0.0,0.02,0.0,0.0117
34,Kama,unknown,P,14.17,0.9531,0.0,0.0,0.0,0.0376,0.0,0.0093
34,Kama,unknown,C,0.8728,0.0,0.4058,0.0,0.4009,0.0,0.0,0.1933
34,Kama,unknown,KL,5.585,0.8306,0.0,0.0,0.1015,0.0,0.0,0.0679
34,Kama,unknown,KW,3.15,0.854,0.0,0.0,0.0,0.1272,0.0,0.0188
34,Kama,unknown,AC,2.124,0.6041,0.0,0.0,0.2976,0.0,0.0,0.0983
34,Kama,unknown,KG,5.012,0.0,0.0,0.5741,0.0,0.4255,0.0,0.0004
35,Kama,unknown,A,15.05,0.9176,0.0,0.0,0.0823,0.0,0.0,0.0001
35,Kama,unknown,P,14.68,0.9152,0.0,0.0,0.0846,0.0,0.0,0.0002
35,Kama,unknown,C,0.8779,0.0,0.4525,0.0,0.4099,0.0,0.0,0.1376
35,Kama,unknown,KL,5.712,0.7221,0.0,0.0,0.2712,0.0,0.0,0.0067
35,Kama,unknown,KW,3.328,0.8328,0.0,0.0,0.1634,0.0,0.0,0.0038
35,Kama,unknown,AC,2.129,0.6032,0.0,0.0,0.2981,0.0,0.0,0.0987
35,Kama,unknown,KG,5.36,0.489,0.0,0.0,0.0,0.4694,0.0,0.0416
36,Kama,unknown,A,16.12,0.5293,0.0,0.0,0.4707,0.0,0.0,0.0
36,Kama,unknown,P,15.0,0.6932,0.0,0.0,0.3068,0.0,0.0,0.0
36,Kama,unknown,C,0.9,0.0,0.5144,0.0,0.4421,0.0,0.0,0.0435
36,Kama,unknown,KL,5.709,0.7272,0.0,0.0,0.2656,0.0,0.0,0.0072
36,Kama,unknown,KW,3.485,0.0,0.601,0.0,0.3989,0.0,0.0,0.0001
36,Kama,unknown,AC,2.27,0.5771,0.0,0.0,0.3115,0.0,0.0,0.1114
36,Kama,unknown,KG,5.443,0.542,0.0,0.0,0.0,0.3233,0.0,0.1347
37,Kama,unknown,A,16.2,0.0,0.5172,0.0,0.4828,0.0,0.0,0.0
37,Kama,unknown,P,15.27,0.0,0.6458,0.0,0.3542,0.0,0.0,0.0
37,Kama,unknown,C,0.8734,0.0,0.412,0.0,0.4024,0.0,0.0,0.1856
37,Kama,unknown,KL,5.826,0.0,0.5361,0.0,0.4635,0.0,0.0,0.0004
37,Kama,unknown,KW,3.464,0.0,0.5327,0.0,0.4672,0.0,0.0,0.0001
37,Kama,unknown,AC,2.823,0.4686,0.0,0.0,0.3585,0.0,0.0,0.1729
37,Kama,unknown,KG,5.527,0.4867,0.0,0.0,0.3597,0.0,0.0,0.1536
38,Kama,unknown,A,17.08,0.0,0.9043,0.0,0.0957,0.0,0.0,0.0
38,Kama,unknown,P,15.38,0.0,0.7689,0.0,0.2311,0.0,0.0,0.0
38,Kama,unknown,C,0.9079,0.0,0.4931,0.0,0.4726,0.0,0.0,0.0343
38,Kama,unknown,KL,5.832,0.0,0.5515,0.0,0.4481,0.0,0.0,0.0004
38,Kama,unknown,KW,3.683,0.0,0.958,0.0,0.042,0.0,0.0,0.0
38,Kama,unknown,AC,2.956,0.4415,0.0,0.0,0.3678,0.0,0.0,0.1907
38,Kama,unknown,KG,5.484,0.5352,0.0,0.0,0.0,0.2386,0.0,0.2262
39,Kama,unknown,A,14.8,0.9475,0.0,0.0,0.0523,0.0,0.0,0.0002
39,Kama,unknown,P,14.52,0.9563,0.0,0.0,0.0423,0.0,0.0,0.0014
39,Kama,unknown,C,0.8823,0.0,0.4818,0.0,0.414,0.0,0.0,0.1042
39,Kama,unknown,KL,5.656,0.7996,0.0,0.0,0.1799,0.0,0.0,0.0205
39,Kama,unknown,KW,3.288,0.8856,0.0,0.0,0.105,0.0,0.0,0.0094
39,Kama,unknown,AC,3.112,0.4099,0.0,0.0,0.3772,0.0,0.0,0.2129
39,Kama,unknown,KG,5.309,0.0,0.0,0.5331,0.0,0.4472,0.0,0.0197
40,Kama,unknown,A,14.28,0.9752,0.0,0.0,0.0209,0.0,0.0,0.0039
40,Kama,unknown,P,14.17,0.9531,0.0,0.0,0.0,0.0376,0.0,0.0093
40,Kama,unknown,C,0.8944,0.0,0.517,0.0,0.4284,0.0,0.0,0.0546
40,Kama,unknown,KL,5.397,0.519,0.0,0.0,0.0,0.4655,0.0,0.0155
40,Kama,unknown,KW,3.298,0.8749,0.0,0.0,0.1176,0.0,0.0,0.0075
40,Kama,unknown,AC,6.685,0.0,0.0,0.7889,0.0,0.0,0.1923,0.0188
40,Kama,unknown,KG,5.001,0.0,0.0,0.5661,0.0,0.4335,0.0,0.0004
41,Kama,unknown,A,13.54,0.8911,0.0,0.0,0.0,0.1031,0.0,0.0058
41,Kama,unknown,P,13.85,0.6864,0.0,0.0,0.0,0.3117,0.0,0.0019
41,Kama,unknown,C,0.8871,0.0,0.5031,0.0,0.4181,0.0,0.0,0.0788
41,Kama,unknown,KL,5.348,0.0,0.0,0.5824,0.0,0.4087,0.0,0.0089
41,Kama,unknown,KW,3.156,0.8641,0.0,0.0,0.0,0.1155,0.0,0.0204
41,Kama,unknown,AC,2.587,0.5159,0.0,0.0,0.3399,0.0,0.0,0.1442
41,Kama,unknown,KG,5.178,0.0,0.0,0.6135,0.0,0.3833,0.0,0.0032
42,Kama,unknown,A,13.5,0.8758,0.0,0.0,0.0,0.1189,0.0,0.0053
42,Kama,unknown,P,13.85,0.6864,0.0,0.0,0.0,0.3117,0.0,0.0019
42,Kama,unknown,C,0.8852,0.0,0.4959,0.0,0.4164,0.0,0.0,0.0877
42,Kama,unknown,KL,5.351,0.0,0.0,0.5759,0.0,0.4149,0.0,0.0092
42,Kama,unknown,KW,3.158,0.8672,0.0,0.0,0.0,0.1118,0.0,0.021
42,Kama,unknown,AC,2.249,0.5811,0.0,0.0,0.3095,0.0,0.0,0.1094
42,Kama,unknown,KG,5.176,0.0,0.0,0.6139,0.0,0.383,0.0,0.0031
43,Kama,unknown,A,13.16,0.6702,0.0,0.0,0.0,0.3273,0.0,0.0025
43,Kama,unknown,P,13.55,0.0,0.0,0.7329,0.0,0.2668,0.0,0.0003
43,Kama,unknown,C,0.9009,0.0,0.5131,0.0,0.4448,0.0,0.0,0.0421
43,Kama,unknown,KL,5.138,0.0,0.0,0.8286,0.0,0.1702,0.0,0.0012
43,Kama,unknown,KW,3.201,0.9101,0.0,0.0,0.0,0.0529,0.0,0.037
43,Kama,unknown,AC,2.461,0.5406,0.0,0.0,0.329,0.0,0.0,0.1304
43,Kama,unknown,KG,4.783,0.7178,0.0,0.0,0.0,0.2822,0.0,0.0
44,Kama,unknown,A,15.5,0.8162,0.0,0.0,0.1838,0.0,0.0,0.0
44,Kama,unknown,P,14.86,0.8198,0.0,0.0,0.1802,0.0,0.0,0.0
44,Kama,unknown,C,0.882,0.0,0.4801,0.0,0.4138,0.0,0.0,0.1061
44,Kama,unknown,KL,5.877,0.0,0.6646,0.0,0.3353,0.0,0.0,0.0001
44,Kama,unknown,KW,3.396,0.6805,0.0,0.0,0.3188,0.0,0.0,0.0007
44,Kama,unknown,AC,4.711,0.0,0.0,0.496,0.0,0.0,0.365,0.139
44,Kama,unknown,KG,5.528,0.485,0.0,0.0,0.3632,0.0,0.0,0.1518
45,Kama,unknown,A,15.11,0.9083,0.0,0.0,0.0917,0.0,0.0,0.0
45,Kama,unknown,P,14.54,0.9528,0.0,0.0,0.0461,0.0,0.0,0.0011
45,Kama,unknown,C,0.8986,0.0,0.5161,0.0,0.4381,0.0,0.0,0.0458
45,Kama,unknown,KL,5.579,0.8293,0.0,0.0,0.0964,0.0,0.0,0.0743
45,Kama,unknown,KW,3.462,0.0,0.5262,0.0,0.4737,0.0,0.0,0.0001
45,Kama,unknown,AC,3.128,0.4066,0.0,0.0,0.3781,0.0,0.0,0.2153
45,Kama,unknown,KG,5.18,0.0,0.0,0.6131,0.0,0.3837,0.0,0.0032
46,Kama,unknown,A,13.8,0.9539,0.0,0.0,0.0,0.0369,0.0,0.0092
46,Kama,unknown,P,14.04,0.8933,0.0,0.0,0.0,0.1015,0.0,0.0052
46,Kama,unknown,C,0.8794,0.0,0.4636,0.0,0.4115,0.0,0.0,0.1249
46,Kama,unknown,KL,5.376,0.0,0.0,0.518,0.0,0.4698,0.0,0.0122
46,Kama,unknown,KW,3.155,0.8624,0.0,0.0,0.0,0.1174,0.0,0.0202
46,Kama,unknown,AC,1.56,0.6982,0.0,0.0,0.2426,0.0,0.0,0.0592
46,Kama,unknown,KG,4.961,0.0,0.0,0.5312,0.0,0.4686,0.0,0.0002
47,Kama,unknown,A,15.36,0.8562,0.0,0.0,0.1438,0.0,0.0,0.0
47,Kama,unknown,P,14.76,0.8808,0.0,0.0,0.1191,0.0,0.0,0.0001
47,Kama,unknown,C,0.8861,0.0,0.4995,0.0,0.4172,0.0,0.0,0.0833
47,Kama,unknown,KL,5.701,0.7405,0.0,0.0,0.251,0.0,0.0,0.0085
47,Kama,unknown,KW,3.393,0.6888,0.0,0.0,0.3104,0.0,0.0,0.0008
47,Kama,unknown,AC,1.367,0.7263,0.0,0.0,0.2243,0.0,0.0,0.0494
47,Kama,unknown,KG,5.132,0.0,0.0,0.6176,0.0,0.3807,0.0,0.0017
48,Kama,unknown,A,14.99,0.9261,0.0,0.0,0.0738,0.0,0.0,0.0001
48,Kama,unknown,P,14.56,0.9488,0.0,0.0,0.0503,0.0,0.0,0.0009
48,Kama,unknown,C,0.8883,0.0,0.5068,0.0,0.4194,0.0,0.0,0.0738
48,Kama,unknown,KL,5.57,0.826,0.0,0.0,0.0892,0.0,0.0,0.0848
48,Kama,unknown,KW,3.377,0.7309,0.0,0.0,0.2679,0.0,0.0,0.0012
48,Kama,unknown,AC,2.958,0.4411,0.0,0.0,0.3679,0.0,0.0,0.191
48,Kama,unknown,KG,5.175,0.0,0.0,0.6142,0.0,0.3828,0.0,0.003
49,Kama,unknown,A,14.79,0.9483,0.0,0.0,0.0514,0.0,0.0,0.0003
49,Kama,unknown,P,14.52,0.9563,0.0,0.0,0.0423,0.0,0.0,0.0014
49,Kama,unknown,C,0.8819,0.0,0.4795,0.0,0.4137,0.0,0.0,0.1068
49,Kama,unknown,KL,5.545,0.809,0.0,0.0,0.0,0.1196,0.0,0.0714
49,Kama,unknown,KW,3.291,0.8825,0.0,0.0,0.1087,0.0,0.0,0.0088
49,Kama,unknown,AC,2.704,0.4925,0.0,0.0,0.3495,0.0,0.0,0.158
49,Kama,unknown,KG,5.111,0.0,0.0,0.6157,0.0,0.383,0.0,0.0013
50,Kama,unknown,A,14.86,0.9415,0.0,0.0,0.0583,0.0,0.0,0.0002
50,Kama,unknown,P,14.67,0.9187,0.0,0.0,0.081,0.0,0.0,0.0003
50,Kama,unknown,C,0.8676,0.3819,0.0,0.0,0.3437,0.0,0.0,0.2744
50,Kama,unknown,KL,5.678,0.7741,0.0,0.0,0.2124,0.0,0.0,0.0135
50,Kama,unknown,KW,3.258,0.9083,0.0,0.0,0.0742,0.0,0.0,0.0175
50,Kama,unknown,AC,2.129,0.6032,0.0,0.0,0.2981,0.0,0.0,0.0987
50,Kama,unknown,KG,5.351,0.0,0.0,0.4821,0.0,0.4815,0.0,0.0364
51,Kama,unknown,A,14.43,0.9711,0.0,0.0,0.0271,0.0,0.0,0.0018
51,Kama,unknown,P,14.4,0.9701,0.0,0.0,0.0252,0.0,0.0,0.0047
51,Kama,unknown,C,0.8751,0.0,0.4286,0.0,0.4058,0.0,0.0,0.1656
51,Kama,unknown,KL,5.585,0.8306,0.0,0.0,0.1015,0.0,0.0,0.0679
51,Kama,unknown,KW,3.272,0.8995,0.0,0.0,0.0874,0.0,0.0,0.0131
51,Kama,unknown,AC,3.975,0.0,0.3959,0.0,0.0,0.0,0.3584,0.2457
51,Kama,unknown,KG,5.144,0.0,0.0,0.6177,0.0,0.3803,0.0,0.002
52,Kama,unknown,A,15.78,0.7079,0.0,0.0,0.2921,0.0,0.0,0.0
52,Kama,unknown,P,14.91,0.7803,0.0,0.0,0.2197,0.0,0.0,0.0
52,Kama,unknown,C,0.8923,0.0,0.5151,0.0,0.4247,0.0,0.0,0.0602
52,Kama,unknown,KL,5.674,0.7792,0.0,0.0,0.2062,0.0,0.0,0.0146
52,Kama,unknown,KW,3.434,0.5653,0.0,0.0,0.4344,0.0,0.0,0.0003
52,Kama,unknown,AC,5.593,0.0,0.0,0.6473,0.0,0.0,0.2916,0.0611
52,Kama,unknown,KG,5.136,0.0,0.0,0.6177,0.0,0.3805,0.0,0.0018
53,Kama,unknown,A,14.49,0.9686,0.0,0.0,0.0301,0.0,0.0,0.0013
53,Kama,unknown,P,14.61,0.937,0.0,0.0,0.0625,0.0,0.0,0.0005
53,Kama,unknown,C,0.8538,0.0,0.0,0.6045,0.0,0.2516,0.0,0.1439
53,Kama,unknown,KL,5.715,0.7168,0.0,0.0,0.2769,0.0,0.0,0.0063
53,Kama,unknown,KW,3.113,0.7686,0.0,0.0,0.0,0.2205,0.0,0.0109
53,Kama,unknown,AC,4.116,0.0,0.3931,0.0,0.0,0.0,0.3846,0.2223
53,Kama,unknown,KG,5.396,0.5179,0.0,0.0,0.0,0.412,0.0,0.0701
54,Kama,unknown,A,14.33,0.9741,0.0,0.0,0.0228,0.0,0.0,0.0031
54,Kama,unknown,P,14.28,0.9704,0.0,0.0,0.015,0.0,0.0,0.0146
54,Kama,unknown,C,0.8831,0.0,0.486,0.0,0.4147,0.0,0.0,0.0993
54,Kama,unknown,KL,5.504,0.7559,0.0,0.0,0.0,0.1956,0.0,0.0485
54,Kama,unknown,KW,3.199,0.909,0.0,0.0,0.0,0.0549,0.0,0.0361
54,Kama,unknown,AC,3.328,0.0,0.3875,0.0,0.3664,0.0,0.0,0.2461
54,Kama,unknown,KG,5.224,0.0,0.0,0.5975,0.0,0.3966,0.0,0.0059
55,Kama,unknown,A,14.52,0.9671,0.0,0.0,0.0318,0.0,0.0,0.0011
55,Kama,unknown,P,14.6,0.9396,0.0,0.0,0.0598,0.0,0.0,0.0006
55,Kama,unknown,C,0.8557,0.0,0.0,0.5541,0.0,0.2759,0.0,0.17
55,Kama,unknown,KL,5.741,0.6667,0.0,0.0,0.3298,0.0,0.0,0.0035
55,Kama,unknown,KW,3.113,0.7686,0.0,0.0,0.0,0.2205,0.0,0.0109
55,Kama,unknown,AC,1.481,0.7099,0.0,0.0,0.2351,0.0,0.0,0.055
55,Kama,unknown,KG,5.487,0.5333,0.0,0.0,0.2344,0.0,0.0,0.2323
56,Kama,unknown,A,15.03,0.9206,0.0,0.0,0.0793,0.0,0.0,0.0001
56,Kama,unknown,P,14.77,0.8757,0.0,0.0,0.1242,0.0,0.0,0.0001
56,Kama,unknown,C,0.8658,0.3719,0.0,0.0,0.3191,0.0,0.0,0.309
56,Kama,unknown,KL,5.702,0.7389,0.0,0.0,0.2528,0.0,0.0,0.0083
56,Kama,unknown,KW,3.212,0.9143,0.0,0.0,0.0,0.0432,0.0,0.0425
56,Kama,unknown,AC,1.933,0.6378,0.0,0.0,0.279,0.0,0.0,0.0832
56,Kama,unknown,KG,5.439,0.5411,0.0,0.0,0.0,0.3313,0.0,0.1276
57,Kama,unknown,A,14.46,0.9698,0.0,0.0,0.0286,0.0,0.0,0.0016
57,Kama,unknown,P,14.35,0.972,0.0,0.0,0.0203,0.0,0.0,0.0077
57,Kama,unknown,C,0.8818,0.0,0.479,0.0,0.4136,0.0,0.0,0.1074
57,Kama,unknown,KL,5.388,0.4976,0.0,0.0,0.0,0.4884,0.0,0.014
57,Kama,unknown,KW,3.377,0.7309,0.0,0.0,0.2679,0.0,0.0,0.0012
57,Kama,unknown,AC,2.802,0.4728,0.0,0.0,0.357,0.0,0.0,0.1702
57,Kama,unknown,KG,5.044,0.0,0.0,0.5935,0.0,0.4059,0.0,0.0006
58,Kama,unknown,A,14.92,0.9349,0.0,0.0,0.065,0.0,0.0,0.0001
58,Kama,unknown,P,14.43,0.9679,0.0,0.0,0.0286,0.0,0.0,0.0035
58,Kama,unknown,C,0.9006,0.0,0.5135,0.0,0.4439,0.0,0.0,0.0426
58,Kama,unknown,KL,5.384,0.0,0.0,0.4984,0.0,0.4883,0.0,0.0133
58,Kama,unknown,KW,3.412,0.634,0.0,0.0,0.3655,0.0,0.0,0.0005
58,Kama,unknown,AC,1.142,0.7565,0.0,0.0,0.2037,0.0,0.0,0.0398
58,Kama,unknown,KG,5.088,0.0,0.0,0.6108,0.0,0.3882,0.0,0.001
59,Kama,unknown,A,15.38,0.851,0.0,0.0,0.149,0.0,0.0,0.0
59,Kama,unknown,P,14.77,0.8757,0.0,0.0,0.1242,0.0,0.0,0.0001
59,Kama,unknown,C,0.8857,0.0,0.498,0.0,0.4168,0.0,0.0,0.0852
59,Kama,unknown,KL,5.662,0.7933,0.0,0.0,0.1884,0.0,0.0,0.0183
59,Kama,unknown,KW,3.419,0.6127,0.0,0.0,0.3869,0.0,0.0,0.0004
59,Kama,unknown,AC,1.999,0.6263,0.0,0.0,0.2855,0.0,0.0,0.0882
59,Kama,unknown,KG,5.222,0.0,0.0,0.5985,0.0,0.3958,0.0,0.0057
60,Kama,unknown,A,12.11,0.0,0.0,0.9065,0.0,0.0934,0.0,0.0001
60,Kama,unknown,P,13.47,0.0,0.0,0.8037,0.0,0.1962,0.0,0.0001
60,Kama,unknown,C,0.8392,0.0,0.0,0.8947,0.0,0.0821,0.0,0.0232
60,Kama,unknown,KL,5.159,0.0,0.0,0.8187,0.0,0.1799,0.0,0.0014
60,Kama,unknown,KW,3.032,0.0,0.0,0.5246,0.0,0.4728,0.0,0.0026
60,Kama,unknown,AC,1.502,0.7068,0.0,0.0,0.2371,0.0,0.0,0.0561
60,Kama,unknown,KG,4.519,0.9779,0.0,0.0,0.0,0.0221,0.0,0.0
61,Kama,unknown,A,11.42,0.0,0.0,0.9691,0.0,0.0309,0.0,0.0
61,Kama,unknown,P,12.86,0.0,0.0,0.9661,0.0,0.0339,0.0,0.0
61,Kama,unknown,C,0.8683,0.3853,0.0,0.0,0.3528,0.0,0.0,0.2619
61,Kama,unknown,KL,5.008,0.0,0.0,0.8488,0.0,0.1506,0.0,0.0006
61,Kama,unknown,KW,2.85,0.0,0.0,0.9393,0.0,0.0607,0.0,0.0
61,Kama,unknown,AC,2.7,0.4933,0.0,0.0,0.3492,0.0,0.0,0.1575
61,Kama,unknown,KG,4.607,0.9351,0.0,0.0,0.0,0.0649,0.0,0.0
62,Kama,unknown,A,11.23,0.0,0.0,0.9749,0.0,0.0251,0.0,0.0
62,Kama,unknown,P,12.63,0.0,0.0,0.9726,0.0,0.0274,0.0,0.0
62,Kama,unknown,C,0.884,0.0,0.4905,0.0,0.4154,0.0,0.0,0.0941
62,Kama,unknown,KL,4.902,0.0,0.0,0.8173,0.0,0.1821,0.0,0.0006
62,Kama,unknown,KW,2.879,0.0,0.0,0.9134,0.0,0.0865,0.0,0.0001
62,Kama,unknown,AC,2.269,0.5773,0.0,0.0,0.3114,0.0,0.0,0.1113
62,Kama,unknown,KG,4.703,0.8371,0.0,0.0,0.0,0.1629,0.0,0.0
63,Kama,unknown,A,12.36,0.0,0.0,0.8445,0.0,0.1553,0.0,0.0002
63,Kama,unknown,P,13.19,0.0,0.0,0.9272,0.0,0.0728,0.0,0.0
63,Kama,unknown,C,0.8923,0.0,0.5151,0.0,0.4247,0.0,0.0,0.0602
63,Kama,unknown,KL,5.076,0.0,0.0,0.8463,0.0,0.1529,0.0,0.0008
63,Kama,unknown,KW,3.042,0.5126,0.0,0.0,0.0,0.4842,0.0,0.0032
63,Kama,unknown,AC,3.22,0.388,0.0,0.0,0.3828,0.0,0.0,0.2292
63,Kama,unknown,KG,4.605,0.9365,0.0,0.0,0.0,0.0635,0.0,0.0
64,Kama,unknown,A,13.22,0.7153,0.0,0.0,0.0,0.2818,0.0,0.0029
64,Kama,unknown,P,13.84,0.6718,0.0,0.0,0.0,0.3264,0.0,0.0018
64,Kama,unknown,C,0.868,0.3839,0.0,0.0,0.3489,0.0,0.0,0.2672
64,Kama,unknown,KL,5.395,0.5142,0.0,0.0,0.0,0.4707,0.0,0.0151
64,Kama,unknown,KW,3.07,0.623,0.0,0.0,0.0,0.3716,0.0,0.0054
64,Kama,unknown,AC,4.157,0.0,0.0,0.3922,0.0,0.0,0.392,0.2158
64,Kama,unknown,KG,5.088,0.0,0.0,0.6108,0.0,0.3882,0.0,0.001
65,Kama,unknown,A,12.78,0.0,0.0,0.6297,0.0,0.3695,0.0,0.0008
65,Kama,unknown,P,13.57,0.0,0.0,0.7118,0.0,0.2879,0.0,0.0003
65,Kama,unknown,C,0.8716,0.3977,0.0,0.0,0.3927,0.0,0.0,0.2096
65,Kama,unknown,KL,5.262,0.0,0.0,0.7296,0.0,0.2669,0.0,0.0035
65,Kama,unknown,KW,3.026,0.0,0.0,0.5485,0.0,0.4492,0.0,0.0023
65,Kama,unknown,AC,1.176,0.7521,0.0,0.0,0.2068,0.0,0.0,0.0411
65,Kama,unknown,KG,4.782,0.7194,0.0,0.0,0.0,0.2806,0.0,0.0
66,Kama,unknown,A,12.88,0.0,0.0,0.5549,0.0,0.444,0.0,0.0011
66,Kama,unknown,P,13.5,0.0,0.0,0.7796,0.0,0.2202,0.0,0.0002
66,Kama,unknown,C,0.8879,0.0,0.5056,0.0,0.419,0.0,0.0,0.0754
66,Kama,unknown,KL,5.139,0.0,0.0,0.8282,0.0,0.1706,0.0,0.0012
66,Kama,unknown,KW,3.119,0.7852,0.0,0.0,0.0,0.2028,0.0,0.012
66,Kama,unknown,AC,2.352,0.5617,0.0,0.0,0.3191,0.0,0.0,0.1192
66,Kama,unknown,KG,4.607,0.9351,0.0,0.0,0.0,0.0649,0.0,0.0
67,Kama,unknown,A,14.34,0.9739,0.0,0.0,0.0232,0.0,0.0,0.0029
67,Kama,unknown,P,14.37,0.9716,0.0,0.0,0.0221,0.0,0.0,0.0063
67,Kama,unknown,C,0.8726,0.0,0.4037,0.0,0.4004,0.0,0.0,0.1959
67,Kama,unknown,KL,5.63,0.8204,0.0,0.0,0.1469,0.0,0.0,0.0327
67,Kama,unknown,KW,3.19,0.9033,0.0,0.0,0.0,0.0646,0.0,0.0321
67,Kama,unknown,AC,1.313,0.7338,0.0,0.0,0.2193,0.0,0.0,0.0469
67,Kama,unknown,KG,5.15,0.0,0.0,0.6174,0.0,0.3804,0.0,0.0022
68,Kama,unknown,A,14.01,0.9723,0.0,0.0,0.0,0.0145,0.0,0.0132
68,Kama,unknown,P,14.29,0.971,0.0,0.0,0.0157,0.0,0.0,0.0133
68,Kama,unknown,C,0.8625,0.0,0.0,0.3809,0.0,0.3479,0.0,0.2712
68,Kama,unknown,KL,5.609,0.8295,0.0,0.0,0.124,0.0,0.0,0.0465
68,Kama,unknown,KW,3.158,0.8672,0.0,0.0,0.0,0.1118,0.0,0.021
68,Kama,unknown,AC,2.217,0.587,0.0,0.0,0.3065,0.0,0.0,0.1065
68,Kama,unknown,KG,5.132,0.0,0.0,0.6176,0.0,0.3807,0.0,0.0017
69,Kama,unknown,A,14.37,0.9731,0.0,0.0,0.0244,0.0,0.0,0.0025
69,Kama,unknown,P,14.39,0.9707,0.0,0.0,0.0241,0.0,0.0,0.0052
69,Kama,unknown,C,0.8726,0.0,0.4037,0.0,0.4004,0.0,0.0,0.1959
69,Kama,unknown,KL,5.569,0.8256,0.0,0.0,0.0884,0.0,0.0,0.086
69,Kama,unknown,KW,3.153,0.8591,0.0,0.0,0.0,0.1213,0.0,0.0196
69,Kama,unknown,AC,1.464,0.7124,0.0,0.0,0.2335,0.0,0.0,0.0541
69,Kama,unknown,KG,5.3,0.0,0.0,0.5423,0.0,0.4404,0.0,0.0173
70,Kama,unknown,A,12.73,0.0,0.0,0.6641,0.0,0.3352,0.0,0.0007
70,Kama,unknown,P,13.75,0.5336,0.0,0.0,0.0,0.4654,0.0,0.001
70,Kama,unknown,C,0.8458,0.0,0.0,0.7922,0.0,0.1484,0.0,0.0594
70,Kama,unknown,KL,5.412,0.5552,0.0,0.0,0.0,0.4265,0.0,0.0183
70,Kama,unknown,KW,2.882,0.0,0.0,0.9101,0.0,0.0898,0.0,0.0001
70,Kama,unknown,AC,3.533,0.0,0.394,0.0,0.3262,0.0,0.0,0.2798
70,Kama,unknown,KG,5.067,0.0,0.0,0.6038,0.0,0.3954,0.0,0.0008
71,Rosa,unknown,A,17.63,0.0,0.9766,0.0,0.0234,0.0,0.0,0.0
71,Rosa,unknown,P,15.98,0.0,0.9913,0.0,0.0087,0.0,0.0,0.0
71,Rosa,unknown,C,0.8673,0.3804,0.0,0.0,0.3397,0.0,0.0,0.2799
71,Rosa,unknown,KL,6.191,0.0,0.9889,0.0,0.0111,0.0,0.0,0.0
71,Rosa,unknown,KW,3.561,0.0,0.8075,0.0,0.1925,0.0,0.0,0.0
71,Rosa,unknown,AC,4.076,0.0,0.3941,0.0,0.0,0.0,0.3771,0.2288
71,Rosa,unknown,KG,6.06,0.0,0.9988,0.0,0.0012,0.0,0.0,0.0
72,Rosa,unknown,A,16.84,0.0,0.836,0.0,0.164,0.0,0.0,0.0
72,Rosa,unknown,P,15.67,0.0,0.9456,0.0,0.0544,0.0,0.0,0.0
72,Rosa,unknown,C,0.8623,0.0,0.0,0.3856,0.0,0.3462,0.0,0.2682
72,Rosa,unknown,KL,5.998,0.0,0.8861,0.0,0.1139,0.0,0.0,0.0
72,Rosa,unknown,KW,3.484,0.0,0.5978,0.0,0.4021,0.0,0.0,0.0001
72,Rosa,unknown,AC,4.675,0.0,0.0,0.4893,0.0,0.0,0.3674,0.1433
72,Rosa,unknown,KG,5.877,0.0,0.9865,0.0,0.0134,0.0,0.0,0.0001
73,Rosa,unknown,A,17.26,0.0,0.9383,0.0,0.0617,0.0,0.0,0.0
73,Rosa,unknown,P,15.73,0.0,0.9612,0.0,0.0388,0.0,0.0,0.0
73,Rosa,unknown,C,0.8763,0.0,0.4394,0.0,0.4077,0.0,0.0,0.1529
73,Rosa,unknown,KL,5.978,0.0,0.8602,0.0,0.1398,0.0,0.0,0.0
73,Rosa,unknown,KW,3.594,0.0,0.8683,0.0,0.1317,0.0,0.0,0.0
73,Rosa,unknown,AC,4.539,0.0,0.0,0.464,0.0,0.0,0.3756,0.1604
73,Rosa,unknown,KG,5.791,0.0,0.9587,0.0,0.0407,0.0,0.0,0.0006
74,Rosa,unknown,A,19.11,0.0,0.9997,0.0,0.0003,0.0,0.0,0.0
74,Rosa,unknown,P,16.26,0.0,0.9985,0.0,0.0015,0.0,0.0,0.0
74,Rosa,unknown,C,0.9081,0.0,0.4924,0.0,0.4735,0.0,0.0,0.0341
74,Rosa,unknown,KL,6.154,0.0,0.982,0.0,0.018,0.0,0.0,0.0
74,Rosa,unknown,KW,3.93,0.0,0.9988,0.0,0.0012,0.0,0.0,0.0
74,Rosa,unknown,AC,2.936,0.4456,0.0,0.0,0.3665,0.0,0.0,0.1879
74,Rosa,unknown,KG,6.079,0.0,0.9991,0.0,0.0009,0.0,0.0,0.0
75,Rosa,unknown,A,16.82,0.0,0.8289,0.0,0.1711,0.0,0.0,0.0
75,Rosa,unknown,P,15.51,0.0,0.8734,0.0,0.1266,0.0,0.0,0.0
75,Rosa,unknown,C,0.8786,0.0,0.4578,0.0,0.4107,0.0,0.0,0.1315
75,Rosa,unknown,KL,6.017,0.0,0.907,0.0,0.093,0.0,0.0,0.0
75,Rosa,unknown,KW,3.486,0.0,0.6042,0.0,0.3957,0.0,0.0,0.0001
75,Rosa,unknown,AC,4.004,0.0,0.3954,0.0,0.0,0.0,0.3638,0.2408
75,Rosa,unknown,KG,5.841,0.0,0.9784,0.0,0.0214,0.0,0.0,0.0002
76,Rosa,unknown,A,16.77,0.0,0.8103,0.0,0.1897,0.0,0.0,0.0
76,Rosa,unknown,P,15.62,0.0,0.9285,0.0,0.0715,0.0,0.0,0.0
76,Rosa,unknown,C,0.8638,0.3583,0.0,0.0,0.0,0.3513,0.0,0.2904
76,Rosa,unknown,KL,5.927,0.0,0.7745,0.0,0.2255,0.0,0.0,0.0
76,Rosa,unknown,KW,3.438,0.5525,0.0,0.0,0.4473,0.0,0.0,0.0002
76,Rosa,unknown,AC,4.92,0.0,0.0,0.5341,0.0,0.0,0.3501,0.1158
76,Rosa,unknown,KG,5.795,0.0,0.9607,0.0,0.0387,0.0,0.0,0.0006
77,Rosa,unknown,A,17.32,0.0,0.947,0.0,0.053,0.0,0.0,0.0
77,Rosa,unknown,P,15.91,0.0,0.9866,0.0,0.0134,0.0,0.0,0.0
77,Rosa,unknown,C,0.8599,0.0,0.0,0.4442,0.0,0.3238,0.0,0.232
77,Rosa,unknown,KL,6.064,0.0,0.9453,0.0,0.0547,0.0,0.0,0.0
77,Rosa,unknown,KW,3.403,0.6606,0.0,0.0,0.3388,0.0,0.0,0.0006
77,Rosa,unknown,AC,3.824,0.0,0.3971,0.0,0.0,0.0,0.3309,0.272
77,Rosa,unknown,KG,5.922,0.0,0.9926,0.0,0.0074,0.0,0.0,0.0
78,Rosa,unknown,A,20.71,0.0,1.0,0.0,0.0,0.0,0.0,0.0
78,Rosa,unknown,P,17.23,0.0,1.0,0.0,0.0,0.0,0.0,0.0
78,Rosa,unknown,C,0.8763,0.0,0.4394,0.0,0.4077,0.0,0.0,0.1529
78,Rosa,unknown,KL,6.579,0.0,1.0,0.0,0.0,0.0,0.0,0.0
78,Rosa,unknown,KW,3.814,0.0,0.9934,0.0,0.0066,0.0,0.0,0.0
78,Rosa,unknown,AC,4.451,0.0,0.0,0.4475,0.0,0.0,0.3803,0.1722
78,Rosa,unknown,KG,6.451,0.0,1.0,0.0,0.0,0.0,0.0,0.0
79,Rosa,unknown,A,18.94,0.0,0.9995,0.0,0.0005,0.0,0.0,0.0
79,Rosa,unknown,P,16.49,0.0,0.9997,0.0,0.0003,0.0,0.0,0.0
79,Rosa,unknown,C,0.875,0.0,0.4277,0.0,0.4056,0.0,0.0,0.1667
79,Rosa,unknown,KL,6.445,0.0,0.9997,0.0,0.0003,0.0,0.0,0.0
79,Rosa,unknown,KW,3.639,0.0,0.9248,0.0,0.0752,0.0,0.0,0.0
79,Rosa,unknown,AC,5.064,0.0,0.0,0.5597,0.0,0.0,0.3386,0.1017
79,Rosa,unknown,KG,6.362,0.0,1.0,0.0,0.0,0.0,0.0,0.0
80,Rosa,unknown,A,17.12,0.0,0.913,0.0,0.087,0.0,0.0,0.0
80,Rosa,unknown,P,15.55,0.0,0.8966,0.0,0.1034,0.0,0.0,0.0
80,Rosa,unknown,C,0.8892,0.0,0.5093,0.0,0.4204,0.0,0.0,0.0703
80,Rosa,unknown,KL,5.85,0.0,0.5977,0.0,0.4021,0.0,0.0,0.0002
80,Rosa,unknown,KW,3.566,0.0,0.8179,0.0,0.1821,0.0,0.0,0.0
80,Rosa,unknown,AC,2.858,0.4614,0.0,0.0,0.3611,0.0,0.0,0.1775
80,Rosa,unknown,KG,5.746,0.0,0.9267,0.0,0.0712,0.0,0.0,0.0021
81,Rosa,unknown,A,16.53,0.0,0.702,0.0,0.298,0.0,0.0,0.0
81,Rosa,unknown,P,15.34,0.0,0.7274,0.0,0.2726,0.0,0.0,0.0
81,Rosa,unknown,C,0.8823,0.0,0.4818,0.0,0.414,0.0,0.0,0.1042
81,Rosa,unknown,KL,5.875,0.0,0.6598,0.0,0.3401,0.0,0.0,0.0001
81,Rosa,unknown,KW,3.467,0.0,0.5426,0.0,0.4573,0.0,0.0,0.0001
81,Rosa,unknown,AC,5.532,0.0,0.0,0.6378,0.0,0.0,0.2973,0.0649
81,Rosa,unknown,KG,5.88,0.0,0.987,0.0,0.0129,0.0,0.0,0.0001
82,Rosa,unknown,A,18.72,0.0,0.999,0.0,0.001,0.0,0.0,0.0
82,Rosa,unknown,P,16.19,0.0,0.9977,0.0,0.0023,0.0,0.0,0.0
82,Rosa,unknown,C,0.8977,0.0,0.5168,0.0,0.4357,0.0,0.0,0.0475
82,Rosa,unknown,KL,6.006,0.0,0.8953,0.0,0.1047,0.0,0.0,0.0
82,Rosa,unknown,KW,3.857,0.0,0.9965,0.0,0.0035,0.0,0.0,0.0
82,Rosa,unknown,AC,5.324,0.0,0.0,0.6042,0.0,0.0,0.3162,0.0796
82,Rosa,unknown,KG,5.879,0.0,0.9869,0.0,0.013,0.0,0.0,0.0001
83,Rosa,unknown,A,20.2,0.0,1.0,0.0,0.0,0.0,0.0,0.0
83,Rosa,unknown,P,16.89,0.0,1.0,0.0,0.0,0.0,0.0,0.0
83,Rosa,unknown,C,0.8894,0.0,0.5098,0.0,0.4206,0.0,0.0,0.0696
83,Rosa,unknown,KL,6.285,0.0,0.997,0.0,0.003,0.0,0.0,0.0
83,Rosa,unknown,KW,3.864,0.0,0.9968,0.0,0.0032,0.0,0.0,0.0
83,Rosa,unknown,AC,5.173,0.0,0.0,0.5786,0.0,0.0,0.3295,0.0919
83,Rosa,unknown,KG,6.187,0.0,0.9998,0.0,0.0002,0.0,0.0,0.0
84,Rosa,unknown,A,19.57,0.0,0.9999,0.0,0.0001,0.0,0.0,0.0
84,Rosa,unknown,P,16.74,0.0,0.9999,0.0,0.0001,0.0,0.0,0.0
84,Rosa,unknown,C,0.8779,0.0,0.4525,0.0,0.4099,0.0,0.0,0.1376
84,Rosa,unknown,KL,6.384,0.0,0.9993,0.0,0.0007,0.0,0.0,0.0
84,Rosa,unknown,KW,3.772,0.0,0.9879,0.0,0.0121,0.0,0.0,0.0
84,Rosa,unknown,AC,1.472,0.7113,0.0,0.0,0.2342,0.0,0.0,0.0545
84,Rosa,unknown,KG,6.273,0.0,0.9999,0.0,0.0001,0.0,0.0,0.0
85,Rosa,unknown,A,19.51,0.0,0.9999,0.0,0.0001,0.0,0.0,0.0
85,Rosa,unknown,P,16.71,0.0,0.9999,0.0,0.0001,0.0,0.0,0.0
85,Rosa,unknown,C,0.878,0.0,0.4533,0.0,0.41,0.0,0.0,0.1367
85,Rosa,unknown,KL,6.366,0.0,0.9991,0.0,0.0009,0.0,0.0,0.0
85,Rosa,unknown,KW,3.801,0.0,0.992,0.0,0.008,0.0,0.0,0.0
85,Rosa,unknown,AC,2.962,0.4403,0.0,0.0,0.3682,0.0,0.0,0.1915
85,Rosa,unknown,KG,6.185,0.0,0.9998,0.0,0.0002,0.0,0.0,0.0
86,Rosa,unknown,A,18.27,0.0,0.9962,0.0,0.0038,0.0,0.0,0.0
86,Rosa,unknown,P,16.09,0.0,0.9956,0.0,0.0044,0.0,0.0,0.0
86,Rosa,unknown,C,0.887,0.0,0.5028,0.0,0.418,0.0,0.0,0.0792
86,Rosa,unknown,KL,6.173,0.0,0.9859,0.0,0.0141,0.0,0.0,0.0
86,Rosa,unknown,KW,3.651,0.0,0.9357,0.0,0.0643,0.0,0.0,0.0
86,Rosa,unknown,AC,2.443,0.5441,0.0,0.0,0.3274,0.0,0.0,0.1285
86,Rosa,unknown,KG,6.197,0.0,0.9998,0.0,0.0002,0.0,0.0,0.0
87,Rosa,unknown,A,18.88,0.0,0.9994,0.0,0.0006,0.0,0.0,0.0
87,Rosa,unknown,P,16.26,0.0,0.9985,0.0,0.0015,0.0,0.0,0.0
87,Rosa,unknown,C,0.8969,0.0,0.5173,0.0,0.4337,0.0,0.0,0.049
87,Rosa,unknown,KL,6.084,0.0,0.9568,0.0,0.0432,0.0,0.0,0.0
87,Rosa,unknown,KW,3.764,0.0,0.9864,0.0,0.0136,0.0,0.0,0.0
87,Rosa,unknown,AC,1.649,0.6845,0.0,0.0,0.2512,0.0,0.0,0.0643
87,Rosa,unknown,KG,6.109,0.0,0.9994,0.0,0.0006,0.0,0.0,0.0
88,Rosa,unknown,A,18.98,0.0,0.9996,0.0,0.0004,0.0,0.0,0.0
88,Rosa,unknown,P,16.66,0.0,0.9999,0.0,0.0001,0.0,0.0,0.0
88,Rosa,unknown,C,0.859,0.0,0.0,0.4673,0.0,0.3143,0.0,0.2184
88,Rosa,unknown,KL,6.549,0.0,0.9999,0.0,0.0001,0.0,0.0,0.0
88,Rosa,unknown,KW,3.67,0.0,0.95,0.0,0.05,0.0,0.0,0.0
88,Rosa,unknown,AC,3.691,0.0,0.3966,0.0,0.0,0.0,0.3071,0.2963
88,Rosa,unknown,KG,6.498,0.0,1.0,0.0,0.0,0.0,0.0,0.0
89,Rosa,unknown,A,21.18,0.0,1.0,0.0,0.0,0.0,0.0,0.0
89,Rosa,unknown,P,17.21,0.0,1.0,0.0,0.0,0.0,0.0,0.0
89,Rosa,unknown,C,0.8989,0.0,0.5158,0.0,0.4389,0.0,0.0,0.0453
89,Rosa,unknown,KL,6.573,0.0,1.0,0.0,0.0,0.0,0.0,0.0
89,Rosa,unknown,KW,4.033,0.0,0.9998,0.0,0.0002,0.0,0.0,0.0
89,Rosa,unknown,AC,5.78,0.0,0.0,0.6755,0.0,0.0,0.274,0.0505
89,Rosa,unknown,KG,6.231,0.0,0.9999,0.0,0.0001,0.0,0.0,0.0
90,Rosa,unknown,A,20.88,0.0,1.0,0.0,0.0,0.0,0.0,0.0
90,Rosa,unknown,P,17.05,0.0,1.0,0.0,0.0,0.0,0.0,0.0
90,Rosa,unknown,C,0.9031,0.0,0.5084,0.0,0.4524,0.0,0.0,0.0392
90,Rosa,unknown,KL,6.45,0.0,0.9997,0.0,0.0003,0.0,0.0,0.0
90,Rosa,unknown,KW,4.032,0.0,0.9998,0.0,0.0002,0.0,0.0,0.0
90,Rosa,unknown,AC,5.016,0.0,0.0,0.5513,0.0,0.0,0.3425,0.1062
90,Rosa,unknown,KG,6.321,0.0,1.0,0.0,0.0,0.0,0.0,0.0
91,Rosa,unknown,A,20.1,0.0,1.0,0.0,0.0,0.0,0.0,0.0
91,Rosa,unknown,P,16.99,0.0,1.0,0.0,0.0,0.0,0.0,0.0
91,Rosa,unknown,C,0.8746,0.0,0.4239,0.0,0.4049,0.0,0.0,0.1712
91,Rosa,unknown,KL,6.581,0.0,1.0,0.0,0.0,0.0,0.0,0.0
91,Rosa,unknown,KW,3.785,0.0,0.99,0.0,0.01,0.0,0.0,0.0
91,Rosa,unknown,AC,1.955,0.634,0.0,0.0,0.2812,0.0,0.0,0.0848
91,Rosa,unknown,KG,6.449,0.0,1.0,0.0,0.0,0.0,0.0,0.0
92,Rosa,unknown,A,18.76,0.0,0.9992,0.0,0.0008,0.0,0.0,0.0
92,Rosa,unknown,P,16.2,0.0,0.9978,0.0,0.0022,0.0,0.0,0.0
92,Rosa,unknown,C,0.8984,0.0,0.5163,0.0,0.4375,0.0,0.0,0.0462
92,Rosa,unknown,KL,6.172,0.0,0.9857,0.0,0.0143,0.0,0.0,0.0
92,Rosa,unknown,KW,3.796,0.0,0.9914,0.0,0.0086,0.0,0.0,0.0
92,Rosa,unknown,AC,3.12,0.4082,0.0,0.0,0.3777,0.0,0.0,0.2141
92,Rosa,unknown,KG,6.053,0.0,0.9987,0.0,0.0013,0.0,0.0,0.0
93,Rosa,unknown,A,18.81,0.0,0.9993,0.0,0.0007,0.0,0.0,0.0
93,Rosa,unknown,P,16.29,0.0,0.9988,0.0,0.0012,0.0,0.0,0.0
93,Rosa,unknown,C,0.8906,0.0,0.5124,0.0,0.4222,0.0,0.0,0.0654
93,Rosa,unknown,KL,6.272,0.0,0.9963,0.0,0.0037,0.0,0.0,0.0
93,Rosa,unknown,KW,3.693,0.0,0.9634,0.0,0.0366,0.0,0.0,0.0
93,Rosa,unknown,AC,3.237,0.3846,0.0,0.0,0.3836,0.0,0.0,0.2318
93,Rosa,unknown,KG,6.053,0.0,0.9987,0.0,0.0013,0.0,0.0,0.0
94,Rosa,unknown,A,18.59,0.0,0.9986,0.0,0.0014,0.0,0.0,0.0
94,Rosa,unknown,P,16.05,0.0,0.9944,0.0,0.0056,0.0,0.0,0.0
94,Rosa,unknown,C,0.9066,0.0,0.498,0.0,0.4666,0.0,0.0,0.0354
94,Rosa,unknown,KL,6.037,0.0,0.9254,0.0,0.0746,0.0,0.0,0.0
94,Rosa,unknown,KW,3.86,0.0,0.9967,0.0,0.0033,0.0,0.0,0.0
94,Rosa,unknown,AC,6.001,0.0,0.0,0.7067,0.0,0.0,0.2533,0.04
94,Rosa,unknown,KG,5.877,0.0,0.9865,0.0,0.0134,0.0,0.0,0.0001
95,Rosa,unknown,A,18.36,0.0,0.9971,0.0,0.0029,0.0,0.0,0.0
95,Rosa,unknown,P,16.52,0.0,0.9997,0.0,0.0003,0.0,0.0,0.0
95,Rosa,unknown,C,0.8452,0.0,0.0,0.8037,0.0,0.1414,0.0,0.0549
95,Rosa,unknown,KL,6.666,0.0,1.0,0.0,0.0,0.0,0.0,0.0
95,Rosa,unknown,KW,3.485,0.0,0.601,0.0,0.3989,0.0,0.0,0.0001
95,Rosa,unknown,AC,4.933,0.0,0.0,0.5364,0.0,0.0,0.3491,0.1145
95,Rosa,unknown,KG,6.448,0.0,1.0,0.0,0.0,0.0,0.0,0.0
96,Rosa,unknown,A,16.87,0.0,0.8462,0.0,0.1538,0.0,0.0,0.0
96,Rosa,unknown,P,15.65,0.0,0.9393,0.0,0.0607,0.0,0.0,0.0
96,Rosa,unknown,C,0.8648,0.3654,0.0,0.0,0.0,0.3296,0.0,0.305
96,Rosa,unknown,KL,6.139,0.0,0.9781,0.0,0.0219,0.0,0.0,0.0
96,Rosa,unknown,KW,3.463,0.0,0.5295,0.0,0.4704,0.0,0.0,0.0001
96,Rosa,unknown,AC,3.696,0.0,0.3966,0.0,0.0,0.0,0.308,0.2954
96,Rosa,unknown,KG,5.967,0.0,0.9959,0.0,0.0041,0.0,0.0,0.0
97,Rosa,unknown,A,19.31,0.0,0.9999,0.0,0.0001,0.0,0.0,0.0
97,Rosa,unknown,P,16.59,0.0,0.9998,0.0,0.0002,0.0,0.0,0.0
97,Rosa,unknown,C,0.8815,0.0,0.4772,0.0,0.4134,0.0,0.0,0.1094
97,Rosa,unknown,KL,6.341,0.0,0.9986,0.0,0.0014,0.0,0.0,0.0
97,Rosa,unknown,KW,3.81,0.0,0.993,0.0,0.007,0.0,0.0,0.0
97,Rosa,unknown,AC,3.477,0.0,0.3925,0.0,0.3371,0.0,0.0,0.2704
97,Rosa,unknown,KG,6.238,0.0,0.9999,0.0,0.0001,0.0,0.0,0.0
98,Rosa,unknown,A,18.98,0.0,0.9996,0.0,0.0004,0.0,0.0,0.0
98,Rosa,unknown,P,16.57,0.0,0.9998,0.0,0.0002,0.0,0.0,0.0
98,Rosa,unknown,C,0.8687,0.3871,0.0,0.0,0.358,0.0,0.0,0.2549
98,Rosa,unknown,KL,6.449,0.0,0.9997,0.0,0.0003,0.0,0.0,0.0
98,Rosa,unknown,KW,3.552,0.0,0.7878,0.0,0.2122,0.0,0.0,0.0
98,Rosa,unknown,AC,2.144,0.6005,0.0,0.0,0.2995,0.0,0.0,0.1
98,Rosa,unknown,KG,6.453,0.0,1.0,0.0,0.0,0.0,0.0,0.0
99,Rosa,unknown,A,18.17,0.0,0.9949,0.0,0.0051,0.0,0.0,0.0
99,Rosa,unknown,P,16.26,0.0,0.9985,0.0,0.0015,0.0,0.0,0.0
99,Rosa,unknown,C,0.8637,0.3575,0.0,0.0,0.0,0.3535,0.0,0.289
99,Rosa,unknown,KL,6.271,0.0,0.9963,0.0,0.0037,0.0,0.0,0.0
99,Rosa,unknown,KW,3.512,0.0,0.6838,0.0,0.3162,0.0,0.0,0.0
99,Rosa,unknown,AC,2.853,0.4625,0.0,0.0,0.3607,0.0,0.0,0.1768
99,Rosa,unknown,KG,6.273,0.0,0.9999,0.0,0.0001,0.0,0.0,0.0
100,Rosa,unknown,A,18.72,0.0,0.999,0.0,0.001,0.0,0.0,0.0
100,Rosa,unknown,P,16.34,0.0,0.9991,0.0,0.0009,0.0,0.0,0.0
100,Rosa,unknown,C,0.881,0.0,0.4741,0.0,0.413,0.0,0.0,0.1129
100,Rosa,unknown,KL,6.219,0.0,0.9924,0.0,0.0076,0.0,0.0,0.0
100,Rosa,unknown,KW,3.684,0.0,0.9586,0.0,0.0414,0.0,0.0,0.0
100,Rosa,unknown,AC,2.188,0.5924,0.0,0.0,0.3037,0.0,0.0,0.1039
100,Rosa,unknown,KG,6.097,0.0,0.9993,0.0,0.0007,0.0,0.0,0.0
101,Rosa,unknown,A,16.41,0.0,0.6379,0.0,0.3621,0.0,0.0,0.0
101,Rosa,unknown,P,15.25,0.0,0.6208,0.0,0.3792,0.0,0.0,0.0
101,Rosa,unknown,C,0.8866,0.0,0.5013,0.0,0.4177,0.0,0.0,0.081
101,Rosa,unknown,KL,5.718,0.7114,0.0,0.0,0.2827,0.0,0.0,0.0059
101,Rosa,unknown,KW,3.525,0.0,0.7203,0.0,0.2797,0.0,0.0,0.0
101,Rosa,unknown,AC,4.217,0.0,0.0,0.4035,0.0,0.0,0.3901,0.2064
101,Rosa,unknown,KG,5.618,0.0,0.6814,0.0,0.2812,0.0,0.0,0.0374
102,Rosa,unknown,A,17.99,0.0,0.9914,0.0,0.0086,0.0,0.0,0.0
102,Rosa,unknown,P,15.86,0.0,0.9819,0.0,0.0181,0.0,0.0,0.0
102,Rosa,unknown,C,0.8992,0.0,0.5155,0.0,0.4397,0.0,0.0,0.0448
102,Rosa,unknown,KL,5.89,0.0,0.6952,0.0,0.3047,0.0,0.0,0.0001
102,Rosa,unknown,KW,3.694,0.0,0.9639,0.0,0.0361,0.0,0.0,0.0
102,Rosa,unknown,AC,2.068,0.6141,0.0,0.0,0.2922,0.0,0.0,0.0937
102,Rosa,unknown,KG,5.837,0.0,0.9773,0.0,0.0225,0.0,0.0,0.0002
103,Rosa,unknown,A,19.46,0.0,0.9999,0.0,0.0001,0.0,0.0,0.0
103,Rosa,unknown,P,16.5,0.0,0.9997,0.0,0.0003,0.0,0.0,0.0
103,Rosa,unknown,C,0.8985,0.0,0.5162,0.0,0.4378,0.0,0.0,0.046
103,Rosa,unknown,KL,6.113,0.0,0.9697,0.0,0.0303,0.0,0.0,0.0
103,Rosa,unknown,KW,3.892,0.0,0.9979,0.0,0.0021,0.0,0.0,0.0
103,Rosa,unknown,AC,4.308,0.0,0.0,0.4206,0.0,0.0,0.3868,0.1926
103,Rosa,unknown,KG,6.009,0.0,0.9977,0.0,0.0023,0.0,0.0,0.0
104,Rosa,unknown,A,19.18,0.0,0.9998,0.0,0.0002,0.0,0.0,0.0
104,Rosa,unknown,P,16.63,0.0,0.9999,0.0,0.0001,0.0,0.0,0.0
104,Rosa,unknown,C,0.8717,0.398,0.0,0.0,0.3938,0.0,0.0,0.2082
104,Rosa,unknown,KL,6.369,0.0,0.9991,0.0,0.0009,0.0,0.0,0.0
104,Rosa,unknown,KW,3.681,0.0,0.9569,0.0,0.0431,0.0,0.0,0.0
104,Rosa,unknown,AC,3.357,0.0,0.3887,0.0,0.3606,0.0,0.0,0.2507
104,Rosa,unknown,KG,6.229,0.0,0.9999,0.0,0.0001,0.0,0.0,0.0
105,Rosa,unknown,A,18.95,0.0,0.9995,0.0,0.0005,0.0,0.0,0.0
105,Rosa,unknown,P,16.42,0.0,0.9995,0.0,0.0005,0.0,0.0,0.0
105,Rosa,unknown,C,0.8829,0.0,0.485,0.0,0.4145,0.0,0.0,0.1005
105,Rosa,unknown,KL,6.248,0.0,0.9949,0.0,0.0051,0.0,0.0,0.0
105,Rosa,unknown,KW,3.755,0.0,0.9846,0.0,0.0154,0.0,0.0,0.0
105,Rosa,unknown,AC,3.368,0.0,0.389,0.0,0.3585,0.0,0.0,0.2525
105,Rosa,unknown,KG,6.148,0.0,0.9996,0.0,0.0004,0.0,0.0,0.0
106,Rosa,unknown,A,18.83,0.0,0.9993,0.0,0.0007,0.0,0.0,0.0
106,Rosa,unknown,P,16.29,0.0,0.9988,0.0,0.0012,0.0,0.0,0.0
106,Rosa,unknown,C,0.8917,0.0,0.5143,0.0,0.4237,0.0,0.0,0.062
106,Rosa,unknown,KL,6.037,0.0,0.9254,0.0,0.0746,0.0,0.0,0.0
106,Rosa,unknown,KW,3.786,0.0,0.9901,0.0,0.0099,0.0,0.0,0.0
106,Rosa,unknown,AC,2.553,0.5226,0.0,0.0,0.337,0.0,0.0,0.1404
106,Rosa,unknown,KG,5.879,0.0,0.9869,0.0,0.013,0.0,0.0,0.0001
107,Rosa,unknown,A,18.85,0.0,0.9994,0.0,0.0006,0.0,0.0,0.0
107,Rosa,unknown,P,16.17,0.0,0.9974,0.0,0.0026,0.0,0.0,0.0
107,Rosa,unknown,C,0.9056,0.0,0.5014,0.0,0.4622,0.0,0.0,0.0364
107,Rosa,unknown,KL,6.152,0.0,0.9815,0.0,0.0185,0.0,0.0,0.0
107,Rosa,unknown,KW,3.806,0.0,0.9926,0.0,0.0074,0.0,0.0,0.0
107,Rosa,unknown,AC,2.843,0.4645,0.0,0.0,0.36,0.0,0.0,0.1755
107,Rosa,unknown,KG,6.2,0.0,0.9998,0.0,0.0002,0.0,0.0,0.0
108,Rosa,unknown,A,17.63,0.0,0.9766,0.0,0.0234,0.0,0.0,0.0
108,Rosa,unknown,P,15.86,0.0,0.9819,0.0,0.0181,0.0,0.0,0.0
108,Rosa,unknown,C,0.88,0.0,0.4677,0.0,0.4121,0.0,0.0,0.1202
108,Rosa,unknown,KL,6.033,0.0,0.922,0.0,0.078,0.0,0.0,0.0
108,Rosa,unknown,KW,3.573,0.0,0.8317,0.0,0.1683,0.0,0.0,0.0
108,Rosa,unknown,AC,3.747,0.0,0.3969,0.0,0.0,0.0,0.3171,0.286
108,Rosa,unknown,KG,5.929,0.0,0.9932,0.0,0.0068,0.0,0.0,0.0
109,Rosa,unknown,A,19.94,0.0,1.0,0.0,0.0,0.0,0.0,0.0
109,Rosa,unknown,P,16.92,0.0,1.0,0.0,0.0,0.0,0.0,0.0
109,Rosa,unknown,C,0.8752,0.0,0.4295,0.0,0.406,0.0,0.0,0.1645
109,Rosa,unknown,KL,6.675,0.0,1.0,0.0,0.0,0.0,0.0,0.0
109,Rosa,unknown,KW,3.763,0.0,0.9862,0.0,0.0138,0.0,0.0,0.0
109,Rosa,unknown,AC,3.252,0.0,0.3843,0.0,0.3816,0.0,0.0,0.2341
109,Rosa,unknown,KG,6.55,0.0,1.0,0.0,0.0,0.0,0.0,0.0
110,Rosa,unknown,A,18.55,0.0,0.9984,0.0,0.0016,0.0,0.0,0.0
110,Rosa,unknown,P,16.22,0.0,0.9981,0.0,0.0019,0.0,0.0,0.0
110,Rosa,unknown,C,0.8865,0.0,0.501,0.0,0.4176,0.0,0.0,0.0814
110,Rosa,unknown,KL,6.153,0.0,0.9817,0.0,0.0183,0.0,0.0,0.0
110,Rosa,unknown,KW,3.674,0.0,0.9526,0.0,0.0474,0.0,0.0,0.0
110,Rosa,unknown,AC,1.738,0.6703,0.0,0.0,0.2599,0.0,0.0,0.0698
110,Rosa,unknown,KG,5.894,0.0,0.9893,0.0,0.0107,0.0,0.0,0.0
111,Rosa,unknown,A,18.45,0.0,0.9978,0.0,0.0022,0.0,0.0,0.0
111,Rosa,unknown,P,16.12,0.0,0.9964,0.0,0.0036,0.0,0.0,0.0
111,Rosa,unknown,C,0.8921,0.0,0.5148,0.0,0.4244,0.0,0.0,0.0608
111,Rosa,unknown,KL,6.107,0.0,0.9674,0.0,0.0326,0.0,0.0,0.0
111,Rosa,unknown,KW,3.769,0.0,0.9874,0.0,0.0126,0.0,0.0,0.0
111,Rosa,unknown,AC,2.235,0.5837,0.0,0.0,0.3082,0.0,0.0,0.1081
111,Rosa,unknown,KG,5.794,0.0,0.9603,0.0,0.0391,0.0,0.0,0.0006
112,Rosa,unknown,A,19.38,0.0,0.9999,0.0,0.0001,0.0,0.0,0.0
112,Rosa,unknown,P,16.72,0.0,0.9999,0.0,0.0001,0.0,0.0,0.0
112,Rosa,unknown,C,0.8716,0.3977,0.0,0.0,0.3927,0.0,0.0,0.2096
112,Rosa,unknown,KL,6.303,0.0,0.9976,0.0,0.0024,0.0,0.0,0.0
112,Rosa,unknown,KW,3.791,0.0,0.9908,0.0,0.0092,0.0,0.0,0.0
112,Rosa,unknown,AC,3.678,0.0,0.3964,0.0,0.0,0.0,0.3049,0.2987
112,Rosa,unknown,KG,5.965,0.0,0.9958,0.0,0.0042,0.0,0.0,0.0
113,Rosa,unknown,A,19.13,0.0,0.9997,0.0,0.0003,0.0,0.0,0.0
113,Rosa,unknown,P,16.31,0.0,0.9989,0.0,0.0011,0.0,0.0,0.0
113,Rosa,unknown,C,0.9035,0.0,0.5074,0.0,0.4539,0.0,0.0,0.0387
113,Rosa,unknown,KL,6.183,0.0,0.9876,0.0,0.0124,0.0,0.0,0.0
113,Rosa,unknown,KW,3.902,0.0,0.9982,0.0,0.0018,0.0,0.0,0.0
113,Rosa,unknown,AC,2.109,0.6067,0.0,0.0,0.2962,0.0,0.0,0.0971
113,Rosa,unknown,KG,5.924,0.0,0.9928,0.0,0.0072,0.0,0.0,0.0
114,Rosa,unknown,A,19.14,0.0,0.9997,0.0,0.0003,0.0,0.0,0.0
114,Rosa,unknown,P,16.61,0.0,0.9999,0.0,0.0001,0.0,0.0,0.0
114,Rosa,unknown,C,0.8722,0.3993,0.0,0.0,0.3994,0.0,0.0,0.2013
114,Rosa,unknown,KL,6.259,0.0,0.9956,0.0,0.0044,0.0,0.0,0.0
114,Rosa,unknown,KW,3.737,0.0,0.9801,0.0,0.0199,0.0,0.0,0.0
114,Rosa,unknown,AC,6.682,0.0,0.0,0.7885,0.0,0.0,0.1926,0.0189
114,Rosa,unknown,KG,6.053,0.0,0.9987,0.0,0.0013,0.0,0.0,0.0
115,Rosa,unknown,A,20.97,0.0,1.0,0.0,0.0,0.0,0.0,0.0
115,Rosa,unknown,P,17.25,0.0,1.0,0.0,0.0,0.0,0.0,0.0
115,Rosa,unknown,C,0.8859,0.0,0.4988,0.0,0.417,0.0,0.0,0.0842
115,Rosa,unknown,KL,6.563,0.0,1.0,0.0,0.0,0.0,0.0,0.0
115,Rosa,unknown,KW,3.991,0.0,0.9995,0.0,0.0005,0.0,0.0,0.0
115,Rosa,unknown,AC,4.677,0.0,0.0,0.4897,0.0,0.0,0.3672,0.1431
115,Rosa,unknown,KG,6.316,0.0,1.0,0.0,0.0,0.0,0.0,0.0
116,Rosa,unknown,A,19.06,0.0,0.9997,0.0,0.0003,0.0,0.0,0.0
116,Rosa,unknown,P,16.45,0.0,0.9996,0.0,0.0004,0.0,0.0,0.0
116,Rosa,unknown,C,0.8854,0.0,0.4967,0.0,0.4166,0.0,0.0,0.0867
116,Rosa,unknown,KL,6.416,0.0,0.9996,0.0,0.0004,0.0,0.0,0.0
116,Rosa,unknown,KW,3.719,0.0,0.9744,0.0,0.0256,0.0,0.0,0.0
116,Rosa,unknown,AC,2.248,0.5813,0.0,0.0,0.3094,0.0,0.0,0.1093
116,Rosa,unknown,KG,6.163,0.0,0.9997,0.0,0.0003,0.0,0.0,0.0
117,Rosa,unknown,A,18.96,0.0,0.9996,0.0,0.0004,0.0,0.0,0.0
117,Rosa,unknown,P,16.2,0.0,0.9978,0.0,0.0022,0.0,0.0,0.0
117,Rosa,unknown,C,0.9077,0.0,0.4939,0.0,0.4716,0.0,0.0,0.0345
117,Rosa,unknown,KL,6.051,0.0,0.9364,0.0,0.0636,0.0,0.0,0.0
117,Rosa,unknown,KW,3.897,0.0,0.9981,0.0,0.0019,0.0,0.0,0.0
117,Rosa,unknown,AC,4.334,0.0,0.0,0.4255,0.0,0.0,0.3857,0.1888
117,Rosa,unknown,KG,5.75,0.0,0.9303,0.0,0.0678,0.0,0.0,0.0019
118,Rosa,unknown,A,19.15,0.0,0.9998,0.0,0.0002,0.0,0.0,0.0
118,Rosa,unknown,P,16.45,0.0,0.9996,0.0,0.0004,0.0,0.0,0.0
118,Rosa,unknown,C,0.889,0.0,0.5087,0.0,0.4202,0.0,0.0,0.0711
118,Rosa,unknown,KL,6.245,0.0,0.9947,0.0,0.0053,0.0,0.0,0.0
118,Rosa,unknown,KW,3.815,0.0,0.9935,0.0,0.0065,0.0,0.0,0.0
118,Rosa,unknown,AC,3.084,0.4155,0.0,0.0,0.3757,0.0,0.0,0.2088
118,Rosa,unknown,KG,6.185,0.0,0.9998,0.0,0.0002,0.0,0.0,0.0
119,Rosa,unknown,A,18.89,0.0,0.9994,0.0,0.0006,0.0,0.0,0.0
119,Rosa,unknown,P,16.23,0.0,0.9982,0.0,0.0018,0.0,0.0,0.0
119,Rosa,unknown,C,0.9008,0.0,0.5132,0.0,0.4445,0.0,0.0,0.0423
119,Rosa,unknown,KL,6.227,0.0,0.9932,0.0,0.0068,0.0,0.0,0.0
119,Rosa,unknown,KW,3.769,0.0,0.9874,0.0,0.0126,0.0,0.0,0.0
119,Rosa,unknown,AC,3.639,0.0,0.396,0.0,0.306,0.0,0.0,0.298
119,Rosa,unknown,KG,5.966,0.0,0.9959,0.0,0.0041,0.0,0.0,0.0
120,Rosa,unknown,A,20.03,0.0,1.0,0.0,0.0,0.0,0.0,0.0
120,Rosa,unknown,P,16.9,0.0,1.0,0.0,0.0,0.0,0.0,0.0
120,Rosa,unknown,C,0.8811,0.0,0.4748,0.0,0.413,0.0,0.0,0.1122
120,Rosa,unknown,KL,6.493,0.0,0.9999,0.0,0.0001,0.0,0.0,0.0
120,Rosa,unknown,KW,3.857,0.0,0.9965,0.0,0.0035,0.0,0.0,0.0
120,Rosa,unknown,AC,3.063,0.4198,0.0,0.0,0.3744,0.0,0.0,0.2058
120,Rosa,unknown,KG,6.32,0.0,1.0,0.0,0.0,0.0,0.0,0.0
121,Rosa,unknown,A,20.24,0.0,1.0,0.0,0.0,0.0,0.0,0.0
121,Rosa,unknown,P,16.91,0.0,1.0,0.0,0.0,0.0,0.0,0.0
121,Rosa,unknown,C,0.8897,0.0,0.5105,0.0,0.421,0.0,0.0,0.0685
121,Rosa,unknown,KL,6.315,0.0,0.998,0.0,0.002,0.0,0.0,0.0
121,Rosa,unknown,KW,3.962,0.0,0.9993,0.0,0.0007,0.0,0.0,0.0
121,Rosa,unknown,AC,5.901,0.0,0.0,0.6928,0.0,0.0,0.2627,0.0445
121,Rosa,unknown,KG,6.188,0.0,0.9998,0.0,0.0002,0.0,0.0,0.0
122,Rosa,unknown,A,18.14,0.0,0.9945,0.0,0.0055,0.0,0.0,0.0
122,Rosa,unknown,P,16.12,0.0,0.9964,0.0,0.0036,0.0,0.0,0.0
122,Rosa,unknown,C,0.8772,0.0,0.4469,0.0,0.409,0.0,0.0,0.1441
122,Rosa,unknown,KL,6.059,0.0,0.942,0.0,0.058,0.0,0.0,0.0
122,Rosa,unknown,KW,3.563,0.0,0.8117,0.0,0.1883,0.0,0.0,0.0
122,Rosa,unknown,AC,3.619,0.0,0.3956,0.0,0.3098,0.0,0.0,0.2946
122,Rosa,unknown,KG,6.011,0.0,0.9977,0.0,0.0023,0.0,0.0,0.0
123,Rosa,unknown,A,16.17,0.5003,0.0,0.0,0.4997,0.0,0.0,0.0
123,Rosa,unknown,P,15.38,0.0,0.7689,0.0,0.2311,0.0,0.0,0.0
123,Rosa,unknown,C,0.8588,0.0,0.0,0.4724,0.0,0.3122,0.0,0.2154
123,Rosa,unknown,KL,5.762,0.621,0.0,0.0,0.3768,0.0,0.0,0.0022
123,Rosa,unknown,KW,3.387,0.7051,0.0,0.0,0.294,0.0,0.0,0.0009
123,Rosa,unknown,AC,4.286,0.0,0.0,0.4165,0.0,0.0,0.3876,0.1959
123,Rosa,unknown,KG,5.703,0.0,0.8755,0.0,0.1185,0.0,0.0,0.006
124,Rosa,unknown,A,18.43,0.0,0.9977,0.0,0.0023,0.0,0.0,0.0
124,Rosa,unknown,P,15.97,0.0,0.9907,0.0,0.0093,0.0,0.0,0.0
124,Rosa,unknown,C,0.9077,0.0,0.4939,0.0,0.4716,0.0,0.0,0.0345
124,Rosa,unknown,KL,5.98,0.0,0.8629,0.0,0.1371,0.0,0.0,0.0
124,Rosa,unknown,KW,3.771,0.0,0.9877,0.0,0.0123,0.0,0.0,0.0
124,Rosa,unknown,AC,2.984,0.4358,0.0,0.0,0.3696,0.0,0.0,0.1946
124,Rosa,unknown,KG,5.905,0.0,0.9907,0.0,0.0093,0.0,0.0,0.0
125,Rosa,unknown,A,15.99,0.6023,0.0,0.0,0.3977,0.0,0.0,0.0
125,Rosa,unknown,P,14.89,0.7969,0.0,0.0,0.2031,0.0,0.0,0.0
125,Rosa,unknown,C,0.9064,0.0,0.4987,0.0,0.4657,0.0,0.0,0.0356
125,Rosa,unknown,KL,5.363,0.0,0.0,0.5489,0.0,0.4406,0.0,0.0105
125,Rosa,unknown,KW,3.582,0.0,0.8483,0.0,0.1517,0.0,0.0,0.0
125,Rosa,unknown,AC,3.336,0.0,0.3878,0.0,0.3648,0.0,0.0,0.2474
125,Rosa,unknown,KG,5.144,0.0,0.0,0.6177,0.0,0.3803,0.0,0.002
126,Rosa,unknown,A,18.75,0.0,0.9991,0.0,0.0009,0.0,0.0,0.0
126,Rosa,unknown,P,16.18,0.0,0.9975,0.0,0.0025,0.0,0.0,0.0
126,Rosa,unknown,C,0.8999,0.0,0.5145,0.0,0.4418,0.0,0.0,0.0437
126,Rosa,unknown,KL,6.111,0.0,0.9689,0.0,0.0311,0.0,0.0,0.0
126,Rosa,unknown,KW,3.869,0.0,0.9971,0.0,0.0029,0.0,0.0,0.0
126,Rosa,unknown,AC,4.188,0.0,0.0,0.398,0.0,0.0,0.3911,0.2109
126,Rosa,unknown,KG,5.992,0.0,0.9971,0.0,0.0029,0.0,0.0,0.0
127,Rosa,unknown,A,18.65,0.0,0.9988,0.0,0.0012,0.0,0.0,0.0
127,Rosa,unknown,P,16.41,0.0,0.9995,0.0,0.0005,0.0,0.0,0.0
127,Rosa,unknown,C,0.8698,0.3916,0.0,0.0,0.3717,0.0,0.0,0.2367
127,Rosa,unknown,KL,6.285,0.0,0.997,0.0,0.003,0.0,0.0,0.0
127,Rosa,unknown,KW,3.594,0.0,0.8683,0.0,0.1317,0.0,0.0,0.0
127,Rosa,unknown,AC,4.391,0.0,0.0,0.4362,0.0,0.0,0.3832,0.1806
127,Rosa,unknown,KG,6.102,0.0,0.9993,0.0,0.0007,0.0,0.0,0.0
128,Rosa,unknown,A,17.98,0.0,0.9912,0.0,0.0088,0.0,0.0,0.0
128,Rosa,unknown,P,15.85,0.0,0.9808,0.0,0.0192,0.0,0.0,0.0
128,Rosa,unknown,C,0.8993,0.0,0.5154,0.0,0.44,0.0,0.0,0.0446
128,Rosa,unknown,KL,5.979,0.0,0.8616,0.0,0.1384,0.0,0.0,0.0
128,Rosa,unknown,KW,3.687,0.0,0.9602,0.0,0.0398,0.0,0.0,0.0
128,Rosa,unknown,AC,2.257,0.5796,0.0,0.0,0.3103,0.0,0.0,0.1101
128,Rosa,unknown,KG,5.919,0.0,0.9923,0.0,0.0077,0.0,0.0,0.0
129,Rosa,unknown,A,20.16,0.0,1.0,0.0,0.0,0.0,0.0,0.0
129,Rosa,unknown,P,17.03,0.0,1.0,0.0,0.0,0.0,0.0,0.0
129,Rosa,unknown,C,0.8735,0.0,0.413,0.0,0.4026,0.0,0.0,0.1844
129,Rosa,unknown,KL,6.513,0.0,0.9999,0.0,0.0001,0.0,0.0,0.0
129,Rosa,unknown,KW,3.773,0.0,0.9881,0.0,0.0119,0.0,0.0,0.0
129,Rosa,unknown,AC,1.91,0.6417,0.0,0.0,0.2768,0.0,0.0,0.0815
129,Rosa,unknown,KG,6.185,0.0,0.9998,0.0,0.0002,0.0,0.0,0.0
130,Rosa,unknown,A,17.55,0.0,0.9709,0.0,0.0291,0.0,0.0,0.0
130,Rosa,unknown,P,15.66,0.0,0.9425,0.0,0.0575,0.0,0.0,0.0
130,Rosa,unknown,C,0.8991,0.0,0.5155,0.0,0.4395,0.0,0.0,0.045
130,Rosa,unknown,KL,5.791,0.5521,0.0,0.0,0.4468,0.0,0.0,0.0011
130,Rosa,unknown,KW,3.69,0.0,0.9618,0.0,0.0382,0.0,0.0,0.0
130,Rosa,unknown,AC,5.366,0.0,0.0,0.6111,0.0,0.0,0.3125,0.0764
130,Rosa,unknown,KG,5.661,0.0,0.7972,0.0,0.1873,0.0,0.0,0.0155
131,Rosa,unknown,A,18.3,0.0,0.9966,0.0,0.0034,0.0,0.0,0.0
131,Rosa,unknown,P,15.89,0.0,0.9849,0.0,0.0151,0.0,0.0,0.0
131,Rosa,unknown,C,0.9108,0.4874,0.0,0.0,0.4804,0.0,0.0,0.0322
131,Rosa,unknown,KL,5.979,0.0,0.8616,0.0,0.1384,0.0,0.0,0.0
131,Rosa,unknown,KW,3.755,0.0,0.9846,0.0,0.0154,0.0,0.0,0.0
131,Rosa,unknown,AC,2.837,0.4657,0.0,0.0,0.3596,0.0,0.0,0.1747
131,Rosa,unknown,KG,5.962,0.0,0.9956,0.0,0.0044,0.0,0.0,0.0
132,Rosa,unknown,A,18.94,0.0,0.9995,0.0,0.0005,0.0,0.0,0.0
132,Rosa,unknown,P,16.32,0.0,0.999,0.0,0.001,0.0,0.0,0.0
132,Rosa,unknown,C,0.8942,0.0,0.5169,0.0,0.428,0.0,0.0,0.0551
132,Rosa,unknown,KL,6.144,0.0,0.9795,0.0,0.0205,0.0,0.0,0.0
132,Rosa,unknown,KW,3.825,0.0,0.9944,0.0,0.0056,0.0,0.0,0.0
132,Rosa,unknown,AC,2.908,0.4513,0.0,0.0,0.3646,0.0,0.0,0.1841
132,Rosa,unknown,KG,5.949,0.0,0.9948,0.0,0.0052,0.0,0.0,0.0
133,Rosa,unknown,A,15.38,0.851,0.0,0.0,0.149,0.0,0.0,0.0
133,Rosa,unknown,P,14.9,0.7887,0.0,0.0,0.2113,0.0,0.0,0.0
133,Rosa,unknown,C,0.8706,0.3945,0.0,0.0,0.3812,0.0,0.0,0.2243
133,Rosa,unknown,KL,5.884,0.0,0.6813,0.0,0.3186,0.0,0.0,0.0001
133,Rosa,unknown,KW,3.268,0.9023,0.0,0.0,0.0834,0.0,0.0,0.0143
133,Rosa,unknown,AC,4.462,0.0,0.0,0.4496,0.0,0.0,0.3797,0.1707
133,Rosa,unknown,KG,5.795,0.0,0.9607,0.0,0.0387,0.0,0.0,0.0006
134,Rosa,unknown,A,16.16,0.5061,0.0,0.0,0.4939,0.0,0.0,0.0
134,Rosa,unknown,P,15.33,0.0,0.7164,0.0,0.2836,0.0,0.0,0.0
134,Rosa,unknown,C,0.8644,0.3626,0.0,0.0,0.0,0.3382,0.0,0.2992
134,Rosa,unknown,KL,5.845,0.0,0.5849,0.0,0.4149,0.0,0.0,0.0002
134,Rosa,unknown,KW,3.395,0.6833,0.0,0.0,0.316,0.0,0.0,0.0007
134,Rosa,unknown,AC,4.266,0.0,0.0,0.4127,0.0,0.0,0.3884,0.1989
134,Rosa,unknown,KG,5.795,0.0,0.9607,0.0,0.0387,0.0,0.0,0.0006
135,Rosa,unknown,A,15.56,0.7962,0.0,0.0,0.2038,0.0,0.0,0.0
135,Rosa,unknown,P,14.89,0.7969,0.0,0.0,0.2031,0.0,0.0,0.0
135,Rosa,unknown,C,0.8823,0.0,0.4818,0.0,0.414,0.0,0.0,0.1042
135,Rosa,unknown,KL,5.776,0.5886,0.0,0.0,0.4099,0.0,0.0,0.0015
135,Rosa,unknown,KW,3.408,0.646,0.0,0.0,0.3535,0.0,0.0,0.0005
135,Rosa,unknown,AC,4.972,0.0,0.0,0.5435,0.0,0.0,0.346,0.1105
135,Rosa,unknown,KG,5.847,0.0,0.9801,0.0,0.0198,0.0,0.0,0.0001
136,Rosa,unknown,A,15.38,0.851,0.0,0.0,0.149,0.0,0.0,0.0
136,Rosa,unknown,P,14.66,0.9221,0.0,0.0,0.0776,0.0,0.0,0.0003
136,Rosa,unknown,C,0.899,0.0,0.5157,0.0,0.4392,0.0,0.0,0.0451
136,Rosa,unknown,KL,5.477,0.7056,0.0,0.0,0.0,0.2575,0.0,0.0369
136,Rosa,unknown,KW,3.465,0.0,0.536,0.0,0.4639,0.0,0.0,0.0001
136,Rosa,unknown,AC,3.6,0.0,0.3953,0.0,0.3134,0.0,0.0,0.2913
136,Rosa,unknown,KG,5.439,0.5411,0.0,0.0,0.0,0.3313,0.0,0.1276
137,Rosa,unknown,A,17.36,0.0,0.9521,0.0,0.0479,0.0,0.0,0.0
137,Rosa,unknown,P,15.76,0.0,0.9674,0.0,0.0326,0.0,0.0,0.0
137,Rosa,unknown,C,0.8785,0.0,0.4571,0.0,0.4105,0.0,0.0,0.1324
137,Rosa,unknown,KL,6.145,0.0,0.9798,0.0,0.0202,0.0,0.0,0.0
137,Rosa,unknown,KW,3.574,0.0,0.8336,0.0,0.1664,0.0,0.0,0.0
137,Rosa,unknown,AC,3.526,0.0,0.3938,0.0,0.3276,0.0,0.0,0.2786
137,Rosa,unknown,KG,5.971,0.0,0.9961,0.0,0.0039,0.0,0.0,0.0
138,Rosa,unknown,A,15.57,0.7927,0.0,0.0,0.2073,0.0,0.0,0.0
138,Rosa,unknown,P,15.15,0.5098,0.0,0.0,0.4902,0.0,0.0,0.0
138,Rosa,unknown,C,0.8527,0.0,0.0,0.6332,0.0,0.2372,0.0,0.1296
138,Rosa,unknown,KL,5.92,0.0,0.7606,0.0,0.2394,0.0,0.0,0.0
138,Rosa,unknown,KW,3.231,0.9163,0.0,0.0,0.0537,0.0,0.0,0.03
138,Rosa,unknown,AC,2.64,0.5053,0.0,0.0,0.3443,0.0,0.0,0.1504
138,Rosa,unknown,KG,5.879,0.0,0.9869,0.0,0.013,0.0,0.0,0.0001
139,Rosa,unknown,A,15.6,0.782,0.0,0.0,0.218,0.0,0.0,0.0
139,Rosa,unknown,P,15.11,0.5618,0.0,0.0,0.4382,0.0,0.0,0.0
139,Rosa,unknown,C,0.858,0.0,0.0,0.4932,0.0,0.3033,0.0,0.2035
139,Rosa,unknown,KL,5.832,0.0,0.5515,0.0,0.4481,0.0,0.0,0.0004
139,Rosa,unknown,KW,3.286,0.8875,0.0,0.0,0.1027,0.0,0.0,0.0098
139,Rosa,unknown,AC,2.725,0.4883,0.0,0.0,0.3511,0.0,0.0,0.1606
139,Rosa,unknown,KG,5.752,0.0,0.932,0.0,0.0662,0.0,0.0,0.0018
140,Rosa,unknown,A,16.23,0.0,0.5347,0.0,0.4653,0.0,0.0,0.0
140,Rosa,unknown,P,15.18,0.0,0.5298,0.0,0.4702,0.0,0.0,0.0
140,Rosa,unknown,C,0.885,0.0,0.4951,0.0,0.4162,0.0,0.0,0.0887
140,Rosa,unknown,KL,5.872,0.0,0.6525,0.0,0.3474,0.0,0.0,0.0001
140,Rosa,unknown,KW,3.472,0.0,0.559,0.0,0.4409,0.0,0.0,0.0001
140,Rosa,unknown,AC,3.769,0.0,0.397,0.0,0.0,0.0,0.321,0.282
140,Rosa,unknown,KG,5.922,0.0,0.9926,0.0,0.0074,0.0,0.0,0.0
141,Canadian,unknown,A,13.07,0.5983,0.0,0.0,0.0,0.3997,0.0,0.002
141,Canadian,unknown,P,13.92,0.7799,0.0,0.0,0.0,0.2173,0.0,0.0028
141,Canadian,unknown,C,0.848,0.0,0.0,0.7466,0.0,0.1754,0.0,0.078
141,Canadian,unknown,KL,5.472,0.6951,0.0,0.0,0.0,0.2698,0.0,0.0351
141,Canadian,unknown,KW,2.994,0.0,0.0,0.6675,0.0,0.3313,0.0,0.0012
141,Canadian,unknown,AC,5.304,0.0,0.0,0.6009,0.0,0.0,0.318,0.0811
141,Canadian,unknown,KG,5.395,0.5172,0.0,0.0,0.0,0.4137,0.0,0.0691
142,Canadian,unknown,A,13.32,0.7829,0.0,0.0,0.0,0.2134,0.0,0.0037
142,Canadian,unknown,P,13.94,0.803,0.0,0.0,0.0,0.1938,0.0,0.0032
142,Canadian,unknown,C,0.8613,0.0,0.0,0.4094,0.0,0.3374,0.0,0.2532
142,Canadian,unknown,KL,5.541,0.8053,0.0,0.0,0.0,0.1259,0.0,0.0688
142,Canadian,unknown,KW,3.073,0.6345,0.0,0.0,0.0,0.3599,0.0,0.0056
142,Canadian,unknown,AC,7.035,0.0,0.0,0.8229,0.0,0.0,0.1645,0.0126
142,Canadian,unknown,KG,5.44,0.5414,0.0,0.0,0.0,0.3293,0.0,0.1293
143,Canadian,unknown,A,13.34,0.7952,0.0,0.0,0.0,0.201,0.0,0.0038
143,Canadian,unknown,P,13.95,0.8141,0.0,0.0,0.0,0.1826,0.0,0.0033
143,Canadian,unknown,C,0.862,0.0,0.0,0.3926,0.0,0.3437,0.0,0.2637
143,Canadian,unknown,KL,5.389,0.5,0.0,0.0,0.0,0.4859,0.0,0.0141
143,Canadian,unknown,KW,3.074,0.6383,0.0,0.0,0.0,0.356,0.0,0.0057
143,Canadian,unknown,AC,5.995,0.0,0.0,0.7059,0.0,0.0,0.2538,0.0403
143,Canadian,unknown,KG,5.307,0.0,0.0,0.5352,0.0,0.4456,0.0,0.0192
144,Canadian,unknown,A,12.22,0.0,0.0,0.8836,0.0,0.1163,0.0,0.0001
144,Canadian,unknown,P,13.32,0.0,0.0,0.8878,0.0,0.1121,0.0,0.0001
144,Canadian,unknown,C,0.8652,0.3681,0.0,0.0,0.0,0.3212,0.0,0.3107
144,Canadian,unknown,KL,5.224,0.0,0.0,0.7716,0.0,0.226,0.0,0.0024
144,Canadian,unknown,KW,2.967,0.0,0.0,0.7515,0.0,0.2478,0.0,0.0007
144,Canadian,unknown,AC,5.469,0.0,0.0,0.6278,0.0,0.0,0.3031,0.0691
144,Canadian,unknown,KG,5.221,0.0,0.0,0.599,0.0,0.3954,0.0,0.0056
145,Canadian,unknown,A,11.82,0.0,0.0,0.9449,0.0,0.0551,0.0,0.0
145,Canadian,unknown,P,13.4,0.0,0.0,0.8496,0.0,0.1503,0.0,0.0001
145,Canadian,unknown,C,0.8274,0.0,0.0,0.9749,0.0,0.0221,0.0,0.003
145,Canadian,unknown,KL,5.314,0.0,0.0,0.6499,0.0,0.344,0.0,0.0061
145,Canadian,unknown,KW,2.777,0.0,0.0,0.9744,0.0,0.0256,0.0,0.0
145,Canadian,unknown,AC,4.471,0.0,0.0,0.4513,0.0,0.0,0.3792,0.1695
145,Canadian,unknown,KG,5.178,0.0,0.0,0.6135,0.0,0.3833,0.0,0.0032
146,Canadian,unknown,A,11.21,0.0,0.0,0.9754,0.0,0.0246,0.0,0.0
146,Canadian,unknown,P,13.13,0.0,0.0,0.9389,0.0,0.0611,0.0,0.0
146,Canadian,unknown,C,0.8167,0.0,0.0,0.9942,0.0,0.0055,0.0,0.0003
146,Canadian,unknown,KL,5.279,0.0,0.0,0.7066,0.0,0.2893,0.0,0.0041
146,Canadian,unknown,KW,2.687,0.0,0.0,0.9903,0.0,0.0097,0.0,0.0
146,Canadian,unknown,AC,6.169,0.0,0.0,0.7289,0.0,0.0,0.2377,0.0334
146,Canadian,unknown,KG,5.275,0.0,0.0,0.5647,0.0,0.4232,0.0,0.0121
147,Canadian,unknown,A,11.43,0.0,0.0,0.9687,0.0,0.0313,0.0,0.0
147,Canadian,unknown,P,13.13,0.0,0.0,0.9389,0.0,0.0611,0.0,0.0
147,Canadian,unknown,C,0.8335,0.0,0.0,0.9458,0.0,0.0451,0.0,0.0091
147,Canadian,unknown,KL,5.176,0.0,0.0,0.8089,0.0,0.1895,0.0,0.0016
147,Canadian,unknown,KW,2.719,0.0,0.0,0.9865,0.0,0.0135,0.0,0.0
147,Canadian,unknown,AC,2.221,0.5863,0.0,0.0,0.3069,0.0,0.0,0.1068
147,Canadian,unknown,KG,5.132,0.0,0.0,0.6176,0.0,0.3807,0.0,0.0017
148,Canadian,unknown,A,12.49,0.0,0.0,0.7954,0.0,0.2043,0.0,0.0003
148,Canadian,unknown,P,13.46,0.0,0.0,0.8111,0.0,0.1888,0.0,0.0001
148,Canadian,unknown,C,0.8658,0.3719,0.0,0.0,0.3191,0.0,0.0,0.309
148,Canadian,unknown,KL,5.267,0.0,0.0,0.7231,0.0,0.2732,0.0,0.0037
148,Canadian,unknown,KW,2.967,0.0,0.0,0.7515,0.0,0.2478,0.0,0.0007
148,Canadian,unknown,AC,4.421,0.0,0.0,0.4418,0.0,0.0,0.3818,0.1764
148,Canadian,unknown,KG,5.002,0.0,0.0,0.5668,0.0,0.4328,0.0,0.0004
149,Canadian,unknown,A,12.7,0.0,0.0,0.6836,0.0,0.3158,0.0,0.0006
149,Canadian,unknown,P,13.71,0.0,0.0,0.527,0.0,0.4722,0.0,0.0008
149,Canadian,unknown,C,0.8491,0.0,0.0,0.7218,0.0,0.1896,0.0,0.0886
149,Canadian,unknown,KL,5.386,0.0,0.0,0.4934,0.0,0.4929,0.0,0.0137
149,Canadian,unknown,KW,2.911,0.0,0.0,0.8718,0.0,0.128,0.0,0.0002
149,Canadian,unknown,AC,3.26,0.0,0.3846,0.0,0.38,0.0,0.0,0.2354
149,Canadian,unknown,KG,5.316,0.0,0.0,0.5256,0.0,0.4526,0.0,0.0218
150,Canadian,unknown,A,10.79,0.0,0.0,0.9814,0.0,0.0186,0.0,0.0
150,Canadian,unknown,P,12.93,0.0,0.0,0.9618,0.0,0.0382,0.0,0.0
150,Canadian,unknown,C,0.8107,0.0,0.0,0.9975,0.0,0.0024,0.0,0.0001
150,Canadian,unknown,KL,5.317,0.0,0.0,0.6444,0.0,0.3493,0.0,0.0063
150,Canadian,unknown,KW,2.648,0.0,0.0,0.9934,0.0,0.0066,0.0,0.0
150,Canadian,unknown,AC,5.462,0.0,0.0,0.6267,0.0,0.0,0.3037,0.0696
150,Canadian,unknown,KG,5.194,0.0,0.0,0.6094,0.0,0.3867,0.0,0.0039
151,Canadian,unknown,A,11.83,0.0,0.0,0.944,0.0,0.056,0.0,0.0
151,Canadian,unknown,P,13.23,0.0,0.0,0.9174,0.0,0.0826,0.0,0.0
151,Canadian,unknown,C,0.8496,0.0,0.0,0.7101,0.0,0.1961,0.0,0.0938
151,Canadian,unknown,KL,5.263,0.0,0.0,0.7283,0.0,0.2682,0.0,0.0035
151,Canadian,unknown,KW,2.84,0.0,0.0,0.9462,0.0,0.0538,0.0,0.0
151,Canadian,unknown,AC,5.195,0.0,0.0,0.5824,0.0,0.0,0.3276,0.09
151,Canadian,unknown,KG,5.307,0.0,0.0,0.5352,0.0,0.4456,0.0,0.0192
152,Canadian,unknown,A,12.01,0.0,0.0,0.9228,0.0,0.0771,0.0,0.0001
152,Canadian,unknown,P,13.52,0.0,0.0,0.762,0.0,0.2378,0.0,0.0002
152,Canadian,unknown,C,0.8249,0.0,0.0,0.982,0.0,0.0162,0.0,0.0018
152,Canadian,unknown,KL,5.405,0.5383,0.0,0.0,0.0,0.4448,0.0,0.0169
152,Canadian,unknown,KW,2.776,0.0,0.0,0.9747,0.0,0.0253,0.0,0.0
152,Canadian,unknown,AC,6.992,0.0,0.0,0.819,0.0,0.0,0.1678,0.0132
152,Canadian,unknown,KG,5.27,0.0,0.0,0.5688,0.0,0.42,0.0,0.0112
153,Canadian,unknown,A,12.26,0.0,0.0,0.8736,0.0,0.1262,0.0,0.0002
153,Canadian,unknown,P,13.6,0.0,0.0,0.6775,0.0,0.3221,0.0,0.0004
153,Canadian,unknown,C,0.8333,0.0,0.0,0.9471,0.0,0.0441,0.0,0.0088
153,Canadian,unknown,KL,5.408,0.5455,0.0,0.0,0.0,0.437,0.0,0.0175
153,Canadian,unknown,KW,2.833,0.0,0.0,0.9506,0.0,0.0494,0.0,0.0
153,Canadian,unknown,AC,4.756,0.0,0.0,0.5043,0.0,0.0,0.362,0.1337
153,Canadian,unknown,KG,5.36,0.489,0.0,0.0,0.0,0.4694,0.0,0.0416
154,Canadian,unknown,A,11.18,0.0,0.0,0.976,0.0,0.024,0.0,0.0
154,Canadian,unknown,P,13.04,0.0,0.0,0.9517,0.0,0.0483,0.0,0.0
154,Canadian,unknown,C,0.8266,0.0,0.0,0.9773,0.0,0.0201,0.0,0.0026
154,Canadian,unknown,KL,5.22,0.0,0.0,0.7753,0.0,0.2224,0.0,0.0023
154,Canadian,unknown,KW,2.693,0.0,0.0,0.9897,0.0,0.0103,0.0,0.0
154,Canadian,unknown,AC,3.332,0.0,0.3877,0.0,0.3656,0.0,0.0,0.2467
154,Canadian,unknown,KG,5.001,0.0,0.0,0.5661,0.0,0.4335,0.0,0.0004
155,Canadian,unknown,A,11.36,0.0,0.0,0.9712,0.0,0.0288,0.0,0.0
155,Canadian,unknown,P,13.05,0.0,0.0,0.9505,0.0,0.0495,0.0,0.0
155,Canadian,unknown,C,0.8382,0.0,0.0,0.9058,0.0,0.0743,0.0,0.0199
155,Canadian,unknown,KL,5.175,0.0,0.0,0.8095,0.0,0.1889,0.0,0.0016
155,Canadian,unknown,KW,2.755,0.0,0.0,0.98,0.0,0.02,0.0,0.0
155,Canadian,unknown,AC,4.048,0.0,0.3947,0.0,0.0,0.0,0.3719,0.2334
155,Canadian,unknown,KG,5.263,0.0,0.0,0.574,0.0,0.4158,0.0,0.0102
156,Canadian,unknown,A,11.19,0.0,0.0,0.9758,0.0,0.0242,0.0,0.0
156,Canadian,unknown,P,13.05,0.0,0.0,0.9505,0.0,0.0495,0.0,0.0
156,Canadian,unknown,C,0.8253,0.0,0.0,0.9809,0.0,0.0171,0.0,0.002
156,Canadian,unknown,KL,5.25,0.0,0.0,0.7442,0.0,0.2527,0.0,0.0031
156,Canadian,unknown,KW,2.675,0.0,0.0,0.9914,0.0,0.0086,0.0,0.0
156,Canadian,unknown,AC,5.813,0.0,0.0,0.6803,0.0,0.0,0.2709,0.0488
156,Canadian,unknown,KG,5.219,0.0,0.0,0.5999,0.0,0.3946,0.0,0.0055
157,Canadian,unknown,A,11.34,0.0,0.0,0.9718,0.0,0.0282,0.0,0.0
157,Canadian,unknown,P,12.87,0.0,0.0,0.9655,0.0,0.0345,0.0,0.0
157,Canadian,unknown,C,0.8596,0.0,0.0,0.4518,0.0,0.3207,0.0,0.2275
157,Canadian,unknown,KL,5.053,0.0,0.0,0.849,0.0,0.1503,0.0,0.0007
157,Canadian,unknown,KW,2.849,0.0,0.0,0.94,0.0,0.06,0.0,0.0
157,Canadian,unknown,AC,3.347,0.0,0.3883,0.0,0.3626,0.0,0.0,0.2491
157,Canadian,unknown,KG,5.003,0.0,0.0,0.5676,0.0,0.432,0.0,0.0004
158,Canadian,unknown,A,12.13,0.0,0.0,0.9028,0.0,0.0971,0.0,0.0001
158,Canadian,unknown,P,13.73,0.5027,0.0,0.0,0.0,0.4964,0.0,0.0009
158,Canadian,unknown,C,0.8081,0.0,0.0,0.9984,0.0,0.0016,0.0,0.0
158,Canadian,unknown,KL,5.394,0.5118,0.0,0.0,0.0,0.4732,0.0,0.015
158,Canadian,unknown,KW,2.745,0.0,0.0,0.9821,0.0,0.0179,0.0,0.0
158,Canadian,unknown,AC,4.825,0.0,0.0,0.5169,0.0,0.0,0.3571,0.126
158,Canadian,unknown,KG,5.22,0.0,0.0,0.5994,0.0,0.395,0.0,0.0056
159,Canadian,unknown,A,11.75,0.0,0.0,0.9509,0.0,0.0491,0.0,0.0
159,Canadian,unknown,P,13.52,0.0,0.0,0.762,0.0,0.2378,0.0,0.0002
159,Canadian,unknown,C,0.8082,0.0,0.0,0.9983,0.0,0.0017,0.0,0.0
159,Canadian,unknown,KL,5.444,0.6322,0.0,0.0,0.0,0.3417,0.0,0.0261
159,Canadian,unknown,KW,2.678,0.0,0.0,0.9911,0.0,0.0089,0.0,0.0
159,Canadian,unknown,AC,4.378,0.0,0.0,0.4337,0.0,0.0,0.3838,0.1825
159,Canadian,unknown,KG,5.31,0.0,0.0,0.5321,0.0,0.4479,0.0,0.02
160,Canadian,unknown,A,11.49,0.0,0.0,0.9663,0.0,0.0337,0.0,0.0
160,Canadian,unknown,P,13.22,0.0,0.0,0.92,0.0,0.08,0.0,0.0
160,Canadian,unknown,C,0.8263,0.0,0.0,0.9783,0.0,0.0193,0.0,0.0024
160,Canadian,unknown,KL,5.304,0.0,0.0,0.6675,0.0,0.3271,0.0,0.0054
160,Canadian,unknown,KW,2.695,0.0,0.0,0.9895,0.0,0.0105,0.0,0.0
160,Canadian,unknown,AC,5.388,0.0,0.0,0.6147,0.0,0.0,0.3105,0.0748
160,Canadian,unknown,KG,5.31,0.0,0.0,0.5321,0.0,0.4479,0.0,0.02
161,Canadian,unknown,A,12.54,0.0,0.0,0.7725,0.0,0.2271,0.0,0.0004
161,Canadian,unknown,P,13.67,0.0,0.0,0.5857,0.0,0.4137,0.0,0.0006
161,Canadian,unknown,C,0.8425,0.0,0.0,0.8499,0.0,0.1121,0.0,0.038
161,Canadian,unknown,KL,5.451,0.6486,0.0,0.0,0.0,0.3233,0.0,0.0281
161,Canadian,unknown,KW,2.879,0.0,0.0,0.9134,0.0,0.0865,0.0,0.0001
161,Canadian,unknown,AC,3.082,0.416,0.0,0.0,0.3755,0.0,0.0,0.2085
161,Canadian,unknown,KG,5.491,0.5304,0.0,0.0,0.2455,0.0,0.0,0.2241
162,Canadian,unknown,A,12.02,0.0,0.0,0.9213,0.0,0.0786,0.0,0.0001
162,Canadian,unknown,P,13.33,0.0,0.0,0.8837,0.0,0.1162,0.0,0.0001
162,Canadian,unknown,C,0.8503,0.0,0.0,0.6934,0.0,0.2053,0.0,0.1013
162,Canadian,unknown,KL,5.35,0.0,0.0,0.578,0.0,0.4129,0.0,0.0091
162,Canadian,unknown,KW,2.81,0.0,0.0,0.9624,0.0,0.0376,0.0,0.0
162,Canadian,unknown,AC,4.271,0.0,0.0,0.4136,0.0,0.0,0.3882,0.1982
162,Canadian,unknown,KG,5.308,0.0,0.0,0.5342,0.0,0.4464,0.0,0.0194
163,Canadian,unknown,A,12.05,0.0,0.0,0.9167,0.0,0.0832,0.0,0.0001
163,Canadian,unknown,P,13.41,0.0,0.0,0.8439,0.0,0.156,0.0,0.0001
163,Canadian,unknown,C,0.8416,0.0,0.0,0.8634,0.0,0.1033,0.0,0.0333
163,Canadian,unknown,KL,5.267,0.0,0.0,0.7231,0.0,0.2732,0.0,0.0037
163,Canadian,unknown,KW,2.847,0.0,0.0,0.9415,0.0,0.0585,0.0,0.0
163,Canadian,unknown,AC,4.988,0.0,0.0,0.5462,0.0,0.0,0.3448,0.109
163,Canadian,unknown,KG,5.046,0.0,0.0,0.5945,0.0,0.4049,0.0,0.0006
164,Canadian,unknown,A,12.55,0.0,0.0,0.7677,0.0,0.2319,0.0,0.0004
164,Canadian,unknown,P,13.57,0.0,0.0,0.7118,0.0,0.2879,0.0,0.0003
164,Canadian,unknown,C,0.8558,0.0,0.0,0.5515,0.0,0.2771,0.0,0.1714
164,Canadian,unknown,KL,5.333,0.0,0.0,0.6137,0.0,0.3788,0.0,0.0075
164,Canadian,unknown,KW,2.968,0.0,0.0,0.7487,0.0,0.2506,0.0,0.0007
164,Canadian,unknown,AC,4.419,0.0,0.0,0.4415,0.0,0.0,0.3818,0.1767
164,Canadian,unknown,KG,5.176,0.0,0.0,0.6139,0.0,0.383,0.0,0.0031
165,Canadian,unknown,A,11.14,0.0,0.0,0.9769,0.0,0.0231,0.0,0.0
165,Canadian,unknown,P,12.79,0.0,0.0,0.9691,0.0,0.0309,0.0,0.0
165,Canadian,unknown,C,0.8558,0.0,0.0,0.5515,0.0,0.2771,0.0,0.1714
165,Canadian,unknown,KL,5.011,0.0,0.0,0.8491,0.0,0.1503,0.0,0.0006
165,Canadian,unknown,KW,2.794,0.0,0.0,0.9689,0.0,0.0311,0.0,0.0
165,Canadian,unknown,AC,6.388,0.0,0.0,0.7558,0.0,0.0,0.2179,0.0263
165,Canadian,unknown,KG,5.049,0.0,0.0,0.596,0.0,0.4034,0.0,0.0006
166,Canadian,unknown,A,12.1,0.0,0.0,0.9083,0.0,0.0916,0.0,0.0001
166,Canadian,unknown,P,13.15,0.0,0.0,0.9353,0.0,0.0647,0.0,0.0
166,Canadian,unknown,C,0.8793,0.0,0.4629,0.0,0.4114,0.0,0.0,0.1257
166,Canadian,unknown,KL,5.105,0.0,0.0,0.84,0.0,0.159,0.0,0.001
166,Canadian,unknown,KW,2.941,0.0,0.0,0.816,0.0,0.1836,0.0,0.0004
166,Canadian,unknown,AC,2.201,0.59,0.0,0.0,0.305,0.0,0.0,0.105
166,Canadian,unknown,KG,5.056,0.0,0.0,0.5992,0.0,0.4001,0.0,0.0007
167,Canadian,unknown,A,12.44,0.0,0.0,0.8158,0.0,0.1839,0.0,0.0003
167,Canadian,unknown,P,13.59,0.0,0.0,0.6894,0.0,0.3103,0.0,0.0003
167,Canadian,unknown,C,0.8462,0.0,0.0,0.7843,0.0,0.1532,0.0,0.0625
167,Canadian,unknown,KL,5.319,0.0,0.0,0.6408,0.0,0.3528,0.0,0.0064
167,Canadian,unknown,KW,2.897,0.0,0.0,0.892,0.0,0.1079,0.0,0.0001
167,Canadian,unknown,AC,4.924,0.0,0.0,0.5349,0.0,0.0,0.3497,0.1154
167,Canadian,unknown,KG,5.27,0.0,0.0,0.5688,0.0,0.42,0.0,0.0112
168,Canadian,unknown,A,12.15,0.0,0.0,0.8989,0.0,0.101,0.0,0.0001
168,Canadian,unknown,P,13.45,0.0,0.0,0.8182,0.0,0.1817,0.0,0.0001
168,Canadian,unknown,C,0.8443,0.0,0.0,0.8201,0.0,0.1312,0.0,0.0487
168,Canadian,unknown,KL,5.417,0.5673,0.0,0.0,0.0,0.4133,0.0,0.0194
168,Canadian,unknown,KW,2.837,0.0,0.0,0.9481,0.0,0.0519,0.0,0.0
168,Canadian,unknown,AC,3.638,0.0,0.3959,0.0,0.3062,0.0,0.0,0.2979
168,Canadian,unknown,KG,5.338,0.0,0.0,0.4994,0.0,0.4705,0.0,0.0301
169,Canadian,unknown,A,11.35,0.0,0.0,0.9715,0.0,0.0285,0.0,0.0
169,Canadian,unknown,P,13.12,0.0,0.0,0.9406,0.0,0.0594,0.0,0.0
169,Canadian,unknown,C,0.8291,0.0,0.0,0.9688,0.0,0.0271,0.0,0.0041
169,Canadian,unknown,KL,5.176,0.0,0.0,0.8089,0.0,0.1895,0.0,0.0016
169,Canadian,unknown,KW,2.668,0.0,0.0,0.992,0.0,0.008,0.0,0.0
169,Canadian,unknown,AC,4.337,0.0,0.0,0.426,0.0,0.0,0.3856,0.1884
169,Canadian,unknown,KG,5.132,0.0,0.0,0.6176,0.0,0.3807,0.0,0.0017
170,Canadian,unknown,A,11.24,0.0,0.0,0.9746,0.0,0.0254,0.0,0.0
170,Canadian,unknown,P,13.0,0.0,0.0,0.9559,0.0,0.0441,0.0,0.0
170,Canadian,unknown,C,0.8359,0.0,0.0,0.9278,0.0,0.0585,0.0,0.0137
170,Canadian,unknown,KL,5.09,0.0,0.0,0.8437,0.0,0.1554,0.0,0.0009
170,Canadian,unknown,KW,2.715,0.0,0.0,0.987,0.0,0.013,0.0,0.0
170,Canadian,unknown,AC,3.521,0.0,0.3937,0.0,0.3285,0.0,0.0,0.2778
170,Canadian,unknown,KG,5.088,0.0,0.0,0.6108,0.0,0.3882,0.0,0.001
171,Canadian,unknown,A,11.02,0.0,0.0,0.9789,0.0,0.0211,0.0,0.0
171,Canadian,unknown,P,13.0,0.0,0.0,0.9559,0.0,0.0441,0.0,0.0
171,Canadian,unknown,C,0.8189,0.0,0.0,0.992,0.0,0.0075,0.0,0.0005
171,Canadian,unknown,KL,5.325,0.0,0.0,0.6295,0.0,0.3637,0.0,0.0068
171,Canadian,unknown,KW,2.701,0.0,0.0,0.9888,0.0,0.0112,0.0,0.0
171,Canadian,unknown,AC,6.735,0.0,0.0,0.794,0.0,0.0,0.1882,0.0178
171,Canadian,unknown,KG,5.163,0.0,0.0,0.6161,0.0,0.3813,0.0,0.0026
172,Canadian,unknown,A,11.55,0.0,0.0,0.9635,0.0,0.0365,0.0,0.0
172,Canadian,unknown,P,13.1,0.0,0.0,0.9438,0.0,0.0562,0.0,0.0
172,Canadian,unknown,C,0.8455,0.0,0.0,0.798,0.0,0.1449,0.0,0.0571
172,Canadian,unknown,KL,5.167,0.0,0.0,0.8143,0.0,0.1842,0.0,0.0015
172,Canadian,unknown,KW,2.845,0.0,0.0,0.9429,0.0,0.0571,0.0,0.0
172,Canadian,unknown,AC,6.715,0.0,0.0,0.792,0.0,0.0,0.1898,0.0182
172,Canadian,unknown,KG,4.956,0.0,0.0,0.5261,0.0,0.4737,0.0,0.0002
173,Canadian,unknown,A,11.27,0.0,0.0,0.9739,0.0,0.0261,0.0,0.0
173,Canadian,unknown,P,12.97,0.0,0.0,0.9587,0.0,0.0413,0.0,0.0
173,Canadian,unknown,C,0.8419,0.0,0.0,0.859,0.0,0.1062,0.0,0.0348
173,Canadian,unknown,KL,5.088,0.0,0.0,0.8441,0.0,0.155,0.0,0.0009
173,Canadian,unknown,KW,2.763,0.0,0.0,0.9781,0.0,0.0219,0.0,0.0
173,Canadian,unknown,AC,4.309,0.0,0.0,0.4208,0.0,0.0,0.3867,0.1925
173,Canadian,unknown,KG,5.0,0.0,0.0,0.5653,0.0,0.4343,0.0,0.0004
174,Canadian,unknown,A,11.4,0.0,0.0,0.9698,0.0,0.0302,0.0,0.0
174,Canadian,unknown,P,13.08,0.0,0.0,0.9466,0.0,0.0534,0.0,0.0
174,Canadian,unknown,C,0.8375,0.0,0.0,0.913,0.0,0.0692,0.0,0.0178
174,Canadian,unknown,KL,5.136,0.0,0.0,0.8294,0.0,0.1694,0.0,0.0012
174,Canadian,unknown,KW,2.763,0.0,0.0,0.9781,0.0,0.0219,0.0,0.0
174,Canadian,unknown,AC,5.588,0.0,0.0,0.6465,0.0,0.0,0.2921,0.0614
174,Canadian,unknown,KG,5.089,0.0,0.0,0.6111,0.0,0.3879,0.0,0.001
175,Canadian,unknown,A,10.83,0.0,0.0,0.9811,0.0,0.0189,0.0,0.0
175,Canadian,unknown,P,12.96,0.0,0.0,0.9595,0.0,0.0405,0.0,0.0
175,Canadian,unknown,C,0.8099,0.0,0.0,0.9978,0.0,0.0021,0.0,0.0001
175,Canadian,unknown,KL,5.278,0.0,0.0,0.708,0.0,0.2879,0.0,0.0041
175,Canadian,unknown,KW,2.641,0.0,0.0,0.9938,0.0,0.0062,0.0,0.0
175,Canadian,unknown,AC,5.182,0.0,0.0,0.5802,0.0,0.0,0.3287,0.0911
175,Canadian,unknown,KG,5.185,0.0,0.0,0.6118,0.0,0.3847,0.0,0.0035
176,Canadian,unknown,A,10.8,0.0,0.0,0.9814,0.0,0.0186,0.0,0.0
176,Canadian,unknown,P,12.57,0.0,0.0,0.9729,0.0,0.0271,0.0,0.0
176,Canadian,unknown,C,0.859,0.0,0.0,0.4673,0.0,0.3143,0.0,0.2184
176,Canadian,unknown,KL,4.981,0.0,0.0,0.8451,0.0,0.1543,0.0,0.0006
176,Canadian,unknown,KW,2.821,0.0,0.0,0.9572,0.0,0.0428,0.0,0.0
176,Canadian,unknown,AC,4.773,0.0,0.0,0.5074,0.0,0.0,0.3608,0.1318
176,Canadian,unknown,KG,5.063,0.0,0.0,0.6022,0.0,0.397,0.0,0.0008
177,Canadian,unknown,A,11.26,0.0,0.0,0.9741,0.0,0.0259,0.0,0.0
177,Canadian,unknown,P,13.01,0.0,0.0,0.955,0.0,0.045,0.0,0.0
177,Canadian,unknown,C,0.8355,0.0,0.0,0.9311,0.0,0.0561,0.0,0.0128
177,Canadian,unknown,KL,5.186,0.0,0.0,0.8024,0.0,0.1959,0.0,0.0017
177,Canadian,unknown,KW,2.71,0.0,0.0,0.9877,0.0,0.0123,0.0,0.0
177,Canadian,unknown,AC,5.335,0.0,0.0,0.606,0.0,0.0,0.3153,0.0787
177,Canadian,unknown,KG,5.092,0.0,0.0,0.6118,0.0,0.3871,0.0,0.0011
178,Canadian,unknown,A,10.74,0.0,0.0,0.9818,0.0,0.0182,0.0,0.0
178,Canadian,unknown,P,12.73,0.0,0.0,0.9709,0.0,0.0291,0.0,0.0
178,Canadian,unknown,C,0.8329,0.0,0.0,0.9497,0.0,0.0421,0.0,0.0082
178,Canadian,unknown,KL,5.145,0.0,0.0,0.8256,0.0,0.1732,0.0,0.0012
178,Canadian,unknown,KW,2.642,0.0,0.0,0.9937,0.0,0.0063,0.0,0.0
178,Canadian,unknown,AC,4.702,0.0,0.0,0.4943,0.0,0.0,0.3656,0.1401
178,Canadian,unknown,KG,4.963,0.0,0.0,0.533,0.0,0.4667,0.0,0.0003
179,Canadian,unknown,A,11.48,0.0,0.0,0.9667,0.0,0.0333,0.0,0.0
179,Canadian,unknown,P,13.05,0.0,0.0,0.9505,0.0,0.0495,0.0,0.0
179,Canadian,unknown,C,0.8473,0.0,0.0,0.7617,0.0,0.1666,0.0,0.0717
179,Canadian,unknown,KL,5.18,0.0,0.0,0.8064,0.0,0.192,0.0,0.0016
179,Canadian,unknown,KW,2.758,0.0,0.0,0.9793,0.0,0.0207,0.0,0.0
179,Canadian,unknown,AC,5.876,0.0,0.0,0.6893,0.0,0.0,0.265,0.0457
179,Canadian,unknown,KG,5.002,0.0,0.0,0.5668,0.0,0.4328,0.0,0.0004
180,Canadian,unknown,A,12.21,0.0,0.0,0.886,0.0,0.1139,0.0,0.0001
180,Canadian,unknown,P,13.47,0.0,0.0,0.8037,0.0,0.1962,0.0,0.0001
180,Canadian,unknown,C,0.8453,0.0,0.0,0.8019,0.0,0.1425,0.0,0.0556
180,Canadian,unknown,KL,5.357,0.0,0.0,0.5626,0.0,0.4276,0.0,0.0098
180,Canadian,unknown,KW,2.893,0.0,0.0,0.8972,0.0,0.1027,0.0,0.0001
180,Canadian,unknown,AC,1.661,0.6826,0.0,0.0,0.2524,0.0,0.0,0.065
180,Canadian,unknown,KG,5.178,0.0,0.0,0.6135,0.0,0.3833,0.0,0.0032
181,Canadian,unknown,A,11.41,0.0,0.0,0.9695,0.0,0.0305,0.0,0.0
181,Canadian,unknown,P,12.95,0.0,0.0,0.9603,0.0,0.0397,0.0,0.0
181,Canadian,unknown,C,0.856,0.0,0.0,0.5462,0.0,0.2796,0.0,0.1742
181,Canadian,unknown,KL,5.09,0.0,0.0,0.8437,0.0,0.1554,0.0,0.0009
181,Canadian,unknown,KW,2.775,0.0,0.0,0.975,0.0,0.025,0.0,0.0
181,Canadian,unknown,AC,4.957,0.0,0.0,0.5407,0.0,0.0,0.3472,0.1121
181,Canadian,unknown,KG,4.825,0.6503,0.0,0.0,0.0,0.3496,0.0,0.0001
182,Canadian,unknown,A,12.46,0.0,0.0,0.8079,0.0,0.1918,0.0,0.0003
182,Canadian,unknown,P,13.41,0.0,0.0,0.8439,0.0,0.156,0.0,0.0001
182,Canadian,unknown,C,0.8706,0.3945,0.0,0.0,0.3812,0.0,0.0,0.2243
182,Canadian,unknown,KL,5.236,0.0,0.0,0.7596,0.0,0.2377,0.0,0.0027
182,Canadian,unknown,KW,3.017,0.0,0.0,0.5837,0.0,0.4144,0.0,0.0019
182,Canadian,unknown,AC,4.987,0.0,0.0,0.5461,0.0,0.0,0.3448,0.1091
182,Canadian,unknown,KG,5.147,0.0,0.0,0.6175,0.0,0.3804,0.0,0.0021
183,Canadian,unknown,A,12.19,0.0,0.0,0.8905,0.0,0.1094,0.0,0.0001
183,Canadian,unknown,P,13.36,0.0,0.0,0.8704,0.0,0.1295,0.0,0.0001
183,Canadian,unknown,C,0.8579,0.0,0.0,0.4958,0.0,0.3022,0.0,0.202
183,Canadian,unknown,KL,5.24,0.0,0.0,0.7554,0.0,0.2418,0.0,0.0028
183,Canadian,unknown,KW,2.909,0.0,0.0,0.8749,0.0,0.1249,0.0,0.0002
183,Canadian,unknown,AC,4.857,0.0,0.0,0.5227,0.0,0.0,0.3548,0.1225
183,Canadian,unknown,KG,5.158,0.0,0.0,0.6167,0.0,0.3809,0.0,0.0024
184,Canadian,unknown,A,11.65,0.0,0.0,0.9579,0.0,0.0421,0.0,0.0
184,Canadian,unknown,P,13.07,0.0,0.0,0.948,0.0,0.052,0.0,0.0
184,Canadian,unknown,C,0.8575,0.0,0.0,0.5064,0.0,0.2976,0.0,0.196
184,Canadian,unknown,KL,5.108,0.0,0.0,0.8392,0.0,0.1598,0.0,0.001
184,Canadian,unknown,KW,2.85,0.0,0.0,0.9393,0.0,0.0607,0.0,0.0
184,Canadian,unknown,AC,5.209,0.0,0.0,0.5848,0.0,0.0,0.3264,0.0888
184,Canadian,unknown,KG,5.135,0.0,0.0,0.6177,0.0,0.3805,0.0,0.0018
185,Canadian,unknown,A,12.89,0.0,0.0,0.5469,0.0,0.4519,0.0,0.0012
185,Canadian,unknown,P,13.77,0.5647,0.0,0.0,0.0,0.4341,0.0,0.0012
185,Canadian,unknown,C,0.8541,0.0,0.0,0.5966,0.0,0.2555,0.0,0.1479
185,Canadian,unknown,KL,5.495,0.7403,0.0,0.0,0.0,0.2154,0.0,0.0443
185,Canadian,unknown,KW,3.026,0.0,0.0,0.5485,0.0,0.4492,0.0,0.0023
185,Canadian,unknown,AC,6.185,0.0,0.0,0.7309,0.0,0.0,0.2362,0.0329
185,Canadian,unknown,KG,5.316,0.0,0.0,0.5256,0.0,0.4526,0.0,0.0218
186,Canadian,unknown,A,11.56,0.0,0.0,0.963,0.0,0.037,0.0,0.0
186,Canadian,unknown,P,13.31,0.0,0.0,0.8917,0.0,0.1083,0.0,0.0
186,Canadian,unknown,C,0.8198,0.0,0.0,0.9909,0.0,0.0084,0.0,0.0007
186,Canadian,unknown,KL,5.363,0.0,0.0,0.5489,0.0,0.4406,0.0,0.0105
186,Canadian,unknown,KW,2.683,0.0,0.0,0.9907,0.0,0.0093,0.0,0.0
186,Canadian,unknown,AC,4.062,0.0,0.3944,0.0,0.0,0.0,0.3745,0.2311
186,Canadian,unknown,KG,5.182,0.0,0.0,0.6126,0.0,0.3841,0.0,0.0033
187,Canadian,unknown,A,11.81,0.0,0.0,0.9458,0.0,0.0542,0.0,0.0
187,Canadian,unknown,P,13.45,0.0,0.0,0.8182,0.0,0.1817,0.0,0.0001
187,Canadian,unknown,C,0.8198,0.0,0.0,0.9909,0.0,0.0084,0.0,0.0007
187,Canadian,unknown,KL,5.413,0.5577,0.0,0.0,0.0,0.4238,0.0,0.0185
187,Canadian,unknown,KW,2.716,0.0,0.0,0.9869,0.0,0.0131,0.0,0.0
187,Canadian,unknown,AC,4.898,0.0,0.0,0.5302,0.0,0.0,0.3517,0.1181
187,Canadian,unknown,KG,5.352,0.4823,0.0,0.0,0.0,0.4807,0.0,0.037
188,Canadian,unknown,A,10.91,0.0,0.0,0.9803,0.0,0.0197,0.0,0.0
188,Canadian,unknown,P,12.8,0.0,0.0,0.9687,0.0,0.0313,0.0,0.0
188,Canadian,unknown,C,0.8372,0.0,0.0,0.916,0.0,0.0671,0.0,0.0169
188,Canadian,unknown,KL,5.088,0.0,0.0,0.8441,0.0,0.155,0.0,0.0009
188,Canadian,unknown,KW,2.675,0.0,0.0,0.9914,0.0,0.0086,0.0,0.0
188,Canadian,unknown,AC,4.179,0.0,0.0,0.3963,0.0,0.0,0.3914,0.2123
188,Canadian,unknown,KG,4.956,0.0,0.0,0.5261,0.0,0.4737,0.0,0.0002
189,Canadian,unknown,A,11.23,0.0,0.0,0.9749,0.0,0.0251,0.0,0.0
189,Canadian,unknown,P,12.82,0.0,0.0,0.9679,0.0,0.0321,0.0,0.0
189,Canadian,unknown,C,0.8594,0.0,0.0,0.4569,0.0,0.3186,0.0,0.2245
189,Canadian,unknown,KL,5.089,0.0,0.0,0.8439,0.0,0.1552,0.0,0.0009
189,Canadian,unknown,KW,2.821,0.0,0.0,0.9572,0.0,0.0428,0.0,0.0
189,Canadian,unknown,AC,7.524,0.0,0.0,0.8624,0.0,0.0,0.1306,0.007
189,Canadian,unknown,KG,4.957,0.0,0.0,0.5271,0.0,0.4727,0.0,0.0002
190,Canadian,unknown,A,10.59,0.0,0.0,0.9824,0.0,0.0176,0.0,0.0
190,Canadian,unknown,P,12.41,0.0,0.0,0.9713,0.0,0.0287,0.0,0.0
190,Canadian,unknown,C,0.8648,0.3654,0.0,0.0,0.0,0.3296,0.0,0.305
190,Canadian,unknown,KL,4.899,0.0,0.0,0.8156,0.0,0.1838,0.0,0.0006
190,Canadian,unknown,KW,2.787,0.0,0.0,0.9713,0.0,0.0287,0.0,0.0
190,Canadian,unknown,AC,4.975,0.0,0.0,0.544,0.0,0.0,0.3458,0.1102
190,Canadian,unknown,KG,4.794,0.7001,0.0,0.0,0.0,0.2999,0.0,0.0
191,Canadian,unknown,A,10.93,0.0,0.0,0.9801,0.0,0.0199,0.0,0.0
191,Canadian,unknown,P,12.8,0.0,0.0,0.9687,0.0,0.0313,0.0,0.0
191,Canadian,unknown,C,0.839,0.0,0.0,0.897,0.0,0.0805,0.0,0.0225
191,Canadian,unknown,KL,5.046,0.0,0.0,0.8495,0.0,0.1498,0.0,0.0007
191,Canadian,unknown,KW,2.717,0.0,0.0,0.9868,0.0,0.0132,0.0,0.0
191,Canadian,unknown,AC,5.398,0.0,0.0,0.6163,0.0,0.0,0.3096,0.0741
191,Canadian,unknown,KG,5.045,0.0,0.0,0.594,0.0,0.4054,0.0,0.0006
192,Canadian,unknown,A,11.27,0.0,0.0,0.9739,0.0,0.0261,0.0,0.0
192,Canadian,unknown,P,12.86,0.0,0.0,0.9661,0.0,0.0339,0.0,0.0
192,Canadian,unknown,C,0.8563,0.0,0.0,0.5382,0.0,0.2833,0.0,0.1785
192,Canadian,unknown,KL,5.091,0.0,0.0,0.8435,0.0,0.1556,0.0,0.0009
192,Canadian,unknown,KW,2.804,0.0,0.0,0.965,0.0,0.035,0.0,0.0
192,Canadian,unknown,AC,3.985,0.0,0.3958,0.0,0.0,0.0,0.3602,0.244
192,Canadian,unknown,KG,5.001,0.0,0.0,0.5661,0.0,0.4335,0.0,0.0004
193,Canadian,unknown,A,11.87,0.0,0.0,0.94,0.0,0.06,0.0,0.0
193,Canadian,unknown,P,13.02,0.0,0.0,0.9539,0.0,0.0461,0.0,0.0
193,Canadian,unknown,C,0.8795,0.0,0.4643,0.0,0.4116,0.0,0.0,0.1241
193,Canadian,unknown,KL,5.132,0.0,0.0,0.8311,0.0,0.1678,0.0,0.0011
193,Canadian,unknown,KW,2.953,0.0,0.0,0.7882,0.0,0.2113,0.0,0.0005
193,Canadian,unknown,AC,3.597,0.0,0.3952,0.0,0.314,0.0,0.0,0.2908
193,Canadian,unknown,KG,5.132,0.0,0.0,0.6176,0.0,0.3807,0.0,0.0017
194,Canadian,unknown,A,10.82,0.0,0.0,0.9812,0.0,0.0188,0.0,0.0
194,Canadian,unknown,P,12.83,0.0,0.0,0.9675,0.0,0.0325,0.0,0.0
194,Canadian,unknown,C,0.8256,0.0,0.0,0.9802,0.0,0.0177,0.0,0.0021
194,Canadian,unknown,KL,5.18,0.0,0.0,0.8064,0.0,0.192,0.0,0.0016
194,Canadian,unknown,KW,2.63,0.0,0.0,0.9944,0.0,0.0056,0.0,0.0
194,Canadian,unknown,AC,4.853,0.0,0.0,0.522,0.0,0.0,0.3551,0.1229
194,Canadian,unknown,KG,5.089,0.0,0.0,0.6111,0.0,0.3879,0.0,0.001
195,Canadian,unknown,A,12.11,0.0,0.0,0.9065,0.0,0.0934,0.0,0.0001
195,Canadian,unknown,P,13.27,0.0,0.0,0.9057,0.0,0.0943,0.0,0.0
195,Canadian,unknown,C,0.8639,0.359,0.0,0.0,0.0,0.3491,0.0,0.2919
195,Canadian,unknown,KL,5.236,0.0,0.0,0.7596,0.0,0.2377,0.0,0.0027
195,Canadian,unknown,KW,2.975,0.0,0.0,0.7284,0.0,0.2708,0.0,0.0008
195,Canadian,unknown,AC,4.132,0.0,0.3927,0.0,0.0,0.0,0.3876,0.2197
195,Canadian,unknown,KG,5.012,0.0,0.0,0.5741,0.0,0.4255,0.0,0.0004
196,Canadian,unknown,A,12.8,0.0,0.0,0.6153,0.0,0.3838,0.0,0.0009
196,Canadian,unknown,P,13.47,0.0,0.0,0.8037,0.0,0.1962,0.0,0.0001
196,Canadian,unknown,C,0.886,0.0,0.4991,0.0,0.4171,0.0,0.0,0.0838
196,Canadian,unknown,KL,5.16,0.0,0.0,0.8181,0.0,0.1805,0.0,0.0014
196,Canadian,unknown,KW,3.126,0.8032,0.0,0.0,0.0,0.1835,0.0,0.0133
196,Canadian,unknown,AC,4.873,0.0,0.0,0.5256,0.0,0.0,0.3536,0.1208
196,Canadian,unknown,KG,4.914,0.5215,0.0,0.0,0.0,0.4783,0.0,0.0002
197,Canadian,unknown,A,12.79,0.0,0.0,0.6225,0.0,0.3766,0.0,0.0009
197,Canadian,unknown,P,13.53,0.0,0.0,0.7527,0.0,0.2471,0.0,0.0002
197,Canadian,unknown,C,0.8786,0.0,0.4578,0.0,0.4107,0.0,0.0,0.1315
197,Canadian,unknown,KL,5.224,0.0,0.0,0.7716,0.0,0.226,0.0,0.0024
197,Canadian,unknown,KW,3.054,0.5605,0.0,0.0,0.0,0.4355,0.0,0.004
197,Canadian,unknown,AC,5.483,0.0,0.0,0.6301,0.0,0.0,0.3018,0.0681
197,Canadian,unknown,KG,4.958,0.0,0.0,0.5281,0.0,0.4717,0.0,0.0002
198,Canadian,unknown,A,13.37,0.8126,0.0,0.0,0.0,0.1833,0.0,0.0041
198,Canadian,unknown,P,13.78,0.5802,0.0,0.0,0.0,0.4185,0.0,0.0013
198,Canadian,unknown,C,0.8849,0.0,0.4946,0.0,0.4162,0.0,0.0,0.0892
198,Canadian,unknown,KL,5.32,0.0,0.0,0.6389,0.0,0.3546,0.0,0.0065
198,Canadian,unknown,KW,3.128,0.8081,0.0,0.0,0.0,0.1782,0.0,0.0137
198,Canadian,unknown,AC,4.67,0.0,0.0,0.4884,0.0,0.0,0.3677,0.1439
198,Canadian,unknown,KG,5.091,0.0,0.0,0.6115,0.0,0.3874,0.0,0.0011
199,Canadian,unknown,A,12.62,0.0,0.0,0.7312,0.0,0.2683,0.0,0.0005
199,Canadian,unknown,P,13.67,0.0,0.0,0.5857,0.0,0.4137,0.0,0.0006
199,Canadian,unknown,C,0.8481,0.0,0.0,0.7444,0.0,0.1767,0.0,0.0789
199,Canadian,unknown,KL,5.41,0.5504,0.0,0.0,0.0,0.4317,0.0,0.0179
199,Canadian,unknown,KW,2.911,0.0,0.0,0.8718,0.0,0.128,0.0,0.0002
199,Canadian,unknown,AC,3.306,0.0,0.3866,0.0,0.3708,0.0,0.0,0.2426
199,Canadian,unknown,KG,5.231,0.0,0.0,0.594,0.0,0.3995,0.0,0.0065
200,Canadian,unknown,A,12.76,0.0,0.0,0.6437,0.0,0.3555,0.0,0.0008
200,Canadian,unknown,P,13.38,0.0,0.0,0.8604,0.0,0.1395,0.0,0.0001
200,Canadian,unknown,C,0.8964,0.0,0.5173,0.0,0.4326,0.0,0.0,0.0501
200,Canadian,unknown,KL,5.073,0.0,0.0,0.8468,0.0,0.1524,0.0,0.0008
200,Canadian,unknown,KW,3.155,0.8624,0.0,0.0,0.0,0.1174,0.0,0.0202
200,Canadian,unknown,AC,2.828,0.4675,0.0,0.0,0.3589,0.0,0.0,0.1736
200,Canadian,unknown,KG,4.83,0.6424,0.0,0.0,0.0,0.3575,0.0,0.0001
201,Canadian,unknown,A,12.38,0.0,0.0,0.8378,0.0,0.162,0.0,0.0002
201,Canadian,unknown,P,13.44,0.0,0.0,0.8251,0.0,0.1748,0.0,0.0001
201,Canadian,unknown,C,0.8609,0.0,0.0,0.4193,0.0,0.3336,0.0,0.2471
201,Canadian,unknown,KL,5.219,0.0,0.0,0.7762,0.0,0.2215,0.0,0.0023
201,Canadian,unknown,KW,2.989,0.0,0.0,0.6843,0.0,0.3146,0.0,0.0011
201,Canadian,unknown,AC,5.472,0.0,0.0,0.6283,0.0,0.0,0.3028,0.0689
201,Canadian,unknown,KG,5.045,0.0,0.0,0.594,0.0,0.4054,0.0,0.0006
202,Canadian,unknown,A,12.67,0.0,0.0,0.7021,0.0,0.2973,0.0,0.0006
202,Canadian,unknown,P,13.32,0.0,0.0,0.8878,0.0,0.1121,0.0,0.0001
202,Canadian,unknown,C,0.8977,0.0,0.5168,0.0,0.4357,0.0,0.0,0.0475
202,Canadian,unknown,KL,4.984,0.0,0.0,0.8457,0.0,0.1537,0.0,0.0006
202,Canadian,unknown,KW,3.135,0.8242,0.0,0.0,0.0,0.1606,0.0,0.0152
202,Canadian,unknown,AC,2.3,0.5715,0.0,0.0,0.3143,0.0,0.0,0.1142
202,Canadian,unknown,KG,4.745,0.7773,0.0,0.0,0.0,0.2227,0.0,0.0
203,Canadian,unknown,A,11.18,0.0,0.0,0.976,0.0,0.024,0.0,0.0
203,Canadian,unknown,P,12.72,0.0,0.0,0.9712,0.0,0.0288,0.0,0.0
203,Canadian,unknown,C,0.868,0.3839,0.0,0.0,0.3489,0.0,0.0,0.2672
203,Canadian,unknown,KL,5.009,0.0,0.0,0.8489,0.0,0.1505,0.0,0.0006
203,Canadian,unknown,KW,2.81,0.0,0.0,0.9624,0.0,0.0376,0.0,0.0
203,Canadian,unknown,AC,4.051,0.0,0.3946,0.0,0.0,0.0,0.3725,0.2329
203,Canadian,unknown,KG,4.828,0.6455,0.0,0.0,0.0,0.3544,0.0,0.0001
204,Canadian,unknown,A,12.7,0.0,0.0,0.6836,0.0,0.3158,0.0,0.0006
204,Canadian,unknown,P,13.41,0.0,0.0,0.8439,0.0,0.156,0.0,0.0001
204,Canadian,unknown,C,0.8874,0.0,0.5041,0.0,0.4184,0.0,0.0,0.0775
204,Canadian,unknown,KL,5.183,0.0,0.0,0.8044,0.0,0.1939,0.0,0.0017
204,Canadian,unknown,KW,3.091,0.6994,0.0,0.0,0.0,0.2929,0.0,0.0077
204,Canadian,unknown,AC,8.456,0.0,0.0,0.9165,0.0,0.0,0.0813,0.0022
204,Canadian,unknown,KG,5.0,0.0,0.0,0.5653,0.0,0.4343,0.0,0.0004
205,Canadian,unknown,A,12.37,0.0,0.0,0.8412,0.0,0.1586,0.0,0.0002
205,Canadian,unknown,P,13.47,0.0,0.0,0.8037,0.0,0.1962,0.0,0.0001
205,Canadian,unknown,C,0.8567,0.0,0.0,0.5276,0.0,0.2881,0.0,0.1843
205,Canadian,unknown,KL,5.204,0.0,0.0,0.789,0.0,0.209,0.0,0.002
205,Canadian,unknown,KW,2.96,0.0,0.0,0.7704,0.0,0.229,0.0,0.0006
205,Canadian,unknown,AC,3.919,0.0,0.3966,0.0,0.0,0.0,0.3481,0.2553
205,Canadian,unknown,KG,5.001,0.0,0.0,0.5661,0.0,0.4335,0.0,0.0004
206,Canadian,unknown,A,12.19,0.0,0.0,0.8905,0.0,0.1094,0.0,0.0001
206,Canadian,unknown,P,13.2,0.0,0.0,0.9249,0.0,0.0751,0.0,0.0
206,Canadian,unknown,C,0.8783,0.0,0.4556,0.0,0.4103,0.0,0.0,0.1341
206,Canadian,unknown,KL,5.137,0.0,0.0,0.829,0.0,0.1698,0.0,0.0012
206,Canadian,unknown,KW,2.981,0.0,0.0,0.7101,0.0,0.289,0.0,0.0009
206,Canadian,unknown,AC,3.631,0.0,0.3958,0.0,0.3075,0.0,0.0,0.2967
206,Canadian,unknown,KG,4.87,0.5814,0.0,0.0,0.0,0.4185,0.0,0.0001
207,Canadian,unknown,A,11.23,0.0,0.0,0.9749,0.0,0.0251,0.0,0.0
207,Canadian,unknown,P,12.88,0.0,0.0,0.965,0.0,0.035,0.0,0.0
207,Canadian,unknown,C,0.8511,0.0,0.0,0.6738,0.0,0.2159,0.0,0.1103
207,Canadian,unknown,KL,5.14,0.0,0.0,0.8278,0.0,0.171,0.0,0.0012
207,Canadian,unknown,KW,2.795,0.0,0.0,0.9685,0.0,0.0315,0.0,0.0
207,Canadian,unknown,AC,4.325,0.0,0.0,0.4238,0.0,0.0,0.3861,0.1901
207,Canadian,unknown,KG,5.003,0.0,0.0,0.5676,0.0,0.432,0.0,0.0004
208,Canadian,unknown,A,13.2,0.7006,0.0,0.0,0.0,0.2966,0.0,0.0028
208,Canadian,unknown,P,13.66,0.0,0.0,0.5997,0.0,0.3997,0.0,0.0006
208,Canadian,unknown,C,0.8883,0.0,0.5068,0.0,0.4194,0.0,0.0,0.0738
208,Canadian,unknown,KL,5.236,0.0,0.0,0.7596,0.0,0.2377,0.0,0.0027
208,Canadian,unknown,KW,3.232,0.9163,0.0,0.0,0.0543,0.0,0.0,0.0294
208,Canadian,unknown,AC,8.315,0.0,0.0,0.9097,0.0,0.0,0.0876,0.0027
208,Canadian,unknown,KG,5.056,0.0,0.0,0.5992,0.0,0.4001,0.0,0.0007
209,Canadian,unknown,A,11.84,0.0,0.0,0.943,0.0,0.057,0.0,0.0
209,Canadian,unknown,P,13.21,0.0,0.0,0.9225,0.0,0.0775,0.0,0.0
209,Canadian,unknown,C,0.8521,0.0,0.0,0.6486,0.0,0.2292,0.0,0.1222
209,Canadian,unknown,KL,5.175,0.0,0.0,0.8095,0.0,0.1889,0.0,0.0016
209,Canadian,unknown,KW,2.836,0.0,0.0,0.9488,0.0,0.0512,0.0,0.0
209,Canadian,unknown,AC,3.598,0.0,0.3953,0.0,0.3138,0.0,0.0,0.2909
209,Canadian,unknown,KG,5.044,0.0,0.0,0.5935,0.0,0.4059,0.0,0.0006
210,Canadian,unknown,A,12.3,0.0,0.0,0.8627,0.0,0.1371,0.0,0.0002
210,Canadian,unknown,P,13.34,0.0,0.0,0.8794,0.0,0.1205,0.0,0.0001
210,Canadian,unknown,C,0.8684,0.3858,0.0,0.0,0.3541,0.0,0.0,0.2601
210,Canadian,unknown,KL,5.243,0.0,0.0,0.7521,0.0,0.245,0.0,0.0029
210,Canadian,unknown,KW,2.974,0.0,0.0,0.7314,0.0,0.2678,0.0,0.0008
210,Canadian,unknown,AC,5.637,0.0,0.0,0.6541,0.0,0.0,0.2875,0.0584
210,Canadian,unknown,KG,5.063,0.0,0.0,0.6022,0.0,0.397,0.0,0.0008
